-- phpMyAdmin SQL Dump
-- version 4.5.1
-- http://www.phpmyadmin.net
--
-- Host: 127.0.0.1
-- Gegenereerd op: 27 feb 2017 om 15:41
-- Serverversie: 10.1.19-MariaDB
-- PHP-versie: 5.6.24

SET SQL_MODE = "NO_AUTO_VALUE_ON_ZERO";
SET time_zone = "+00:00";


/*!40101 SET @OLD_CHARACTER_SET_CLIENT=@@CHARACTER_SET_CLIENT */;
/*!40101 SET @OLD_CHARACTER_SET_RESULTS=@@CHARACTER_SET_RESULTS */;
/*!40101 SET @OLD_COLLATION_CONNECTION=@@COLLATION_CONNECTION */;
/*!40101 SET NAMES utf8mb4 */;

--
-- Database: `aartsenfruit_kids_foundation`
--

-- --------------------------------------------------------

--
-- Tabelstructuur voor tabel `AreaLayoutColumns`
--

CREATE TABLE `AreaLayoutColumns` (
  `arLayoutColumnID` int(10) UNSIGNED NOT NULL,
  `arLayoutID` int(10) UNSIGNED NOT NULL DEFAULT '0',
  `arLayoutColumnIndex` int(10) UNSIGNED NOT NULL DEFAULT '0',
  `arID` int(10) UNSIGNED NOT NULL DEFAULT '0',
  `arLayoutColumnDisplayID` int(11) DEFAULT '0'
) ENGINE=InnoDB DEFAULT CHARSET=utf8 COLLATE=utf8_unicode_ci;

--
-- Gegevens worden geëxporteerd voor tabel `AreaLayoutColumns`
--

INSERT INTO `AreaLayoutColumns` (`arLayoutColumnID`, `arLayoutID`, `arLayoutColumnIndex`, `arID`, `arLayoutColumnDisplayID`) VALUES
(1, 1, 0, 27, 1),
(2, 1, 1, 28, 2),
(3, 2, 0, 31, 3),
(4, 2, 1, 32, 4),
(5, 2, 2, 33, 5),
(6, 3, 0, 34, 6),
(7, 3, 1, 35, 7),
(8, 4, 0, 36, 8),
(9, 4, 1, 37, 9),
(10, 4, 2, 38, 10),
(11, 5, 0, 41, 11),
(12, 5, 1, 42, 12),
(13, 5, 2, 43, 13),
(14, 5, 3, 44, 14),
(15, 6, 0, 45, 15),
(16, 6, 1, 46, 16),
(17, 7, 0, 48, 17),
(18, 7, 1, 49, 18),
(19, 8, 0, 76, 19),
(20, 8, 1, 77, 20),
(21, 9, 0, 78, 21),
(22, 9, 1, 79, 22),
(23, 9, 2, 80, 23),
(24, 10, 0, 81, 24),
(25, 10, 1, 82, 25),
(26, 11, 0, 97, 26),
(27, 11, 1, 98, 27),
(28, 12, 0, 99, 28),
(29, 12, 1, 100, 29),
(30, 12, 2, 101, 30),
(31, 13, 0, 104, 31),
(32, 13, 1, 105, 32),
(33, 14, 0, 106, 33),
(34, 14, 1, 107, 34),
(35, 15, 0, 108, 35),
(36, 15, 1, 109, 36),
(37, 16, 0, 111, 37),
(38, 16, 1, 112, 38),
(39, 16, 2, 113, 39),
(40, 17, 0, 114, 40),
(41, 17, 1, 115, 41);

-- --------------------------------------------------------

--
-- Tabelstructuur voor tabel `AreaLayoutCustomColumns`
--

CREATE TABLE `AreaLayoutCustomColumns` (
  `arLayoutColumnID` int(10) UNSIGNED NOT NULL,
  `arLayoutColumnWidth` varchar(64) COLLATE utf8_unicode_ci NOT NULL
) ENGINE=InnoDB DEFAULT CHARSET=utf8 COLLATE=utf8_unicode_ci;

-- --------------------------------------------------------

--
-- Tabelstructuur voor tabel `AreaLayoutPresets`
--

CREATE TABLE `AreaLayoutPresets` (
  `arLayoutPresetID` int(10) UNSIGNED NOT NULL,
  `arLayoutID` int(10) UNSIGNED NOT NULL DEFAULT '0',
  `arLayoutPresetName` varchar(255) COLLATE utf8_unicode_ci DEFAULT NULL
) ENGINE=InnoDB DEFAULT CHARSET=utf8 COLLATE=utf8_unicode_ci;

-- --------------------------------------------------------

--
-- Tabelstructuur voor tabel `AreaLayouts`
--

CREATE TABLE `AreaLayouts` (
  `arLayoutID` int(10) UNSIGNED NOT NULL,
  `arLayoutSpacing` int(10) UNSIGNED NOT NULL DEFAULT '0',
  `arLayoutIsCustom` tinyint(1) NOT NULL DEFAULT '0',
  `arLayoutIsPreset` tinyint(1) NOT NULL DEFAULT '0',
  `arLayoutMaxColumns` int(10) UNSIGNED NOT NULL DEFAULT '0',
  `arLayoutUsesThemeGridFramework` tinyint(1) NOT NULL DEFAULT '0'
) ENGINE=InnoDB DEFAULT CHARSET=utf8 COLLATE=utf8_unicode_ci;

--
-- Gegevens worden geëxporteerd voor tabel `AreaLayouts`
--

INSERT INTO `AreaLayouts` (`arLayoutID`, `arLayoutSpacing`, `arLayoutIsCustom`, `arLayoutIsPreset`, `arLayoutMaxColumns`, `arLayoutUsesThemeGridFramework`) VALUES
(1, 0, 0, 0, 12, 1),
(2, 0, 0, 0, 12, 1),
(3, 0, 0, 0, 12, 1),
(4, 0, 0, 0, 12, 1),
(5, 0, 0, 0, 12, 1),
(6, 0, 0, 0, 12, 1),
(7, 0, 0, 0, 12, 1),
(8, 0, 0, 0, 12, 1),
(9, 0, 0, 0, 12, 1),
(10, 0, 0, 0, 12, 1),
(11, 0, 0, 0, 12, 1),
(12, 0, 0, 0, 12, 1),
(13, 0, 0, 0, 12, 1),
(14, 0, 0, 0, 12, 1),
(15, 0, 0, 0, 12, 1),
(16, 0, 0, 0, 12, 1),
(17, 0, 0, 0, 12, 1);

-- --------------------------------------------------------

--
-- Tabelstructuur voor tabel `AreaLayoutsUsingPresets`
--

CREATE TABLE `AreaLayoutsUsingPresets` (
  `arLayoutID` int(10) UNSIGNED NOT NULL,
  `preset` varchar(255) COLLATE utf8_unicode_ci NOT NULL DEFAULT ''
) ENGINE=InnoDB DEFAULT CHARSET=utf8 COLLATE=utf8_unicode_ci;

-- --------------------------------------------------------

--
-- Tabelstructuur voor tabel `AreaLayoutThemeGridColumns`
--

CREATE TABLE `AreaLayoutThemeGridColumns` (
  `arLayoutColumnID` int(10) UNSIGNED NOT NULL,
  `arLayoutColumnSpan` int(10) UNSIGNED DEFAULT '0',
  `arLayoutColumnOffset` int(10) UNSIGNED DEFAULT '0'
) ENGINE=InnoDB DEFAULT CHARSET=utf8 COLLATE=utf8_unicode_ci;

--
-- Gegevens worden geëxporteerd voor tabel `AreaLayoutThemeGridColumns`
--

INSERT INTO `AreaLayoutThemeGridColumns` (`arLayoutColumnID`, `arLayoutColumnSpan`, `arLayoutColumnOffset`) VALUES
(1, 8, 0),
(2, 3, 1),
(3, 4, 0),
(4, 4, 0),
(5, 4, 0),
(6, 6, 0),
(7, 6, 0),
(8, 2, 0),
(9, 3, 0),
(10, 6, 1),
(11, 3, 0),
(12, 3, 0),
(13, 3, 0),
(14, 3, 0),
(15, 6, 0),
(16, 6, 0),
(17, 5, 0),
(18, 5, 2),
(19, 6, 0),
(20, 6, 0),
(21, 4, 0),
(22, 4, 0),
(23, 4, 0),
(24, 4, 0),
(25, 7, 1),
(26, 7, 0),
(27, 4, 1),
(28, 2, 0),
(29, 4, 0),
(30, 6, 0),
(31, 7, 0),
(32, 5, 0),
(33, 4, 0),
(34, 7, 1),
(35, 4, 0),
(36, 7, 1),
(37, 4, 0),
(38, 4, 0),
(39, 4, 0),
(40, 4, 0),
(41, 8, 0);

-- --------------------------------------------------------

--
-- Tabelstructuur voor tabel `AreaPermissionAssignments`
--

CREATE TABLE `AreaPermissionAssignments` (
  `cID` int(10) UNSIGNED NOT NULL DEFAULT '0',
  `arHandle` varchar(255) COLLATE utf8_unicode_ci NOT NULL,
  `pkID` int(10) UNSIGNED NOT NULL DEFAULT '0',
  `paID` int(10) UNSIGNED NOT NULL DEFAULT '0'
) ENGINE=InnoDB DEFAULT CHARSET=utf8 COLLATE=utf8_unicode_ci;

-- --------------------------------------------------------

--
-- Tabelstructuur voor tabel `AreaPermissionBlockTypeAccessList`
--

CREATE TABLE `AreaPermissionBlockTypeAccessList` (
  `paID` int(10) UNSIGNED NOT NULL DEFAULT '0',
  `peID` int(10) UNSIGNED NOT NULL DEFAULT '0',
  `permission` varchar(1) COLLATE utf8_unicode_ci NOT NULL DEFAULT '1'
) ENGINE=InnoDB DEFAULT CHARSET=utf8 COLLATE=utf8_unicode_ci;

-- --------------------------------------------------------

--
-- Tabelstructuur voor tabel `AreaPermissionBlockTypeAccessListCustom`
--

CREATE TABLE `AreaPermissionBlockTypeAccessListCustom` (
  `paID` int(10) UNSIGNED NOT NULL DEFAULT '0',
  `peID` int(10) UNSIGNED NOT NULL DEFAULT '0',
  `btID` int(10) UNSIGNED NOT NULL DEFAULT '0'
) ENGINE=InnoDB DEFAULT CHARSET=utf8 COLLATE=utf8_unicode_ci;

-- --------------------------------------------------------

--
-- Tabelstructuur voor tabel `Areas`
--

CREATE TABLE `Areas` (
  `arID` int(10) UNSIGNED NOT NULL,
  `cID` int(10) UNSIGNED NOT NULL DEFAULT '0',
  `arHandle` varchar(255) COLLATE utf8_unicode_ci NOT NULL,
  `arOverrideCollectionPermissions` tinyint(1) NOT NULL DEFAULT '0',
  `arInheritPermissionsFromAreaOnCID` int(10) UNSIGNED NOT NULL DEFAULT '0',
  `arIsGlobal` tinyint(1) NOT NULL DEFAULT '0',
  `arParentID` int(10) UNSIGNED NOT NULL DEFAULT '0'
) ENGINE=InnoDB DEFAULT CHARSET=utf8 COLLATE=utf8_unicode_ci;

--
-- Gegevens worden geëxporteerd voor tabel `Areas`
--

INSERT INTO `Areas` (`arID`, `cID`, `arHandle`, `arOverrideCollectionPermissions`, `arInheritPermissionsFromAreaOnCID`, `arIsGlobal`, `arParentID`) VALUES
(1, 127, 'Main', 0, 0, 0, 0),
(2, 128, 'Primary', 0, 0, 0, 0),
(3, 128, 'Secondary 1', 0, 0, 0, 0),
(4, 128, 'Secondary 2', 0, 0, 0, 0),
(5, 128, 'Secondary 3', 0, 0, 0, 0),
(6, 128, 'Secondary 4', 0, 0, 0, 0),
(7, 128, 'Secondary 5', 0, 0, 0, 0),
(8, 145, 'Main', 0, 0, 0, 0),
(9, 146, 'Main', 0, 0, 0, 0),
(10, 147, 'Main', 0, 0, 0, 0),
(11, 148, 'Main', 0, 0, 0, 0),
(12, 149, 'Main', 0, 0, 0, 0),
(13, 150, 'Main', 0, 0, 0, 0),
(14, 151, 'Main', 0, 0, 0, 0),
(15, 152, 'Main', 0, 0, 0, 0),
(16, 170, 'Main', 0, 0, 0, 0),
(17, 170, 'Sidebar', 0, 0, 0, 0),
(18, 170, 'Page Footer', 0, 0, 0, 0),
(19, 177, 'Page Header', 0, 0, 0, 0),
(20, 177, 'Sidebar', 0, 0, 0, 0),
(21, 177, 'Main', 0, 0, 0, 0),
(22, 163, 'Page Header', 0, 0, 0, 0),
(23, 163, 'Sidebar', 0, 0, 0, 0),
(24, 163, 'Main', 0, 0, 0, 0),
(25, 163, 'Page Footer', 0, 0, 0, 0),
(26, 158, 'Main', 0, 0, 0, 0),
(27, 158, 'Main : 1', 0, 0, 0, 26),
(28, 158, 'Main : 2', 0, 0, 0, 26),
(29, 155, 'Main', 0, 0, 0, 0),
(30, 1, 'Main', 0, 0, 0, 0),
(31, 1, 'Main : 3', 0, 0, 0, 30),
(32, 1, 'Main : 4', 0, 0, 0, 30),
(33, 1, 'Main : 5', 0, 0, 0, 30),
(34, 1, 'Main : 6', 0, 0, 0, 30),
(35, 1, 'Main : 7', 0, 0, 0, 30),
(36, 1, 'Main : 8', 0, 0, 0, 30),
(37, 1, 'Main : 9', 0, 0, 0, 30),
(38, 1, 'Main : 10', 0, 0, 0, 30),
(39, 1, 'Page Footer', 0, 0, 0, 0),
(40, 154, 'Main', 0, 0, 0, 0),
(41, 154, 'Main : 11', 0, 0, 0, 40),
(42, 154, 'Main : 12', 0, 0, 0, 40),
(43, 154, 'Main : 13', 0, 0, 0, 40),
(44, 154, 'Main : 14', 0, 0, 0, 40),
(45, 154, 'Main : 15', 0, 0, 0, 40),
(46, 154, 'Main : 16', 0, 0, 0, 40),
(47, 154, 'Page Footer', 0, 0, 0, 0),
(48, 154, 'Page Footer : 17', 0, 0, 0, 47),
(49, 154, 'Page Footer : 18', 0, 0, 0, 47),
(50, 156, 'Main', 0, 0, 0, 0),
(51, 164, 'Page Header', 0, 0, 0, 0),
(52, 164, 'Main', 0, 0, 0, 0),
(53, 164, 'Sidebar', 0, 0, 0, 0),
(54, 164, 'Page Footer', 0, 0, 0, 0),
(55, 165, 'Page Header', 0, 0, 0, 0),
(56, 165, 'Main', 0, 0, 0, 0),
(57, 165, 'Sidebar', 0, 0, 0, 0),
(58, 165, 'Page Footer', 0, 0, 0, 0),
(59, 166, 'Page Header', 0, 0, 0, 0),
(60, 166, 'Main', 0, 0, 0, 0),
(61, 166, 'Sidebar', 0, 0, 0, 0),
(62, 166, 'Page Footer', 0, 0, 0, 0),
(63, 167, 'Page Header', 0, 0, 0, 0),
(64, 167, 'Main', 0, 0, 0, 0),
(65, 167, 'Sidebar', 0, 0, 0, 0),
(66, 167, 'Page Footer', 0, 0, 0, 0),
(67, 168, 'Page Header', 0, 0, 0, 0),
(68, 168, 'Main', 0, 0, 0, 0),
(69, 168, 'Sidebar', 0, 0, 0, 0),
(70, 168, 'Page Footer', 0, 0, 0, 0),
(71, 169, 'Page Header', 0, 0, 0, 0),
(72, 169, 'Main', 0, 0, 0, 0),
(73, 169, 'Sidebar', 0, 0, 0, 0),
(74, 169, 'Page Footer', 0, 0, 0, 0),
(75, 157, 'Main', 0, 0, 0, 0),
(76, 157, 'Main : 19', 0, 0, 0, 75),
(77, 157, 'Main : 20', 0, 0, 0, 75),
(78, 157, 'Main : 21', 0, 0, 0, 75),
(79, 157, 'Main : 22', 0, 0, 0, 75),
(80, 157, 'Main : 23', 0, 0, 0, 75),
(81, 157, 'Main : 24', 0, 0, 0, 75),
(82, 157, 'Main : 25', 0, 0, 0, 75),
(83, 159, 'Main', 0, 0, 0, 0),
(84, 159, 'Main : 1', 0, 0, 0, 0),
(85, 159, 'Main : 2', 0, 0, 0, 0),
(86, 171, 'Page Footer', 0, 0, 0, 0),
(87, 171, 'Main', 0, 0, 0, 0),
(88, 171, 'Sidebar', 0, 0, 0, 0),
(89, 172, 'Page Footer', 0, 0, 0, 0),
(90, 172, 'Main', 0, 0, 0, 0),
(91, 172, 'Sidebar', 0, 0, 0, 0),
(92, 173, 'Page Footer', 0, 0, 0, 0),
(93, 173, 'Main', 0, 0, 0, 0),
(94, 173, 'Sidebar', 0, 0, 0, 0),
(95, 160, 'Main', 0, 0, 0, 0),
(96, 161, 'Main', 0, 0, 0, 0),
(97, 161, 'Main : 26', 0, 0, 0, 96),
(98, 161, 'Main : 27', 0, 0, 0, 96),
(99, 161, 'Main : 28', 0, 0, 0, 96),
(100, 161, 'Main : 29', 0, 0, 0, 96),
(101, 161, 'Main : 30', 0, 0, 0, 96),
(102, 162, 'Main', 0, 0, 0, 0),
(103, 174, 'Main', 0, 0, 0, 0),
(104, 174, 'Main : 31', 0, 0, 0, 103),
(105, 174, 'Main : 32', 0, 0, 0, 103),
(106, 174, 'Main : 33', 0, 0, 0, 103),
(107, 174, 'Main : 34', 0, 0, 0, 103),
(108, 174, 'Main : 35', 0, 0, 0, 103),
(109, 174, 'Main : 36', 0, 0, 0, 103),
(110, 175, 'Main', 0, 0, 0, 0),
(111, 175, 'Main : 37', 0, 0, 0, 110),
(112, 175, 'Main : 38', 0, 0, 0, 110),
(113, 175, 'Main : 39', 0, 0, 0, 110),
(114, 175, 'Main : 40', 0, 0, 0, 110),
(115, 175, 'Main : 41', 0, 0, 0, 110),
(116, 178, 'Main', 0, 0, 0, 0),
(117, 178, 'Page Header', 0, 0, 0, 0),
(118, 178, 'Sidebar', 0, 0, 0, 0),
(119, 179, 'Main', 0, 0, 0, 0),
(120, 179, 'Page Header', 0, 0, 0, 0),
(121, 179, 'Sidebar', 0, 0, 0, 0),
(122, 176, 'Main', 0, 0, 0, 0),
(123, 1, 'Header Site Title', 0, 0, 1, 0),
(124, 1, 'Header Navigation', 0, 0, 1, 0),
(125, 1, 'Header Search', 0, 0, 1, 0),
(126, 1, 'Footer Site Title', 0, 0, 1, 0),
(127, 1, 'Footer Social', 0, 0, 1, 0),
(128, 1, 'Footer Legal', 0, 0, 1, 0),
(129, 1, 'Footer Navigation', 0, 0, 1, 0),
(130, 1, 'Footer Contact', 0, 0, 1, 0),
(131, 142, 'Header Site Title', 0, 0, 1, 0),
(132, 142, 'Header Navigation', 0, 0, 1, 0),
(133, 142, 'Header Search', 0, 0, 1, 0),
(134, 142, 'Footer Site Title', 0, 0, 1, 0),
(135, 142, 'Footer Social', 0, 0, 1, 0),
(136, 142, 'Footer Legal', 0, 0, 1, 0),
(137, 142, 'Footer Navigation', 0, 0, 1, 0),
(138, 142, 'Footer Contact', 0, 0, 1, 0),
(139, 183, 'Main', 0, 0, 0, 0),
(140, 1, 'Navigation', 0, 0, 1, 0),
(141, 1, 'Typography', 0, 0, 0, 0),
(142, 142, 'Main', 0, 0, 0, 0),
(143, 1, 'Hero', 0, 0, 0, 0),
(144, 203, 'Hero', 0, 0, 0, 0),
(145, 203, 'Navigation', 0, 0, 1, 0),
(146, 203, 'Typography', 0, 0, 0, 0),
(147, 1, 'tekst', 0, 0, 0, 0),
(148, 203, 'Tekst', 0, 0, 0, 0),
(149, 204, 'Hero', 0, 0, 0, 0),
(150, 204, 'Navigation', 0, 0, 1, 0),
(151, 204, 'Typography', 0, 0, 0, 0),
(152, 206, 'Hero', 0, 0, 0, 0),
(153, 206, 'Navigation', 0, 0, 1, 0),
(154, 206, 'Typography', 0, 0, 0, 0),
(155, 180, 'Hero', 0, 0, 0, 0),
(156, 180, 'Navigation', 0, 0, 1, 0),
(157, 180, 'tekst', 0, 0, 0, 0),
(158, 202, 'Hero', 0, 0, 0, 0),
(159, 202, 'Navigation', 0, 0, 1, 0),
(160, 202, 'Typography', 0, 0, 0, 0),
(161, 153, 'Hero', 0, 0, 0, 0),
(162, 153, 'Navigation', 0, 0, 1, 0),
(163, 153, 'tekst', 0, 0, 0, 0),
(164, 201, 'Hero', 0, 0, 0, 0),
(165, 201, 'Navigation', 0, 0, 1, 0),
(166, 201, 'Typography', 0, 0, 0, 0),
(167, 210, 'Hero', 0, 0, 0, 0),
(168, 210, 'Navigation', 0, 0, 1, 0),
(169, 210, 'Typography', 0, 0, 0, 0),
(170, 209, 'Hero', 0, 0, 0, 0),
(171, 209, 'Navigation', 0, 0, 1, 0),
(172, 209, 'Typography', 0, 0, 0, 0),
(173, 1, 'Banner', 0, 0, 0, 0),
(174, 1, 'Initiatieven', 0, 0, 0, 0),
(175, 211, 'Hero', 0, 0, 0, 0),
(176, 212, 'Hero', 0, 0, 0, 0),
(177, 213, 'Hero', 0, 0, 0, 0),
(178, 214, 'Hero', 0, 0, 0, 0),
(179, 215, 'Hero', 0, 0, 0, 0),
(180, 216, 'Hero', 0, 0, 0, 0),
(181, 217, 'Hero', 0, 0, 0, 0),
(182, 218, 'Hero', 0, 0, 0, 0),
(183, 212, 'Navigation', 0, 0, 1, 0),
(184, 212, 'Typography', 0, 0, 0, 0),
(185, 219, 'Hero', 0, 0, 0, 0),
(186, 1, 'Footer-links', 0, 0, 1, 0),
(187, 1, 'Footer-midden', 0, 0, 1, 0),
(188, 203, 'Footer-links', 0, 0, 1, 0),
(189, 203, 'Footer-midden', 0, 0, 1, 0),
(190, 1, 'Quote', 0, 0, 0, 0),
(191, 209, 'Footer-links', 0, 0, 1, 0),
(192, 209, 'Footer-midden', 0, 0, 1, 0),
(193, 210, 'Footer-links', 0, 0, 1, 0),
(194, 210, 'Footer-midden', 0, 0, 1, 0),
(195, 212, 'Footer-links', 0, 0, 1, 0),
(196, 212, 'Footer-midden', 0, 0, 1, 0),
(197, 213, 'Navigation', 0, 0, 1, 0),
(198, 213, 'Typography', 0, 0, 0, 0),
(199, 213, 'Footer-links', 0, 0, 1, 0),
(200, 213, 'Footer-midden', 0, 0, 1, 0),
(201, 214, 'Navigation', 0, 0, 1, 0),
(202, 214, 'Typography', 0, 0, 0, 0),
(203, 214, 'Footer-links', 0, 0, 1, 0),
(204, 214, 'Footer-midden', 0, 0, 1, 0),
(205, 215, 'Navigation', 0, 0, 1, 0),
(206, 215, 'Typography', 0, 0, 0, 0),
(207, 215, 'Footer-links', 0, 0, 1, 0),
(208, 215, 'Footer-midden', 0, 0, 1, 0),
(209, 216, 'Navigation', 0, 0, 1, 0),
(210, 216, 'Typography', 0, 0, 0, 0),
(211, 216, 'Footer-links', 0, 0, 1, 0),
(212, 216, 'Footer-midden', 0, 0, 1, 0),
(213, 217, 'Navigation', 0, 0, 1, 0),
(214, 217, 'Typography', 0, 0, 0, 0),
(215, 217, 'Footer-links', 0, 0, 1, 0),
(216, 217, 'Footer-midden', 0, 0, 1, 0),
(217, 218, 'Navigation', 0, 0, 1, 0),
(218, 218, 'Typography', 0, 0, 0, 0),
(219, 218, 'Footer-links', 0, 0, 1, 0),
(220, 218, 'Footer-midden', 0, 0, 1, 0),
(221, 202, 'Footer-links', 0, 0, 1, 0),
(222, 202, 'Footer-midden', 0, 0, 1, 0),
(223, 220, 'Main', 0, 0, 0, 0),
(224, 221, 'Main', 0, 0, 0, 0),
(225, 222, 'Hero', 0, 0, 0, 0),
(226, 222, 'Footer-midden', 0, 0, 1, 0),
(227, 222, 'Footer-links', 0, 0, 1, 0),
(228, 222, 'Navigation', 0, 0, 1, 0),
(229, 222, 'Typography', 0, 0, 0, 0),
(230, 203, 'Quote', 0, 0, 0, 0),
(231, 1, 'Test', 0, 0, 0, 0),
(232, 1, 'Text', 0, 0, 0, 0),
(233, 203, 'Text', 0, 0, 0, 0),
(234, 203, 'Left', 0, 0, 0, 0),
(235, 203, 'Right', 0, 0, 0, 0),
(236, 209, 'Text', 0, 0, 0, 0),
(237, 210, 'Left', 0, 0, 0, 0),
(238, 210, 'Right', 0, 0, 0, 0),
(239, 202, 'Text', 0, 0, 0, 0),
(240, 223, 'Hero', 0, 0, 0, 0),
(241, 223, 'Footer-midden', 0, 0, 1, 0),
(242, 223, 'Footer-links', 0, 0, 1, 0),
(243, 223, 'Text', 0, 0, 0, 0),
(244, 223, 'Navigation', 0, 0, 1, 0),
(245, 201, 'Left', 0, 0, 0, 0),
(246, 201, 'Right', 0, 0, 0, 0),
(247, 201, 'Footer-links', 0, 0, 1, 0),
(248, 201, 'Footer-midden', 0, 0, 1, 0),
(249, 153, 'Text', 0, 0, 0, 0),
(250, 153, 'Quote', 0, 0, 0, 0),
(251, 180, 'Text', 0, 0, 0, 0),
(252, 180, 'Quote', 0, 0, 0, 0),
(253, 180, 'Initiatieven', 0, 0, 0, 0),
(254, 180, 'Footer-links', 0, 0, 1, 0),
(255, 180, 'Footer-midden', 0, 0, 1, 0),
(256, 224, 'Hero', 0, 0, 0, 0),
(257, 224, 'Footer-midden', 0, 0, 1, 0),
(258, 224, 'Footer-links', 0, 0, 1, 0),
(259, 224, 'Text', 0, 0, 0, 0),
(260, 224, 'Navigation', 0, 0, 1, 0),
(261, 225, 'Navigation', 0, 0, 1, 0),
(262, 225, 'Text', 0, 0, 0, 0),
(263, 225, 'Footer-links', 0, 0, 1, 0),
(264, 225, 'Footer-midden', 0, 0, 1, 0),
(265, 225, 'Hero', 0, 0, 0, 0),
(266, 226, 'Navigation', 0, 0, 1, 0),
(267, 226, 'Left', 0, 0, 0, 0),
(268, 226, 'Right', 0, 0, 0, 0),
(269, 226, 'Footer-links', 0, 0, 1, 0),
(270, 226, 'Footer-midden', 0, 0, 1, 0),
(271, 226, 'Hero', 0, 0, 0, 0),
(272, 212, 'Text', 0, 0, 0, 0),
(273, 227, 'Hero', 0, 0, 0, 0),
(274, 227, 'Left', 0, 0, 0, 0),
(275, 227, 'Right', 0, 0, 0, 0),
(276, 227, 'Navigation', 0, 0, 1, 0),
(277, 227, 'Footer-links', 0, 0, 1, 0),
(278, 227, 'Footer-midden', 0, 0, 1, 0),
(279, 211, 'Navigation', 0, 0, 1, 0),
(280, 211, 'Left', 0, 0, 0, 0),
(281, 211, 'Right', 0, 0, 0, 0),
(282, 211, 'Footer-links', 0, 0, 1, 0),
(283, 211, 'Footer-midden', 0, 0, 1, 0),
(284, 213, 'Text', 0, 0, 0, 0),
(285, 214, 'Text', 0, 0, 0, 0),
(286, 215, 'Text', 0, 0, 0, 0),
(287, 215, 'Left', 0, 0, 0, 0),
(288, 215, 'Right', 0, 0, 0, 0),
(289, 216, 'Text', 0, 0, 0, 0),
(290, 217, 'Text', 0, 0, 0, 0),
(291, 218, 'Text', 0, 0, 0, 0),
(292, 225, 'Left', 0, 0, 0, 0),
(293, 225, 'Right', 0, 0, 0, 0),
(294, 228, 'Navigation', 0, 0, 1, 0),
(295, 228, 'Left', 0, 0, 0, 0),
(296, 228, 'Right', 0, 0, 0, 0),
(297, 228, 'Footer-links', 0, 0, 1, 0),
(298, 228, 'Footer-midden', 0, 0, 1, 0),
(299, 228, 'Hero', 0, 0, 0, 0),
(300, 228, 'Form', 0, 0, 0, 0),
(301, 226, 'Form', 0, 0, 0, 0),
(302, 229, 'Navigation', 0, 0, 1, 0),
(303, 229, 'Text', 0, 0, 0, 0),
(304, 229, 'Form', 0, 0, 0, 0),
(305, 229, 'Footer-links', 0, 0, 1, 0),
(306, 229, 'Footer-midden', 0, 0, 1, 0),
(307, 229, 'Hero', 0, 0, 0, 0),
(308, 203, 'Form', 0, 0, 0, 0),
(309, 230, 'Navigation', 0, 0, 1, 0),
(310, 230, 'Left', 0, 0, 0, 0),
(311, 230, 'Right', 0, 0, 0, 0),
(312, 230, 'Form', 0, 0, 0, 0),
(313, 230, 'Footer-links', 0, 0, 1, 0),
(314, 230, 'Footer-midden', 0, 0, 1, 0),
(315, 231, 'Navigation', 0, 0, 1, 0),
(316, 231, 'Left', 0, 0, 0, 0),
(317, 231, 'Right', 0, 0, 0, 0),
(318, 231, 'Form', 0, 0, 0, 0),
(319, 231, 'Footer-links', 0, 0, 1, 0),
(320, 231, 'Footer-midden', 0, 0, 1, 0),
(321, 231, 'Hero', 0, 0, 0, 0),
(322, 212, 'Form', 0, 0, 0, 0),
(323, 213, 'Form', 0, 0, 0, 0),
(324, 214, 'Form', 0, 0, 0, 0),
(325, 215, 'Form', 0, 0, 0, 0),
(326, 211, 'Form', 0, 0, 0, 0),
(327, 211, 'Text', 0, 0, 0, 0),
(328, 216, 'Form', 0, 0, 0, 0),
(329, 217, 'Form', 0, 0, 0, 0),
(330, 218, 'Form', 0, 0, 0, 0),
(331, 215, 'Top', 0, 0, 0, 0),
(332, 215, 'Top left', 0, 0, 0, 0),
(333, 215, 'Top right', 0, 0, 0, 0),
(334, 215, 'Middle', 0, 0, 0, 0),
(335, 215, 'Bottom left', 0, 0, 0, 0),
(336, 215, 'Bottom right', 0, 0, 0, 0),
(337, 237, 'Hero', 0, 0, 0, 0),
(338, 237, 'Footer-midden', 0, 0, 1, 0),
(339, 237, 'Footer-links', 0, 0, 1, 0),
(340, 237, 'Text', 0, 0, 0, 0),
(341, 234, 'Hero', 0, 0, 0, 0),
(342, 234, 'Footer-midden', 0, 0, 0, 0),
(343, 234, 'Footer-links', 0, 0, 0, 0),
(344, 234, 'Text', 0, 0, 0, 0),
(345, 235, 'Hero', 0, 0, 0, 0),
(346, 235, 'Footer-midden', 0, 0, 0, 0),
(347, 235, 'Footer-links', 0, 0, 0, 0),
(348, 235, 'Text', 0, 0, 0, 0),
(349, 236, 'Hero', 0, 0, 0, 0),
(350, 236, 'Footer-midden', 0, 0, 1, 0),
(351, 236, 'Footer-links', 0, 0, 1, 0),
(352, 236, 'Text', 0, 0, 0, 0),
(353, 203, 'Blokken', 0, 0, 0, 0),
(354, 203, 'Top', 0, 0, 0, 0),
(355, 203, 'Top left', 0, 0, 0, 0),
(356, 203, 'Top right', 0, 0, 0, 0),
(357, 203, 'Middle', 0, 0, 0, 0),
(358, 203, 'Bottom left', 0, 0, 0, 0),
(359, 203, 'Bottom right', 0, 0, 0, 0),
(360, 236, 'Navigation', 0, 0, 1, 0),
(361, 236, 'Blokken', 0, 0, 0, 0),
(362, 236, 'Form', 0, 0, 0, 0),
(363, 237, 'Navigation', 0, 0, 1, 0),
(364, 237, 'Blokken', 0, 0, 0, 0),
(365, 237, 'Form', 0, 0, 0, 0),
(366, 225, 'Form', 0, 0, 0, 0),
(367, 225, 'Bestuurslid1', 0, 0, 0, 0),
(368, 225, 'Bestuurslid2', 0, 0, 0, 0),
(369, 225, 'Bestuurslid3', 0, 0, 0, 0),
(370, 225, 'Bestuurslid4', 0, 0, 0, 0),
(371, 225, 'Bestuurslid5', 0, 0, 0, 0),
(372, 225, 'Bestuurslid6', 0, 0, 0, 0),
(373, 225, 'Bestuurslid7', 0, 0, 0, 0),
(374, 225, 'Bestuur', 0, 0, 0, 0),
(375, 225, 'Gegevens', 0, 0, 0, 0),
(376, 225, 'Info', 0, 0, 0, 0),
(377, 239, 'Hero', 0, 0, 0, 0),
(378, 239, 'Footer-midden', 0, 0, 1, 0),
(379, 239, 'Footer-links', 0, 0, 1, 0),
(380, 239, 'Text', 0, 0, 0, 0),
(381, 240, 'Hero', 0, 0, 0, 0),
(382, 240, 'Footer-midden', 0, 0, 0, 0),
(383, 240, 'Footer-links', 0, 0, 0, 0),
(384, 240, 'Text', 0, 0, 0, 0),
(385, 241, 'Hero', 0, 0, 0, 0),
(386, 241, 'Footer-midden', 0, 0, 0, 0),
(387, 241, 'Footer-links', 0, 0, 0, 0),
(388, 241, 'Text', 0, 0, 0, 0),
(389, 242, 'Hero', 0, 0, 0, 0),
(390, 242, 'Footer-midden', 0, 0, 1, 0),
(391, 242, 'Footer-links', 0, 0, 1, 0),
(392, 242, 'Text', 0, 0, 0, 0),
(393, 243, 'Hero', 0, 0, 0, 0),
(394, 243, 'Footer-midden', 0, 0, 0, 0),
(395, 243, 'Footer-links', 0, 0, 0, 0),
(396, 243, 'Text', 0, 0, 0, 0),
(397, 244, 'Hero', 0, 0, 0, 0),
(398, 244, 'Footer-midden', 0, 0, 0, 0),
(399, 244, 'Footer-links', 0, 0, 0, 0),
(400, 244, 'Text', 0, 0, 0, 0),
(401, 245, 'Hero', 0, 0, 0, 0),
(402, 245, 'Footer-midden', 0, 0, 0, 0),
(403, 245, 'Footer-links', 0, 0, 0, 0),
(404, 245, 'Text', 0, 0, 0, 0),
(405, 211, 'Blokken', 0, 0, 0, 0),
(406, 211, 'subnav', 0, 0, 0, 0),
(407, 211, 'sub-nav', 0, 0, 0, 0),
(408, 211, 'sub-menu', 0, 0, 0, 0),
(409, 228, 'subnav', 0, 0, 0, 0),
(410, 1, 'subnav', 0, 0, 0, 0),
(411, 215, 'subnav', 0, 0, 0, 0),
(412, 203, 'subnav', 0, 0, 0, 0),
(413, 213, 'subnav', 0, 0, 0, 0),
(414, 213, 'Blokken', 0, 0, 0, 0),
(415, 225, 'subnav', 0, 0, 0, 0),
(416, 231, 'subnav', 0, 0, 0, 0),
(417, 246, 'Hero', 0, 0, 0, 0),
(418, 246, 'Left', 0, 0, 0, 0),
(419, 246, 'Right', 0, 0, 0, 0),
(420, 247, 'Hero', 0, 0, 0, 0),
(421, 247, 'Footer-midden', 0, 0, 1, 0),
(422, 247, 'Footer-links', 0, 0, 1, 0),
(423, 247, 'Text', 0, 0, 0, 0),
(424, 236, 'subnav', 0, 0, 0, 0),
(425, 1, 'banner-block', 0, 0, 0, 0),
(426, 242, 'Navigation', 0, 0, 1, 0),
(427, 242, 'subnav', 0, 0, 0, 0),
(428, 242, 'Blokken', 0, 0, 0, 0),
(429, 242, 'Form', 0, 0, 0, 0),
(430, 239, 'Navigation', 0, 0, 1, 0),
(431, 239, 'subnav', 0, 0, 0, 0),
(432, 239, 'Blokken', 0, 0, 0, 0),
(433, 239, 'Form', 0, 0, 0, 0),
(434, 237, 'subnav', 0, 0, 0, 0),
(435, 237, 'Left', 0, 0, 0, 0),
(436, 237, 'Right', 0, 0, 0, 0),
(437, 249, 'Navigation', 0, 0, 1, 0),
(438, 249, 'subnav', 0, 0, 0, 0),
(439, 249, 'Text', 0, 0, 0, 0),
(440, 249, 'Blokken', 0, 0, 0, 0),
(441, 249, 'Form', 0, 0, 0, 0),
(442, 249, 'Footer-links', 0, 0, 1, 0),
(443, 249, 'Footer-midden', 0, 0, 1, 0),
(444, 249, 'Hero', 0, 0, 0, 0),
(445, 250, 'Navigation', 0, 0, 1, 0),
(446, 250, 'subnav', 0, 0, 0, 0),
(447, 250, 'Text', 0, 0, 0, 0),
(448, 250, 'Blokken', 0, 0, 0, 0),
(449, 250, 'Form', 0, 0, 0, 0),
(450, 250, 'Footer-links', 0, 0, 1, 0),
(451, 250, 'Footer-midden', 0, 0, 1, 0),
(452, 250, 'Hero', 0, 0, 0, 0),
(453, 246, 'Navigation', 0, 0, 1, 0),
(454, 246, 'subnav', 0, 0, 0, 0),
(455, 246, 'Form', 0, 0, 0, 0),
(456, 246, 'Footer-links', 0, 0, 1, 0),
(457, 246, 'Footer-midden', 0, 0, 1, 0),
(458, 247, 'Navigation', 0, 0, 1, 0),
(459, 247, 'subnav', 0, 0, 0, 0),
(460, 247, 'Blokken', 0, 0, 0, 0),
(461, 247, 'Form', 0, 0, 0, 0),
(462, 247, 'Left', 0, 0, 0, 0),
(463, 247, 'Right', 0, 0, 0, 0),
(464, 248, 'Navigation', 0, 0, 1, 0),
(465, 248, 'subnav', 0, 0, 0, 0),
(466, 248, 'Top', 0, 0, 0, 0),
(467, 248, 'Top left', 0, 0, 0, 0),
(468, 248, 'Top right', 0, 0, 0, 0),
(469, 248, 'Middle', 0, 0, 0, 0),
(470, 248, 'Bottom left', 0, 0, 0, 0),
(471, 248, 'Bottom right', 0, 0, 0, 0),
(472, 248, 'Footer-links', 0, 0, 1, 0),
(473, 248, 'Footer-midden', 0, 0, 1, 0),
(474, 212, 'subnav', 0, 0, 0, 0),
(475, 212, 'Blokken', 0, 0, 0, 0),
(476, 214, 'subnav', 0, 0, 0, 0),
(477, 214, 'Blokken', 0, 0, 0, 0),
(478, 216, 'subnav', 0, 0, 0, 0),
(479, 216, 'Blokken', 0, 0, 0, 0),
(480, 217, 'subnav', 0, 0, 0, 0),
(481, 217, 'Blokken', 0, 0, 0, 0),
(482, 218, 'subnav', 0, 0, 0, 0),
(483, 218, 'Blokken', 0, 0, 0, 0);

-- --------------------------------------------------------

--
-- Tabelstructuur voor tabel `atAddress`
--

CREATE TABLE `atAddress` (
  `avID` int(10) UNSIGNED NOT NULL DEFAULT '0',
  `address1` varchar(255) COLLATE utf8_unicode_ci DEFAULT NULL,
  `address2` varchar(255) COLLATE utf8_unicode_ci DEFAULT NULL,
  `city` varchar(255) COLLATE utf8_unicode_ci DEFAULT NULL,
  `state_province` varchar(255) COLLATE utf8_unicode_ci DEFAULT NULL,
  `country` varchar(4) COLLATE utf8_unicode_ci DEFAULT NULL,
  `postal_code` varchar(32) COLLATE utf8_unicode_ci DEFAULT NULL
) ENGINE=InnoDB DEFAULT CHARSET=utf8 COLLATE=utf8_unicode_ci;

-- --------------------------------------------------------

--
-- Tabelstructuur voor tabel `atAddressCustomCountries`
--

CREATE TABLE `atAddressCustomCountries` (
  `atAddressCustomCountryID` int(10) UNSIGNED NOT NULL,
  `akID` int(10) UNSIGNED NOT NULL DEFAULT '0',
  `country` varchar(5) COLLATE utf8_unicode_ci NOT NULL
) ENGINE=InnoDB DEFAULT CHARSET=utf8 COLLATE=utf8_unicode_ci;

-- --------------------------------------------------------

--
-- Tabelstructuur voor tabel `atAddressSettings`
--

CREATE TABLE `atAddressSettings` (
  `akID` int(10) UNSIGNED NOT NULL DEFAULT '0',
  `akHasCustomCountries` tinyint(1) NOT NULL DEFAULT '0',
  `akDefaultCountry` varchar(12) COLLATE utf8_unicode_ci DEFAULT NULL
) ENGINE=InnoDB DEFAULT CHARSET=utf8 COLLATE=utf8_unicode_ci;

-- --------------------------------------------------------

--
-- Tabelstructuur voor tabel `atBoolean`
--

CREATE TABLE `atBoolean` (
  `avID` int(10) UNSIGNED NOT NULL,
  `value` tinyint(1) NOT NULL DEFAULT '0'
) ENGINE=InnoDB DEFAULT CHARSET=utf8 COLLATE=utf8_unicode_ci;

--
-- Gegevens worden geëxporteerd voor tabel `atBoolean`
--

INSERT INTO `atBoolean` (`avID`, `value`) VALUES
(9, 1),
(16, 1),
(18, 1),
(28, 1),
(29, 1),
(30, 1),
(31, 1),
(32, 1),
(33, 1),
(34, 1),
(35, 1),
(42, 1),
(43, 1),
(47, 1),
(51, 1),
(99, 1),
(107, 1),
(108, 1),
(109, 1),
(146, 1),
(147, 1),
(148, 1),
(159, 1),
(165, 1),
(181, 1),
(186, 0),
(196, 1),
(198, 0),
(199, 1),
(204, 0),
(211, 0),
(214, 0),
(219, 1),
(251, 0),
(257, 1),
(274, 0),
(278, 0),
(282, 0),
(293, 0),
(316, 0),
(320, 0),
(323, 1),
(326, 1),
(328, 1),
(330, 1),
(332, 1),
(334, 1),
(343, 1),
(346, 1),
(359, 1),
(361, 1),
(363, 1),
(365, 1),
(367, 1),
(369, 1),
(371, 1),
(372, 1),
(375, 1),
(378, 1),
(381, 1),
(384, 1),
(387, 1),
(390, 1),
(394, 1),
(395, 1),
(398, 1),
(399, 1),
(402, 1),
(409, 0),
(412, 1),
(419, 1),
(421, 1),
(423, 1);

-- --------------------------------------------------------

--
-- Tabelstructuur voor tabel `atBooleanSettings`
--

CREATE TABLE `atBooleanSettings` (
  `akID` int(10) UNSIGNED NOT NULL,
  `akCheckedByDefault` tinyint(1) NOT NULL DEFAULT '0'
) ENGINE=InnoDB DEFAULT CHARSET=utf8 COLLATE=utf8_unicode_ci;

--
-- Gegevens worden geëxporteerd voor tabel `atBooleanSettings`
--

INSERT INTO `atBooleanSettings` (`akID`, `akCheckedByDefault`) VALUES
(5, 0),
(6, 0),
(9, 0),
(10, 0),
(11, 0),
(12, 1),
(13, 1),
(20, 1);

-- --------------------------------------------------------

--
-- Tabelstructuur voor tabel `atDateTime`
--

CREATE TABLE `atDateTime` (
  `avID` int(10) UNSIGNED NOT NULL,
  `value` datetime DEFAULT '1000-01-01 00:00:00'
) ENGINE=InnoDB DEFAULT CHARSET=utf8 COLLATE=utf8_unicode_ci;

-- --------------------------------------------------------

--
-- Tabelstructuur voor tabel `atDateTimeSettings`
--

CREATE TABLE `atDateTimeSettings` (
  `akID` int(10) UNSIGNED NOT NULL,
  `akDateDisplayMode` varchar(255) COLLATE utf8_unicode_ci DEFAULT NULL
) ENGINE=InnoDB DEFAULT CHARSET=utf8 COLLATE=utf8_unicode_ci;

-- --------------------------------------------------------

--
-- Tabelstructuur voor tabel `atDefault`
--

CREATE TABLE `atDefault` (
  `avID` int(10) UNSIGNED NOT NULL,
  `value` longtext COLLATE utf8_unicode_ci
) ENGINE=InnoDB DEFAULT CHARSET=utf8 COLLATE=utf8_unicode_ci;

--
-- Gegevens worden geëxporteerd voor tabel `atDefault`
--

INSERT INTO `atDefault` (`avID`, `value`) VALUES
(1, 'fa fa-th-large'),
(2, 'pages, add page, delete page, copy, move, alias'),
(3, 'pages, add page, delete page, copy, move, alias'),
(4, 'pages, add page, delete page, copy, move, alias, bulk'),
(5, 'find page, search page, search, find, pages, sitemap'),
(6, 'add file, delete file, copy, move, alias, resize, crop, rename, images, title, attribute'),
(7, 'file, file attributes, title, attribute, description, rename'),
(8, 'files, category, categories'),
(10, 'new file set'),
(11, 'users, groups, people, find, delete user, remove user, change password, password'),
(12, 'find, search, people, delete user, remove user, change password, password'),
(13, 'user, group, people, permissions, expire, badges'),
(14, 'user attributes, user data, gather data, registration data'),
(15, 'new user, create'),
(17, 'new user group, new group, group, create'),
(19, 'group set'),
(20, 'community, points, karma'),
(21, 'action, community actions'),
(22, 'forms, log, error, email, mysql, exception, survey'),
(23, 'forms, questions, response, data'),
(24, 'questions, quiz, response'),
(25, 'forms, log, error, email, mysql, exception, survey, history'),
(26, 'new theme, theme, active theme, change theme, template, css'),
(27, 'page types'),
(36, 'page attributes, custom'),
(37, 'single, page, custom, application'),
(38, 'atom, rss, feed, syndication'),
(39, 'icon-bullhorn'),
(40, 'add workflow, remove workflow'),
(41, 'stacks, reusable content, scrapbook, copy, paste, paste block, copy block, site name, logo'),
(44, 'edit stacks, view stacks, all stacks'),
(45, 'block, refresh, custom'),
(46, 'add-on, addon, add on, package, app, ecommerce, discussions, forums, themes, templates, blocks'),
(48, 'add-on, addon, ecommerce, install, discussions, forums, themes, templates, blocks'),
(49, 'update, upgrade'),
(50, 'concrete5.org, my account, marketplace'),
(52, 'buy theme, new theme, marketplace, template'),
(53, 'buy addon, buy add on, buy add-on, purchase addon, purchase add on, purchase add-on, find addon, new addon, marketplace'),
(54, 'dashboard, configuration'),
(55, 'website name, title'),
(56, 'accessibility, easy mode'),
(57, 'sharing, facebook, twitter'),
(58, 'logo, favicon, iphone, icon, bookmark'),
(59, 'tinymce, content block, fonts, editor, content, overlay'),
(60, 'translate, translation, internationalization, multilingual'),
(61, 'timezone, profile, locale'),
(62, 'multilingual, localization, internationalization, i18n'),
(63, 'vanity, pretty url, redirection, hostname, canonical, seo, pageview, view'),
(64, 'bulk, seo, change keywords, engine, optimization, search'),
(65, 'traffic, statistics, google analytics, quant, pageviews, hits'),
(66, 'pretty, slug'),
(67, 'configure search, site search, search option'),
(68, 'file options, file manager, upload, modify'),
(69, 'security, files, media, extension, manager, upload'),
(70, 'images, picture, responsive, retina'),
(71, 'uploading, upload, images, image, resizing, manager'),
(72, 'security, alternate storage, hide files'),
(73, 'cache option, change cache, override, turn on cache, turn off cache, no cache, page cache, caching'),
(74, 'cache option, turn off cache, no cache, page cache, caching'),
(75, 'index search, reindex search, build sitemap, sitemap.xml, clear old versions, page versions, remove old'),
(76, 'queries, database, mysql'),
(77, 'editors, hide site, offline, private, public, access'),
(78, 'security, actions, administrator, admin, package, marketplace, search'),
(79, 'security, lock ip, lock out, block ip, address, restrict, access'),
(80, 'security, registration'),
(81, 'antispam, block spam, security'),
(82, 'lock site, under construction, hide, hidden'),
(83, 'profile, login, redirect, specific, dashboard, administrators'),
(84, 'member profile, member page, community, forums, social, avatar'),
(85, 'signup, new user, community, public registration, public, registration'),
(86, 'auth, authentication, types, oauth, facebook, login, registration'),
(87, 'smtp, mail settings'),
(88, 'email server, mail settings, mail configuration, external, internal'),
(89, 'test smtp, test mail'),
(90, 'email server, mail settings, mail configuration, private message, message system, import, email, message'),
(91, 'conversations'),
(92, 'conversations'),
(93, 'conversations ratings, ratings, community, community points'),
(94, 'conversations bad words, banned words, banned, bad words, bad, words, list'),
(95, 'attribute configuration'),
(96, 'attributes, sets'),
(97, 'attributes, types'),
(98, 'topics, tags, taxonomy'),
(100, 'overrides, system info, debug, support, help'),
(101, 'errors, exceptions, develop, support, help'),
(102, 'email, logging, logs, smtp, pop, errors, mysql, log'),
(103, 'network, proxy server'),
(104, 'database, entities, doctrine, orm'),
(105, 'export, backup, database, sql, mysql, encryption, restore'),
(106, 'upgrade, new version, update'),
(110, 'fa fa-edit'),
(111, 'fa fa-trash-o'),
(112, 'fa fa-th'),
(113, 'fa fa-briefcase'),
(151, 'Test Client'),
(156, 'Test Client'),
(162, 'Test Client 2'),
(168, 'Test Client 2'),
(173, 'Test Client 2'),
(178, 'Test Client 2'),
(182, NULL),
(183, NULL),
(184, NULL),
(185, NULL),
(193, NULL),
(194, NULL),
(195, NULL),
(197, NULL),
(200, NULL),
(201, NULL),
(202, NULL),
(203, NULL),
(206, 'Lorem ipsum dolor sit amet, consectetur adipiscing elit. Nulla massa lacus, vehicula eu interdum convallis, laoreet id lectus. Nunc turpis elit, aliquam sit amet aliquam tincidunt, dapibus vel tellus. '),
(207, NULL),
(208, NULL),
(209, NULL),
(210, NULL),
(213, 'Lorem ipsum dolor sit amet, consectetur adipiscing elit. Nulla massa lacus, vehicula eu interdum convallis, laoreet id lectus. Nunc turpis elit, aliquam sit amet aliquam tincidunt, dapibus vel tellus. '),
(277, 'StOergelukkig is de naam die wij gegeven hebben aan onze missie'),
(281, 'StOergelukkig is de naam die wij gegeven hebben aan onze missie'),
(313, ''),
(314, ''),
(315, ''),
(317, ''),
(318, ''),
(319, '');

-- --------------------------------------------------------

--
-- Tabelstructuur voor tabel `atFile`
--

CREATE TABLE `atFile` (
  `avID` int(10) UNSIGNED NOT NULL,
  `fID` int(10) UNSIGNED NOT NULL
) ENGINE=InnoDB DEFAULT CHARSET=utf8 COLLATE=utf8_unicode_ci;

--
-- Gegevens worden geëxporteerd voor tabel `atFile`
--

INSERT INTO `atFile` (`avID`, `fID`) VALUES
(287, 0),
(289, 0),
(187, 2),
(149, 6),
(189, 7),
(154, 8),
(176, 10),
(191, 11),
(171, 12),
(166, 15),
(160, 16),
(252, 16),
(254, 16),
(255, 16),
(256, 16),
(258, 16),
(260, 16),
(262, 16),
(264, 16),
(266, 16),
(268, 16),
(270, 16),
(272, 16),
(273, 16),
(275, 16),
(279, 16),
(283, 16),
(288, 16),
(290, 16),
(294, 16),
(322, 16),
(324, 16),
(325, 16),
(327, 16),
(329, 16),
(331, 16),
(333, 16),
(344, 16),
(347, 16),
(357, 16),
(358, 16),
(360, 16),
(362, 16),
(364, 16),
(366, 16),
(368, 16),
(370, 16),
(373, 16),
(376, 16),
(379, 16),
(382, 16),
(385, 16),
(388, 16),
(391, 16),
(393, 16),
(396, 16),
(397, 16),
(401, 16),
(404, 16),
(405, 16),
(407, 16),
(410, 16),
(413, 16),
(418, 16),
(420, 16),
(422, 16),
(248, 17),
(253, 17),
(276, 17),
(280, 17),
(284, 17),
(411, 17),
(235, 18),
(242, 18),
(261, 18),
(237, 19),
(244, 19),
(265, 19),
(321, 19),
(238, 20),
(245, 20),
(267, 20),
(234, 21),
(241, 21),
(259, 21),
(236, 22),
(243, 22),
(263, 22),
(239, 23),
(246, 23),
(269, 23),
(240, 24),
(247, 24),
(271, 24),
(374, 33),
(377, 33),
(380, 33),
(383, 33),
(386, 33),
(389, 33),
(392, 33),
(408, 38),
(406, 39),
(348, 40),
(400, 40),
(345, 41),
(403, 41);

-- --------------------------------------------------------

--
-- Tabelstructuur voor tabel `atNumber`
--

CREATE TABLE `atNumber` (
  `avID` int(10) UNSIGNED NOT NULL,
  `value` decimal(14,4) DEFAULT '0.0000'
) ENGINE=InnoDB DEFAULT CHARSET=utf8 COLLATE=utf8_unicode_ci;

--
-- Gegevens worden geëxporteerd voor tabel `atNumber`
--

INSERT INTO `atNumber` (`avID`, `value`) VALUES
(114, '200.0000'),
(115, '200.0000'),
(116, '500.0000'),
(117, '500.0000'),
(118, '460.0000'),
(119, '460.0000'),
(120, '592.0000'),
(121, '397.0000'),
(122, '250.0000'),
(123, '252.0000'),
(124, '1600.0000'),
(125, '1067.0000'),
(126, '200.0000'),
(127, '200.0000'),
(128, '1499.0000'),
(129, '1067.0000'),
(130, '1100.0000'),
(131, '263.0000'),
(132, '1600.0000'),
(133, '1067.0000'),
(134, '1600.0000'),
(135, '1066.0000'),
(136, '1600.0000'),
(137, '1067.0000'),
(138, '1100.0000'),
(139, '368.0000'),
(140, '1100.0000'),
(141, '368.0000'),
(142, '1600.0000'),
(143, '1067.0000'),
(144, '1600.0000'),
(145, '953.0000'),
(215, '1067.0000'),
(216, '941.0000'),
(217, '3753.0000'),
(218, '431.0000'),
(220, '853.0000'),
(221, '652.0000'),
(222, '3001.0000'),
(223, '653.0000'),
(224, '854.0000'),
(225, '653.0000'),
(226, '855.0000'),
(227, '654.0000'),
(228, '855.0000'),
(229, '653.0000'),
(230, '853.0000'),
(231, '653.0000'),
(232, '854.0000'),
(233, '653.0000'),
(249, '323.0000'),
(250, '180.0000'),
(285, '323.0000'),
(286, '484.0000'),
(291, '1067.0000'),
(292, '941.0000'),
(295, '323.0000'),
(296, '299.0000'),
(297, '323.0000'),
(298, '448.0000'),
(299, '323.0000'),
(300, '113.0000'),
(301, '323.0000'),
(302, '145.0000'),
(303, '323.0000'),
(304, '525.0000'),
(305, '323.0000'),
(306, '180.0000'),
(307, '475.0000'),
(308, '292.0000'),
(309, '323.0000'),
(310, '293.0000'),
(311, '323.0000'),
(312, '219.0000'),
(335, '592.0000'),
(336, '385.0000'),
(337, '608.0000'),
(338, '385.0000'),
(339, '600.0000'),
(340, '385.0000'),
(341, '596.0000'),
(342, '385.0000'),
(349, '592.0000'),
(350, '385.0000'),
(351, '600.0000'),
(352, '385.0000'),
(353, '596.0000'),
(354, '385.0000'),
(355, '608.0000'),
(356, '385.0000'),
(414, '800.0000'),
(415, '385.0000'),
(416, '800.0000'),
(417, '385.0000');

-- --------------------------------------------------------

--
-- Tabelstructuur voor tabel `atSelectedTopics`
--

CREATE TABLE `atSelectedTopics` (
  `avID` int(10) UNSIGNED NOT NULL,
  `TopicNodeID` int(11) NOT NULL
) ENGINE=InnoDB DEFAULT CHARSET=utf8 COLLATE=utf8_unicode_ci;

--
-- Gegevens worden geëxporteerd voor tabel `atSelectedTopics`
--

INSERT INTO `atSelectedTopics` (`avID`, `TopicNodeID`) VALUES
(150, 16),
(155, 18),
(161, 16),
(167, 16),
(172, 16),
(177, 16),
(188, 11),
(190, 13),
(192, 11);

-- --------------------------------------------------------

--
-- Tabelstructuur voor tabel `atSelectOptions`
--

CREATE TABLE `atSelectOptions` (
  `ID` int(10) UNSIGNED NOT NULL,
  `akID` int(10) UNSIGNED DEFAULT NULL,
  `value` varchar(255) COLLATE utf8_unicode_ci DEFAULT NULL,
  `displayOrder` int(10) UNSIGNED DEFAULT NULL,
  `isEndUserAdded` tinyint(1) NOT NULL DEFAULT '0'
) ENGINE=InnoDB DEFAULT CHARSET=utf8 COLLATE=utf8_unicode_ci;

--
-- Gegevens worden geëxporteerd voor tabel `atSelectOptions`
--

INSERT INTO `atSelectOptions` (`ID`, `akID`, `value`, `displayOrder`, `isEndUserAdded`) VALUES
(1, 18, 'Finance', 0, 0),
(2, 18, 'Marketing and Sales', 1, 0),
(3, 18, 'Human Resources', 2, 0),
(4, 18, 'Technical and Operations', 3, 0),
(5, 18, 'Management', 4, 0),
(6, 25, 'Architecture', 0, 0),
(7, 25, 'Multimedia', 1, 0),
(8, 25, 'Design', 2, 0),
(9, 25, 'Production', 3, 0),
(10, 25, 'Development', 4, 0),
(11, 25, 'Quality Assurance', 5, 0),
(12, 26, 'HTML', 0, 0),
(13, 26, 'JavaScript', 1, 0),
(14, 26, 'PHP', 2, 0),
(15, 26, 'Database', 3, 0),
(16, 26, 'CSS', 4, 0),
(17, 26, 'Ruby', 5, 0),
(18, 26, 'Java', 6, 0),
(19, 26, 'iOS/Android/App Development', 7, 0),
(20, 26, 'Photoshop', 8, 0),
(21, 26, 'Python', 9, 0),
(22, 26, 'Writing', 10, 0);

-- --------------------------------------------------------

--
-- Tabelstructuur voor tabel `atSelectOptionsSelected`
--

CREATE TABLE `atSelectOptionsSelected` (
  `avID` int(10) UNSIGNED NOT NULL,
  `atSelectOptionID` int(10) UNSIGNED NOT NULL
) ENGINE=InnoDB DEFAULT CHARSET=utf8 COLLATE=utf8_unicode_ci;

--
-- Gegevens worden geëxporteerd voor tabel `atSelectOptionsSelected`
--

INSERT INTO `atSelectOptionsSelected` (`avID`, `atSelectOptionID`) VALUES
(152, 6),
(152, 8),
(152, 9),
(153, 12),
(153, 13),
(153, 14),
(157, 6),
(158, 14),
(163, 7),
(163, 9),
(163, 10),
(164, 12),
(164, 13),
(164, 14),
(164, 16),
(169, 8),
(170, 20),
(174, 8),
(175, 20),
(179, 8),
(180, 20),
(205, 4),
(212, 2);

-- --------------------------------------------------------

--
-- Tabelstructuur voor tabel `atSelectSettings`
--

CREATE TABLE `atSelectSettings` (
  `akID` int(10) UNSIGNED NOT NULL,
  `akSelectAllowMultipleValues` tinyint(1) NOT NULL DEFAULT '0',
  `akSelectOptionDisplayOrder` varchar(255) COLLATE utf8_unicode_ci NOT NULL DEFAULT 'display_asc',
  `akSelectAllowOtherValues` tinyint(1) NOT NULL DEFAULT '0'
) ENGINE=InnoDB DEFAULT CHARSET=utf8 COLLATE=utf8_unicode_ci;

--
-- Gegevens worden geëxporteerd voor tabel `atSelectSettings`
--

INSERT INTO `atSelectSettings` (`akID`, `akSelectAllowMultipleValues`, `akSelectOptionDisplayOrder`, `akSelectAllowOtherValues`) VALUES
(8, 1, 'display_asc', 1),
(18, 0, 'display_asc', 0),
(25, 1, 'display_asc', 0),
(26, 1, 'display_asc', 0);

-- --------------------------------------------------------

--
-- Tabelstructuur voor tabel `atSocialLinks`
--

CREATE TABLE `atSocialLinks` (
  `avsID` int(10) UNSIGNED NOT NULL,
  `avID` int(10) UNSIGNED NOT NULL DEFAULT '0',
  `service` varchar(255) COLLATE utf8_unicode_ci DEFAULT NULL,
  `serviceInfo` varchar(255) COLLATE utf8_unicode_ci DEFAULT NULL
) ENGINE=InnoDB DEFAULT CHARSET=utf8 COLLATE=utf8_unicode_ci;

-- --------------------------------------------------------

--
-- Tabelstructuur voor tabel `atTextareaSettings`
--

CREATE TABLE `atTextareaSettings` (
  `akID` int(10) UNSIGNED NOT NULL DEFAULT '0',
  `akTextareaDisplayMode` varchar(255) COLLATE utf8_unicode_ci DEFAULT NULL,
  `akTextareaDisplayModeCustomOptions` text COLLATE utf8_unicode_ci
) ENGINE=InnoDB DEFAULT CHARSET=utf8 COLLATE=utf8_unicode_ci;

--
-- Gegevens worden geëxporteerd voor tabel `atTextareaSettings`
--

INSERT INTO `atTextareaSettings` (`akID`, `akTextareaDisplayMode`, `akTextareaDisplayModeCustomOptions`) VALUES
(2, '', ''),
(3, '', ''),
(4, '', ''),
(7, '', ''),
(19, 'text', '');

-- --------------------------------------------------------

--
-- Tabelstructuur voor tabel `atTopicSettings`
--

CREATE TABLE `atTopicSettings` (
  `akID` int(10) UNSIGNED NOT NULL DEFAULT '0',
  `akTopicParentNodeID` int(11) DEFAULT NULL,
  `akTopicTreeID` int(11) DEFAULT NULL
) ENGINE=InnoDB DEFAULT CHARSET=utf8 COLLATE=utf8_unicode_ci;

--
-- Gegevens worden geëxporteerd voor tabel `atTopicSettings`
--

INSERT INTO `atTopicSettings` (`akID`, `akTopicParentNodeID`, `akTopicTreeID`) VALUES
(22, 5, 2),
(23, 14, 3);

-- --------------------------------------------------------

--
-- Tabelstructuur voor tabel `AttributeKeyCategories`
--

CREATE TABLE `AttributeKeyCategories` (
  `akCategoryID` int(10) UNSIGNED NOT NULL,
  `akCategoryHandle` varchar(255) COLLATE utf8_unicode_ci NOT NULL,
  `akCategoryAllowSets` smallint(6) NOT NULL DEFAULT '0',
  `pkgID` int(10) UNSIGNED DEFAULT NULL
) ENGINE=InnoDB DEFAULT CHARSET=utf8 COLLATE=utf8_unicode_ci;

--
-- Gegevens worden geëxporteerd voor tabel `AttributeKeyCategories`
--

INSERT INTO `AttributeKeyCategories` (`akCategoryID`, `akCategoryHandle`, `akCategoryAllowSets`, `pkgID`) VALUES
(1, 'collection', 1, NULL),
(2, 'user', 1, NULL),
(3, 'file', 1, NULL);

-- --------------------------------------------------------

--
-- Tabelstructuur voor tabel `AttributeKeys`
--

CREATE TABLE `AttributeKeys` (
  `akID` int(10) UNSIGNED NOT NULL,
  `akHandle` varchar(255) COLLATE utf8_unicode_ci NOT NULL,
  `akName` varchar(255) COLLATE utf8_unicode_ci NOT NULL,
  `akIsSearchable` tinyint(1) NOT NULL DEFAULT '0',
  `akIsSearchableIndexed` tinyint(1) NOT NULL DEFAULT '0',
  `akIsAutoCreated` tinyint(1) NOT NULL DEFAULT '0',
  `akIsInternal` tinyint(1) NOT NULL DEFAULT '0',
  `akIsColumnHeader` tinyint(1) NOT NULL DEFAULT '0',
  `akIsEditable` tinyint(1) NOT NULL DEFAULT '0',
  `atID` int(10) UNSIGNED DEFAULT NULL,
  `akCategoryID` int(10) UNSIGNED DEFAULT NULL,
  `pkgID` int(10) UNSIGNED DEFAULT NULL
) ENGINE=InnoDB DEFAULT CHARSET=utf8 COLLATE=utf8_unicode_ci;

--
-- Gegevens worden geëxporteerd voor tabel `AttributeKeys`
--

INSERT INTO `AttributeKeys` (`akID`, `akHandle`, `akName`, `akIsSearchable`, `akIsSearchableIndexed`, `akIsAutoCreated`, `akIsInternal`, `akIsColumnHeader`, `akIsEditable`, `atID`, `akCategoryID`, `pkgID`) VALUES
(1, 'meta_title', 'Meta Title', 1, 1, 1, 0, 0, 1, 1, 1, 0),
(2, 'meta_description', 'Meta Description', 1, 1, 1, 0, 0, 1, 2, 1, 0),
(3, 'meta_keywords', 'Meta Keywords', 1, 1, 1, 0, 0, 1, 2, 1, 0),
(4, 'icon_dashboard', 'Dashboard Icon', 0, 0, 1, 1, 0, 1, 2, 1, 0),
(5, 'exclude_nav', 'Exclude From Nav', 1, 1, 1, 0, 0, 1, 3, 1, 0),
(6, 'exclude_page_list', 'Exclude From Page List', 1, 1, 1, 0, 0, 1, 3, 1, 0),
(7, 'header_extra_content', 'Header Extra Content', 1, 1, 1, 0, 0, 1, 2, 1, 0),
(8, 'tags', 'Tags', 1, 1, 1, 0, 0, 1, 8, 1, 0),
(9, 'is_featured', 'Is Featured', 1, 0, 1, 0, 0, 1, 3, 1, 0),
(10, 'exclude_search_index', 'Exclude From Search Index', 1, 1, 1, 0, 0, 1, 3, 1, 0),
(11, 'exclude_sitemapxml', 'Exclude From sitemap.xml', 1, 1, 1, 0, 0, 1, 3, 1, 0),
(12, 'profile_private_messages_enabled', 'I would like to receive private messages.', 1, 0, 0, 0, 0, 1, 3, 2, 0),
(13, 'profile_private_messages_notification_enabled', 'Send me email notifications when I receive a private message.', 1, 0, 0, 0, 0, 1, 3, 2, 0),
(14, 'width', 'Width', 1, 1, 1, 0, 0, 1, 6, 3, 0),
(15, 'height', 'Height', 1, 1, 1, 0, 0, 1, 6, 3, 0),
(16, 'account_profile_links', 'Personal Links', 0, 0, 0, 0, 0, 1, 11, 2, 0),
(17, 'duration', 'Duration', 1, 1, 1, 0, 0, 1, 6, 3, 0),
(18, 'job_posting_department', 'Department', 1, 1, 1, 0, 0, 1, 8, 1, 0),
(19, 'job_location', 'Location', 1, 1, 1, 0, 0, 1, 2, 1, 0),
(20, 'exclude_subpages_from_nav', 'Exclude Sub-Pages From Nav', 1, 1, 1, 0, 0, 1, 3, 1, 0),
(21, 'thumbnail', 'Thumbnail', 1, 1, 1, 0, 0, 1, 5, 1, 0),
(22, 'blog_entry_topics', 'Blog Entry Topics', 1, 1, 1, 0, 0, 1, 10, 1, 0),
(23, 'project_topics', 'Project Topics', 1, 1, 1, 0, 0, 1, 10, 1, 0),
(24, 'project_client', 'Client', 1, 1, 1, 0, 0, 1, 1, 1, 0),
(25, 'project_tasks', 'Task', 1, 1, 1, 0, 0, 1, 8, 1, 0),
(26, 'project_skills', 'Skills', 1, 1, 1, 0, 0, 1, 8, 1, 0),
(27, 'hero_image', 'Hero', 1, 0, 0, 0, 0, 1, 5, 1, 0),
(28, 'banner_image', 'Banner', 1, 0, 0, 0, 0, 1, 5, 1, 0),
(29, 'banner_text', 'Banner text', 1, 0, 0, 0, 0, 1, 1, 1, 0);

-- --------------------------------------------------------

--
-- Tabelstructuur voor tabel `AttributeSetKeys`
--

CREATE TABLE `AttributeSetKeys` (
  `akID` int(10) UNSIGNED NOT NULL DEFAULT '0',
  `asID` int(10) UNSIGNED NOT NULL DEFAULT '0',
  `displayOrder` int(10) UNSIGNED NOT NULL DEFAULT '0'
) ENGINE=InnoDB DEFAULT CHARSET=utf8 COLLATE=utf8_unicode_ci;

--
-- Gegevens worden geëxporteerd voor tabel `AttributeSetKeys`
--

INSERT INTO `AttributeSetKeys` (`akID`, `asID`, `displayOrder`) VALUES
(1, 1, 1),
(2, 1, 2),
(7, 1, 3),
(11, 1, 4),
(9, 2, 0),
(5, 2, 1),
(6, 2, 2),
(10, 2, 3),
(8, 2, 4),
(27, 2, 5),
(21, 2, 6),
(28, 2, 7),
(20, 2, 8),
(18, 3, 1),
(19, 3, 2),
(22, 4, 1),
(23, 5, 1),
(24, 5, 2),
(25, 5, 3),
(26, 5, 4);

-- --------------------------------------------------------

--
-- Tabelstructuur voor tabel `AttributeSets`
--

CREATE TABLE `AttributeSets` (
  `asID` int(10) UNSIGNED NOT NULL,
  `asName` varchar(255) COLLATE utf8_unicode_ci DEFAULT NULL,
  `asHandle` varchar(255) COLLATE utf8_unicode_ci NOT NULL,
  `akCategoryID` int(10) UNSIGNED NOT NULL DEFAULT '0',
  `pkgID` int(10) UNSIGNED NOT NULL DEFAULT '0',
  `asIsLocked` tinyint(1) NOT NULL DEFAULT '1',
  `asDisplayOrder` int(10) UNSIGNED NOT NULL DEFAULT '0'
) ENGINE=InnoDB DEFAULT CHARSET=utf8 COLLATE=utf8_unicode_ci;

--
-- Gegevens worden geëxporteerd voor tabel `AttributeSets`
--

INSERT INTO `AttributeSets` (`asID`, `asName`, `asHandle`, `akCategoryID`, `pkgID`, `asIsLocked`, `asDisplayOrder`) VALUES
(1, 'SEO', 'seo', 1, 0, 0, 0),
(2, 'Navigation and Indexing', 'navigation', 1, 0, 0, 1),
(3, 'Jobs', 'job_board', 1, 0, 0, 2),
(4, 'Blog', 'blog', 1, 0, 0, 3),
(5, 'Portfolio', 'portfolio', 1, 0, 0, 4);

-- --------------------------------------------------------

--
-- Tabelstructuur voor tabel `AttributeTypeCategories`
--

CREATE TABLE `AttributeTypeCategories` (
  `atID` int(10) UNSIGNED NOT NULL DEFAULT '0',
  `akCategoryID` int(10) UNSIGNED NOT NULL DEFAULT '0'
) ENGINE=InnoDB DEFAULT CHARSET=utf8 COLLATE=utf8_unicode_ci;

--
-- Gegevens worden geëxporteerd voor tabel `AttributeTypeCategories`
--

INSERT INTO `AttributeTypeCategories` (`atID`, `akCategoryID`) VALUES
(1, 1),
(1, 2),
(1, 3),
(2, 1),
(2, 2),
(2, 3),
(3, 1),
(3, 2),
(3, 3),
(4, 1),
(4, 2),
(4, 3),
(5, 1),
(6, 1),
(6, 2),
(6, 3),
(7, 1),
(7, 3),
(8, 1),
(8, 2),
(8, 3),
(9, 2),
(10, 1),
(10, 2),
(10, 3),
(11, 2);

-- --------------------------------------------------------

--
-- Tabelstructuur voor tabel `AttributeTypes`
--

CREATE TABLE `AttributeTypes` (
  `atID` int(10) UNSIGNED NOT NULL,
  `atHandle` varchar(255) COLLATE utf8_unicode_ci NOT NULL,
  `atName` varchar(255) COLLATE utf8_unicode_ci NOT NULL,
  `pkgID` int(10) UNSIGNED DEFAULT NULL
) ENGINE=InnoDB DEFAULT CHARSET=utf8 COLLATE=utf8_unicode_ci;

--
-- Gegevens worden geëxporteerd voor tabel `AttributeTypes`
--

INSERT INTO `AttributeTypes` (`atID`, `atHandle`, `atName`, `pkgID`) VALUES
(1, 'text', 'Text', 0),
(2, 'textarea', 'Text Area', 0),
(3, 'boolean', 'Checkbox', 0),
(4, 'date_time', 'Date/Time', 0),
(5, 'image_file', 'Image/File', 0),
(6, 'number', 'Number', 0),
(7, 'rating', 'Rating', 0),
(8, 'select', 'Select', 0),
(9, 'address', 'Address', 0),
(10, 'topics', 'Topics', 0),
(11, 'social_links', 'Social Links', 0);

-- --------------------------------------------------------

--
-- Tabelstructuur voor tabel `AttributeValues`
--

CREATE TABLE `AttributeValues` (
  `avID` int(10) UNSIGNED NOT NULL,
  `akID` int(10) UNSIGNED DEFAULT NULL,
  `avDateAdded` datetime NOT NULL DEFAULT '1000-01-01 00:00:00',
  `uID` int(10) UNSIGNED DEFAULT NULL,
  `atID` int(10) UNSIGNED DEFAULT NULL
) ENGINE=InnoDB DEFAULT CHARSET=utf8 COLLATE=utf8_unicode_ci;

--
-- Gegevens worden geëxporteerd voor tabel `AttributeValues`
--

INSERT INTO `AttributeValues` (`avID`, `akID`, `avDateAdded`, `uID`, `atID`) VALUES
(1, 4, '2017-02-22 09:43:55', 1, 2),
(2, 3, '2017-02-22 09:43:55', 1, 2),
(3, 3, '2017-02-22 09:43:55', 1, 2),
(4, 3, '2017-02-22 09:43:55', 1, 2),
(5, 3, '2017-02-22 09:43:55', 1, 2),
(6, 3, '2017-02-22 09:43:55', 1, 2),
(7, 3, '2017-02-22 09:43:55', 1, 2),
(8, 3, '2017-02-22 09:43:55', 1, 2),
(9, 5, '2017-02-22 09:43:55', 1, 3),
(10, 3, '2017-02-22 09:43:55', 1, 2),
(11, 3, '2017-02-22 09:43:55', 1, 2),
(12, 3, '2017-02-22 09:43:56', 1, 2),
(13, 3, '2017-02-22 09:43:56', 1, 2),
(14, 3, '2017-02-22 09:43:56', 1, 2),
(15, 3, '2017-02-22 09:43:56', 1, 2),
(16, 5, '2017-02-22 09:43:56', 1, 3),
(17, 3, '2017-02-22 09:43:56', 1, 2),
(18, 5, '2017-02-22 09:43:56', 1, 3),
(19, 3, '2017-02-22 09:43:56', 1, 2),
(20, 3, '2017-02-22 09:43:56', 1, 2),
(21, 3, '2017-02-22 09:43:56', 1, 2),
(22, 3, '2017-02-22 09:43:56', 1, 2),
(23, 3, '2017-02-22 09:43:56', 1, 2),
(24, 3, '2017-02-22 09:43:56', 1, 2),
(25, 3, '2017-02-22 09:43:56', 1, 2),
(26, 3, '2017-02-22 09:43:56', 1, 2),
(27, 3, '2017-02-22 09:43:56', 1, 2),
(28, 5, '2017-02-22 09:43:56', 1, 3),
(29, 5, '2017-02-22 09:43:56', 1, 3),
(30, 5, '2017-02-22 09:43:56', 1, 3),
(31, 5, '2017-02-22 09:43:56', 1, 3),
(32, 5, '2017-02-22 09:43:56', 1, 3),
(33, 5, '2017-02-22 09:43:56', 1, 3),
(34, 5, '2017-02-22 09:43:56', 1, 3),
(35, 5, '2017-02-22 09:43:56', 1, 3),
(36, 3, '2017-02-22 09:43:56', 1, 2),
(37, 3, '2017-02-22 09:43:56', 1, 2),
(38, 3, '2017-02-22 09:43:56', 1, 2),
(39, 4, '2017-02-22 09:43:56', 1, 2),
(40, 3, '2017-02-22 09:43:56', 1, 2),
(41, 3, '2017-02-22 09:43:56', 1, 2),
(42, 5, '2017-02-22 09:43:56', 1, 3),
(43, 10, '2017-02-22 09:43:56', 1, 3),
(44, 3, '2017-02-22 09:43:56', 1, 2),
(45, 3, '2017-02-22 09:43:56', 1, 2),
(46, 3, '2017-02-22 09:43:57', 1, 2),
(47, 5, '2017-02-22 09:43:57', 1, 3),
(48, 3, '2017-02-22 09:43:57', 1, 2),
(49, 3, '2017-02-22 09:43:57', 1, 2),
(50, 3, '2017-02-22 09:43:57', 1, 2),
(51, 5, '2017-02-22 09:43:57', 1, 3),
(52, 3, '2017-02-22 09:43:57', 1, 2),
(53, 3, '2017-02-22 09:43:57', 1, 2),
(54, 3, '2017-02-22 09:43:57', 1, 2),
(55, 3, '2017-02-22 09:43:57', 1, 2),
(56, 3, '2017-02-22 09:43:57', 1, 2),
(57, 3, '2017-02-22 09:43:57', 1, 2),
(58, 3, '2017-02-22 09:43:57', 1, 2),
(59, 3, '2017-02-22 09:43:57', 1, 2),
(60, 3, '2017-02-22 09:43:57', 1, 2),
(61, 3, '2017-02-22 09:43:57', 1, 2),
(62, 3, '2017-02-22 09:43:57', 1, 2),
(63, 3, '2017-02-22 09:43:57', 1, 2),
(64, 3, '2017-02-22 09:43:57', 1, 2),
(65, 3, '2017-02-22 09:43:57', 1, 2),
(66, 3, '2017-02-22 09:43:57', 1, 2),
(67, 3, '2017-02-22 09:43:57', 1, 2),
(68, 3, '2017-02-22 09:43:57', 1, 2),
(69, 3, '2017-02-22 09:43:57', 1, 2),
(70, 3, '2017-02-22 09:43:57', 1, 2),
(71, 3, '2017-02-22 09:43:57', 1, 2),
(72, 3, '2017-02-22 09:43:57', 1, 2),
(73, 3, '2017-02-22 09:43:57', 1, 2),
(74, 3, '2017-02-22 09:43:57', 1, 2),
(75, 3, '2017-02-22 09:43:57', 1, 2),
(76, 3, '2017-02-22 09:43:57', 1, 2),
(77, 3, '2017-02-22 09:43:57', 1, 2),
(78, 3, '2017-02-22 09:43:57', 1, 2),
(79, 3, '2017-02-22 09:43:57', 1, 2),
(80, 3, '2017-02-22 09:43:57', 1, 2),
(81, 3, '2017-02-22 09:43:57', 1, 2),
(82, 3, '2017-02-22 09:43:57', 1, 2),
(83, 3, '2017-02-22 09:43:57', 1, 2),
(84, 3, '2017-02-22 09:43:58', 1, 2),
(85, 3, '2017-02-22 09:43:58', 1, 2),
(86, 3, '2017-02-22 09:43:58', 1, 2),
(87, 3, '2017-02-22 09:43:58', 1, 2),
(88, 3, '2017-02-22 09:43:58', 1, 2),
(89, 3, '2017-02-22 09:43:58', 1, 2),
(90, 3, '2017-02-22 09:43:58', 1, 2),
(91, 3, '2017-02-22 09:43:58', 1, 2),
(92, 3, '2017-02-22 09:43:58', 1, 2),
(93, 3, '2017-02-22 09:43:58', 1, 2),
(94, 3, '2017-02-22 09:43:58', 1, 2),
(95, 3, '2017-02-22 09:43:58', 1, 2),
(96, 3, '2017-02-22 09:43:58', 1, 2),
(97, 3, '2017-02-22 09:43:58', 1, 2),
(98, 3, '2017-02-22 09:43:58', 1, 2),
(99, 10, '2017-02-22 09:43:58', 1, 3),
(100, 3, '2017-02-22 09:43:58', 1, 2),
(101, 3, '2017-02-22 09:43:58', 1, 2),
(102, 3, '2017-02-22 09:43:58', 1, 2),
(103, 3, '2017-02-22 09:43:58', 1, 2),
(104, 3, '2017-02-22 09:43:58', 1, 2),
(105, 3, '2017-02-22 09:43:58', 1, 2),
(106, 3, '2017-02-22 09:43:58', 1, 2),
(107, 5, '2017-02-22 09:43:58', 1, 3),
(108, 5, '2017-02-22 09:43:58', 1, 3),
(109, 10, '2017-02-22 09:43:58', 1, 3),
(110, 4, '2017-02-22 09:44:00', 1, 2),
(111, 4, '2017-02-22 09:44:00', 1, 2),
(112, 4, '2017-02-22 09:44:01', 1, 2),
(113, 4, '2017-02-22 09:44:01', 1, 2),
(114, 14, '2017-02-22 09:44:02', 1, 6),
(115, 15, '2017-02-22 09:44:02', 1, 6),
(116, 14, '2017-02-22 09:44:02', 1, 6),
(117, 15, '2017-02-22 09:44:02', 1, 6),
(118, 14, '2017-02-22 09:44:02', 1, 6),
(119, 15, '2017-02-22 09:44:02', 1, 6),
(120, 14, '2017-02-22 09:44:02', 1, 6),
(121, 15, '2017-02-22 09:44:02', 1, 6),
(122, 14, '2017-02-22 09:44:03', 1, 6),
(123, 15, '2017-02-22 09:44:03', 1, 6),
(124, 14, '2017-02-22 09:44:03', 1, 6),
(125, 15, '2017-02-22 09:44:03', 1, 6),
(126, 14, '2017-02-22 09:44:03', 1, 6),
(127, 15, '2017-02-22 09:44:03', 1, 6),
(128, 14, '2017-02-22 09:44:03', 1, 6),
(129, 15, '2017-02-22 09:44:03', 1, 6),
(130, 14, '2017-02-22 09:44:03', 1, 6),
(131, 15, '2017-02-22 09:44:03', 1, 6),
(132, 14, '2017-02-22 09:44:04', 1, 6),
(133, 15, '2017-02-22 09:44:04', 1, 6),
(134, 14, '2017-02-22 09:44:04', 1, 6),
(135, 15, '2017-02-22 09:44:04', 1, 6),
(136, 14, '2017-02-22 09:44:04', 1, 6),
(137, 15, '2017-02-22 09:44:04', 1, 6),
(138, 14, '2017-02-22 09:44:05', 1, 6),
(139, 15, '2017-02-22 09:44:05', 1, 6),
(140, 14, '2017-02-22 09:44:05', 1, 6),
(141, 15, '2017-02-22 09:44:05', 1, 6),
(142, 14, '2017-02-22 09:44:05', 1, 6),
(143, 15, '2017-02-22 09:44:05', 1, 6),
(144, 14, '2017-02-22 09:44:05', 1, 6),
(145, 15, '2017-02-22 09:44:05', 1, 6),
(146, 5, '2017-02-22 09:44:12', 1, 3),
(147, 20, '2017-02-22 09:44:14', 1, 3),
(148, 9, '2017-02-22 09:44:14', 1, 3),
(149, 21, '2017-02-22 09:44:14', 1, 5),
(150, 23, '2017-02-22 09:44:14', 1, 10),
(151, 24, '2017-02-22 09:44:14', 1, 1),
(152, 25, '2017-02-22 09:44:14', 1, 8),
(153, 26, '2017-02-22 09:44:14', 1, 8),
(154, 21, '2017-02-22 09:44:14', 1, 5),
(155, 23, '2017-02-22 09:44:14', 1, 10),
(156, 24, '2017-02-22 09:44:14', 1, 1),
(157, 25, '2017-02-22 09:44:14', 1, 8),
(158, 26, '2017-02-22 09:44:14', 1, 8),
(159, 9, '2017-02-22 09:44:15', 1, 3),
(160, 21, '2017-02-22 09:44:15', 1, 5),
(161, 23, '2017-02-22 09:44:15', 1, 10),
(162, 24, '2017-02-22 09:44:15', 1, 1),
(163, 25, '2017-02-22 09:44:15', 1, 8),
(164, 26, '2017-02-22 09:44:15', 1, 8),
(165, 9, '2017-02-22 09:44:15', 1, 3),
(166, 21, '2017-02-22 09:44:15', 1, 5),
(167, 23, '2017-02-22 09:44:15', 1, 10),
(168, 24, '2017-02-22 09:44:15', 1, 1),
(169, 25, '2017-02-22 09:44:15', 1, 8),
(170, 26, '2017-02-22 09:44:15', 1, 8),
(171, 21, '2017-02-22 09:44:16', 1, 5),
(172, 23, '2017-02-22 09:44:16', 1, 10),
(173, 24, '2017-02-22 09:44:16', 1, 1),
(174, 25, '2017-02-22 09:44:16', 1, 8),
(175, 26, '2017-02-22 09:44:16', 1, 8),
(176, 21, '2017-02-22 09:44:16', 1, 5),
(177, 23, '2017-02-22 09:44:16', 1, 10),
(178, 24, '2017-02-22 09:44:16', 1, 1),
(179, 25, '2017-02-22 09:44:16', 1, 8),
(180, 26, '2017-02-22 09:44:16', 1, 8),
(181, 20, '2017-02-22 09:44:18', 1, 3),
(182, 1, '2017-02-22 09:44:18', 1, 1),
(183, 2, '2017-02-22 09:44:18', 1, 2),
(184, 3, '2017-02-22 09:44:18', 1, 2),
(185, 7, '2017-02-22 09:44:18', 1, 2),
(186, 11, '2017-02-22 09:44:18', 1, 3),
(187, 21, '2017-02-22 09:44:18', 1, 5),
(188, 22, '2017-02-22 09:44:18', 1, 10),
(189, 21, '2017-02-22 09:44:18', 1, 5),
(190, 22, '2017-02-22 09:44:18', 1, 10),
(191, 21, '2017-02-22 09:44:19', 1, 5),
(192, 22, '2017-02-22 09:44:19', 1, 10),
(193, 1, '2017-02-22 09:44:19', 1, 1),
(194, 2, '2017-02-22 09:44:19', 1, 2),
(195, 3, '2017-02-22 09:44:19', 1, 2),
(196, 5, '2017-02-22 09:44:19', 1, 3),
(197, 7, '2017-02-22 09:44:19', 1, 2),
(198, 11, '2017-02-22 09:44:19', 1, 3),
(199, 5, '2017-02-22 09:44:20', 1, 3),
(200, 1, '2017-02-22 09:44:21', 1, 1),
(201, 2, '2017-02-22 09:44:22', 1, 2),
(202, 3, '2017-02-22 09:44:22', 1, 2),
(203, 7, '2017-02-22 09:44:22', 1, 2),
(204, 11, '2017-02-22 09:44:22', 1, 3),
(205, 18, '2017-02-22 09:44:22', 1, 8),
(206, 19, '2017-02-22 09:44:22', 1, 2),
(207, 1, '2017-02-22 09:44:22', 1, 1),
(208, 2, '2017-02-22 09:44:22', 1, 2),
(209, 3, '2017-02-22 09:44:22', 1, 2),
(210, 7, '2017-02-22 09:44:22', 1, 2),
(211, 11, '2017-02-22 09:44:22', 1, 3),
(212, 18, '2017-02-22 09:44:22', 1, 8),
(213, 19, '2017-02-22 09:44:22', 1, 2),
(214, 5, '2017-02-22 11:49:39', 1, 3),
(215, 14, '2017-02-22 13:36:13', 1, 6),
(216, 15, '2017-02-22 13:36:13', 1, 6),
(217, 14, '2017-02-22 14:41:20', 1, 6),
(218, 15, '2017-02-22 14:41:20', 1, 6),
(219, 5, '2017-02-22 14:53:12', 1, 3),
(220, 14, '2017-02-22 15:07:50', 1, 6),
(221, 15, '2017-02-22 15:07:50', 1, 6),
(222, 14, '2017-02-22 15:07:51', 1, 6),
(223, 15, '2017-02-22 15:07:51', 1, 6),
(224, 14, '2017-02-22 15:07:53', 1, 6),
(225, 15, '2017-02-22 15:07:53', 1, 6),
(226, 14, '2017-02-22 15:07:54', 1, 6),
(227, 15, '2017-02-22 15:07:54', 1, 6),
(228, 14, '2017-02-22 15:07:55', 1, 6),
(229, 15, '2017-02-22 15:07:55', 1, 6),
(230, 14, '2017-02-22 15:07:56', 1, 6),
(231, 15, '2017-02-22 15:07:56', 1, 6),
(232, 14, '2017-02-22 15:07:56', 1, 6),
(233, 15, '2017-02-22 15:07:56', 1, 6),
(234, 21, '2017-02-22 15:08:17', 1, 5),
(235, 21, '2017-02-22 15:08:30', 1, 5),
(236, 21, '2017-02-22 15:08:41', 1, 5),
(237, 21, '2017-02-22 15:08:52', 1, 5),
(238, 21, '2017-02-22 15:09:08', 1, 5),
(239, 21, '2017-02-22 15:09:18', 1, 5),
(240, 21, '2017-02-22 15:09:26', 1, 5),
(241, 21, '2017-02-22 15:27:07', 1, 5),
(242, 21, '2017-02-22 15:27:33', 1, 5),
(243, 21, '2017-02-22 15:27:45', 1, 5),
(244, 21, '2017-02-22 15:28:17', 1, 5),
(245, 21, '2017-02-22 15:28:44', 1, 5),
(246, 21, '2017-02-22 15:28:58', 1, 5),
(247, 21, '2017-02-22 15:29:09', 1, 5),
(248, 21, '2017-02-22 15:30:31', 1, 5),
(249, 14, '2017-02-23 09:39:25', 1, 6),
(250, 15, '2017-02-23 09:39:25', 1, 6),
(251, 5, '2017-02-23 10:08:50', 1, 3),
(252, 27, '2017-02-23 10:08:50', 1, 5),
(253, 28, '2017-02-23 10:08:50', 1, 5),
(254, 27, '2017-02-23 10:15:28', 1, 5),
(255, 27, '2017-02-23 10:15:39', 1, 5),
(256, 27, '2017-02-23 10:15:50', 1, 5),
(257, 5, '2017-02-23 10:16:01', 1, 3),
(258, 27, '2017-02-23 10:16:01', 1, 5),
(259, 21, '2017-02-23 10:16:14', 1, 5),
(260, 27, '2017-02-23 10:16:14', 1, 5),
(261, 21, '2017-02-23 10:16:25', 1, 5),
(262, 27, '2017-02-23 10:16:25', 1, 5),
(263, 21, '2017-02-23 10:16:37', 1, 5),
(264, 27, '2017-02-23 10:16:37', 1, 5),
(265, 21, '2017-02-23 10:16:51', 1, 5),
(266, 27, '2017-02-23 10:16:51', 1, 5),
(267, 21, '2017-02-23 10:17:07', 1, 5),
(268, 27, '2017-02-23 10:17:07', 1, 5),
(269, 21, '2017-02-23 10:17:17', 1, 5),
(270, 27, '2017-02-23 10:17:17', 1, 5),
(271, 21, '2017-02-23 10:17:29', 1, 5),
(272, 27, '2017-02-23 10:17:29', 1, 5),
(273, 27, '2017-02-23 10:22:52', 1, 5),
(274, 5, '2017-02-23 11:45:45', 1, 3),
(275, 27, '2017-02-23 11:45:45', 1, 5),
(276, 28, '2017-02-23 11:45:45', 1, 5),
(277, 29, '2017-02-23 11:45:45', 1, 1),
(278, 5, '2017-02-23 12:12:40', 1, 3),
(279, 27, '2017-02-23 12:12:40', 1, 5),
(280, 28, '2017-02-23 12:12:40', 1, 5),
(281, 29, '2017-02-23 12:12:40', 1, 1),
(282, 5, '2017-02-23 12:15:21', 1, 3),
(283, 27, '2017-02-23 12:15:21', 1, 5),
(284, 28, '2017-02-23 12:15:21', 1, 5),
(285, 14, '2017-02-23 12:32:20', 1, 6),
(286, 15, '2017-02-23 12:32:20', 1, 6),
(287, 27, '2017-02-23 12:44:59', 1, 5),
(288, 27, '2017-02-23 12:45:22', 1, 5),
(289, 27, '2017-02-23 14:04:15', 1, 5),
(290, 27, '2017-02-23 14:05:18', 1, 5),
(291, 14, '2017-02-23 14:05:31', 1, 6),
(292, 15, '2017-02-23 14:05:31', 1, 6),
(293, 5, '2017-02-23 14:24:09', 1, 3),
(294, 27, '2017-02-23 14:24:09', 1, 5),
(295, 14, '2017-02-23 14:51:34', 1, 6),
(296, 15, '2017-02-23 14:51:34', 1, 6),
(297, 14, '2017-02-23 14:52:40', 1, 6),
(298, 15, '2017-02-23 14:52:40', 1, 6),
(299, 14, '2017-02-23 15:02:27', 1, 6),
(300, 15, '2017-02-23 15:02:27', 1, 6),
(301, 14, '2017-02-23 15:21:59', 1, 6),
(302, 15, '2017-02-23 15:21:59', 1, 6),
(303, 14, '2017-02-23 15:23:00', 1, 6),
(304, 15, '2017-02-23 15:23:01', 1, 6),
(305, 14, '2017-02-23 15:30:33', 1, 6),
(306, 15, '2017-02-23 15:30:33', 1, 6),
(307, 14, '2017-02-23 15:32:22', 1, 6),
(308, 15, '2017-02-23 15:32:22', 1, 6),
(309, 14, '2017-02-23 15:37:49', 1, 6),
(310, 15, '2017-02-23 15:37:49', 1, 6),
(311, 14, '2017-02-23 16:34:36', 1, 6),
(312, 15, '2017-02-23 16:34:36', 1, 6),
(313, 1, '2017-02-23 16:38:19', 1, 1),
(314, 2, '2017-02-23 16:38:19', 1, 2),
(315, 7, '2017-02-23 16:38:19', 1, 2),
(316, 11, '2017-02-23 16:38:19', 1, 3),
(317, 1, '2017-02-23 16:39:17', 1, 1),
(318, 2, '2017-02-23 16:39:17', 1, 2),
(319, 7, '2017-02-23 16:39:17', 1, 2),
(320, 11, '2017-02-23 16:39:17', 1, 3),
(321, 21, '2017-02-23 16:39:17', 1, 5),
(322, 27, '2017-02-23 16:39:17', 1, 5),
(323, 5, '2017-02-23 16:39:17', 1, 3),
(324, 27, '2017-02-24 12:18:20', 1, 5),
(325, 27, '2017-02-24 12:41:42', 1, 5),
(326, 20, '2017-02-24 12:41:42', 1, 3),
(327, 27, '2017-02-24 12:42:05', 1, 5),
(328, 5, '2017-02-24 12:42:05', 1, 3),
(329, 27, '2017-02-24 12:42:22', 1, 5),
(330, 5, '2017-02-24 12:42:22', 1, 3),
(331, 27, '2017-02-24 12:42:30', 1, 5),
(332, 5, '2017-02-24 12:42:30', 1, 3),
(333, 27, '2017-02-24 12:42:41', 1, 5),
(334, 5, '2017-02-24 12:42:41', 1, 3),
(335, 14, '2017-02-24 12:49:09', 1, 6),
(336, 15, '2017-02-24 12:49:09', 1, 6),
(337, 14, '2017-02-24 12:49:09', 1, 6),
(338, 15, '2017-02-24 12:49:09', 1, 6),
(339, 14, '2017-02-24 12:49:10', 1, 6),
(340, 15, '2017-02-24 12:49:10', 1, 6),
(341, 14, '2017-02-24 12:49:10', 1, 6),
(342, 15, '2017-02-24 12:49:10', 1, 6),
(343, 5, '2017-02-24 12:49:25', 1, 3),
(344, 27, '2017-02-24 12:49:25', 1, 5),
(345, 21, '2017-02-24 12:49:25', 1, 5),
(346, 5, '2017-02-24 12:49:41', 1, 3),
(347, 27, '2017-02-24 12:49:41', 1, 5),
(348, 21, '2017-02-24 12:49:41', 1, 5),
(349, 14, '2017-02-24 15:07:51', 1, 6),
(350, 15, '2017-02-24 15:07:51', 1, 6),
(351, 14, '2017-02-24 15:07:51', 1, 6),
(352, 15, '2017-02-24 15:07:51', 1, 6),
(353, 14, '2017-02-24 15:07:52', 1, 6),
(354, 15, '2017-02-24 15:07:52', 1, 6),
(355, 14, '2017-02-24 15:07:52', 1, 6),
(356, 15, '2017-02-24 15:07:52', 1, 6),
(357, 27, '2017-02-24 16:24:26', 1, 5),
(358, 27, '2017-02-24 16:25:35', 1, 5),
(359, 5, '2017-02-24 16:25:35', 1, 3),
(360, 27, '2017-02-24 16:25:46', 1, 5),
(361, 5, '2017-02-24 16:25:46', 1, 3),
(362, 27, '2017-02-24 16:25:56', 1, 5),
(363, 5, '2017-02-24 16:25:56', 1, 3),
(364, 27, '2017-02-24 16:26:05', 1, 5),
(365, 5, '2017-02-24 16:26:05', 1, 3),
(366, 27, '2017-02-24 16:26:12', 1, 5),
(367, 5, '2017-02-24 16:26:12', 1, 3),
(368, 27, '2017-02-24 16:26:20', 1, 5),
(369, 5, '2017-02-24 16:26:20', 1, 3),
(370, 27, '2017-02-24 16:26:26', 1, 5),
(371, 5, '2017-02-24 16:26:26', 1, 3),
(372, 5, '2017-02-24 16:30:14', 1, 3),
(373, 27, '2017-02-24 16:30:14', 1, 5),
(374, 21, '2017-02-24 16:30:14', 1, 5),
(375, 5, '2017-02-24 16:30:30', 1, 3),
(376, 27, '2017-02-24 16:30:30', 1, 5),
(377, 21, '2017-02-24 16:30:30', 1, 5),
(378, 5, '2017-02-24 16:30:43', 1, 3),
(379, 27, '2017-02-24 16:30:43', 1, 5),
(380, 21, '2017-02-24 16:30:43', 1, 5),
(381, 5, '2017-02-24 16:30:57', 1, 3),
(382, 27, '2017-02-24 16:30:57', 1, 5),
(383, 21, '2017-02-24 16:30:57', 1, 5),
(384, 5, '2017-02-24 16:31:09', 1, 3),
(385, 27, '2017-02-24 16:31:09', 1, 5),
(386, 21, '2017-02-24 16:31:09', 1, 5),
(387, 5, '2017-02-24 16:31:19', 1, 3),
(388, 27, '2017-02-24 16:31:19', 1, 5),
(389, 21, '2017-02-24 16:31:19', 1, 5),
(390, 5, '2017-02-24 16:31:30', 1, 3),
(391, 27, '2017-02-24 16:31:31', 1, 5),
(392, 21, '2017-02-24 16:31:31', 1, 5),
(393, 27, '2017-02-27 13:44:57', 1, 5),
(394, 5, '2017-02-27 13:44:57', 1, 3),
(395, 5, '2017-02-27 13:45:13', 1, 3),
(396, 27, '2017-02-27 13:45:13', 1, 5),
(397, 27, '2017-02-27 13:45:23', 1, 5),
(398, 5, '2017-02-27 13:45:23', 1, 3),
(399, 5, '2017-02-27 13:51:57', 1, 3),
(400, 21, '2017-02-27 13:51:57', 1, 5),
(401, 27, '2017-02-27 13:51:57', 1, 5),
(402, 5, '2017-02-27 13:52:15', 1, 3),
(403, 21, '2017-02-27 13:52:15', 1, 5),
(404, 27, '2017-02-27 13:52:15', 1, 5),
(405, 27, '2017-02-27 13:54:31', 1, 5),
(406, 21, '2017-02-27 13:54:31', 1, 5),
(407, 27, '2017-02-27 13:54:43', 1, 5),
(408, 21, '2017-02-27 13:54:43', 1, 5),
(409, 5, '2017-02-27 14:29:18', 1, 3),
(410, 27, '2017-02-27 14:29:18', 1, 5),
(411, 28, '2017-02-27 14:29:18', 1, 5),
(412, 5, '2017-02-27 14:41:39', 1, 3),
(413, 27, '2017-02-27 14:41:39', 1, 5),
(414, 14, '2017-02-27 15:26:32', 1, 6),
(415, 15, '2017-02-27 15:26:32', 1, 6),
(416, 14, '2017-02-27 15:28:18', 1, 6),
(417, 15, '2017-02-27 15:28:18', 1, 6),
(418, 27, '2017-02-27 15:38:44', 1, 5),
(419, 5, '2017-02-27 15:38:44', 1, 3),
(420, 27, '2017-02-27 15:38:52', 1, 5),
(421, 5, '2017-02-27 15:38:52', 1, 3),
(422, 27, '2017-02-27 15:38:59', 1, 5),
(423, 5, '2017-02-27 15:38:59', 1, 3);

-- --------------------------------------------------------

--
-- Tabelstructuur voor tabel `AuthenticationTypes`
--

CREATE TABLE `AuthenticationTypes` (
  `authTypeID` int(10) UNSIGNED NOT NULL,
  `authTypeHandle` varchar(255) COLLATE utf8_unicode_ci NOT NULL,
  `authTypeName` varchar(255) COLLATE utf8_unicode_ci NOT NULL,
  `authTypeIsEnabled` tinyint(1) NOT NULL,
  `authTypeDisplayOrder` int(10) UNSIGNED DEFAULT NULL,
  `pkgID` int(10) UNSIGNED DEFAULT NULL
) ENGINE=InnoDB DEFAULT CHARSET=utf8 COLLATE=utf8_unicode_ci;

--
-- Gegevens worden geëxporteerd voor tabel `AuthenticationTypes`
--

INSERT INTO `AuthenticationTypes` (`authTypeID`, `authTypeHandle`, `authTypeName`, `authTypeIsEnabled`, `authTypeDisplayOrder`, `pkgID`) VALUES
(1, 'concrete', 'Standard', 1, 0, 0),
(2, 'community', 'concrete5.org', 0, 0, 0),
(3, 'facebook', 'Facebook', 0, 0, 0),
(4, 'twitter', 'Twitter', 0, 0, 0),
(5, 'google', 'Google', 0, 0, 0);

-- --------------------------------------------------------

--
-- Tabelstructuur voor tabel `authTypeConcreteCookieMap`
--

CREATE TABLE `authTypeConcreteCookieMap` (
  `ID` int(10) UNSIGNED NOT NULL,
  `token` varchar(32) COLLATE utf8_unicode_ci DEFAULT NULL,
  `uID` int(11) DEFAULT NULL,
  `validThrough` int(11) DEFAULT NULL
) ENGINE=InnoDB DEFAULT CHARSET=utf8 COLLATE=utf8_unicode_ci;

--
-- Gegevens worden geëxporteerd voor tabel `authTypeConcreteCookieMap`
--

INSERT INTO `authTypeConcreteCookieMap` (`ID`, `token`, `uID`, `validThrough`) VALUES
(1, '854137f339cdeef949ee4c00def6a7b8', 1, 1489413569),
(2, '3776eac3c746a9b906cfa75e310a0b96', 1, 1489413569);

-- --------------------------------------------------------

--
-- Tabelstructuur voor tabel `BannedWords`
--

CREATE TABLE `BannedWords` (
  `bwID` int(10) UNSIGNED NOT NULL,
  `bannedWord` longtext COLLATE utf8_unicode_ci NOT NULL
) ENGINE=InnoDB DEFAULT CHARSET=utf8 COLLATE=utf8_unicode_ci;

--
-- Gegevens worden geëxporteerd voor tabel `BannedWords`
--

INSERT INTO `BannedWords` (`bwID`, `bannedWord`) VALUES
(1, 'fuck'),
(2, 'shit'),
(3, 'bitch'),
(4, 'ass');

-- --------------------------------------------------------

--
-- Tabelstructuur voor tabel `BasicWorkflowPermissionAssignments`
--

CREATE TABLE `BasicWorkflowPermissionAssignments` (
  `wfID` int(10) UNSIGNED NOT NULL DEFAULT '0',
  `pkID` int(10) UNSIGNED NOT NULL DEFAULT '0',
  `paID` int(10) UNSIGNED NOT NULL DEFAULT '0'
) ENGINE=InnoDB DEFAULT CHARSET=utf8 COLLATE=utf8_unicode_ci;

-- --------------------------------------------------------

--
-- Tabelstructuur voor tabel `BasicWorkflowProgressData`
--

CREATE TABLE `BasicWorkflowProgressData` (
  `wpID` int(10) UNSIGNED NOT NULL DEFAULT '0',
  `uIDStarted` int(10) UNSIGNED NOT NULL DEFAULT '0',
  `uIDCompleted` int(10) UNSIGNED NOT NULL DEFAULT '0',
  `wpDateCompleted` datetime DEFAULT NULL
) ENGINE=InnoDB DEFAULT CHARSET=utf8 COLLATE=utf8_unicode_ci;

-- --------------------------------------------------------

--
-- Tabelstructuur voor tabel `BlockFeatureAssignments`
--

CREATE TABLE `BlockFeatureAssignments` (
  `cID` int(10) UNSIGNED NOT NULL DEFAULT '0',
  `cvID` int(10) UNSIGNED NOT NULL DEFAULT '0',
  `bID` int(10) UNSIGNED NOT NULL DEFAULT '0',
  `faID` int(10) UNSIGNED NOT NULL DEFAULT '0'
) ENGINE=InnoDB DEFAULT CHARSET=utf8 COLLATE=utf8_unicode_ci;

--
-- Gegevens worden geëxporteerd voor tabel `BlockFeatureAssignments`
--

INSERT INTO `BlockFeatureAssignments` (`cID`, `cvID`, `bID`, `faID`) VALUES
(1, 3, 164, 11),
(1, 4, 164, 11),
(1, 5, 164, 11),
(1, 6, 165, 12),
(1, 7, 165, 12),
(1, 8, 165, 12),
(1, 8, 173, 19),
(1, 9, 165, 12),
(1, 9, 173, 19),
(1, 10, 165, 12),
(1, 10, 173, 19),
(1, 11, 165, 12),
(1, 11, 173, 19),
(1, 12, 165, 12),
(1, 12, 173, 19),
(1, 13, 165, 12),
(1, 13, 173, 19),
(1, 14, 165, 12),
(1, 14, 173, 19),
(1, 14, 180, 20),
(1, 15, 165, 12),
(1, 15, 173, 19),
(1, 15, 180, 20),
(1, 16, 165, 12),
(1, 16, 173, 19),
(1, 16, 180, 20),
(1, 17, 165, 12),
(1, 17, 173, 19),
(1, 17, 180, 20),
(1, 18, 165, 12),
(1, 18, 173, 19),
(1, 18, 180, 20),
(1, 19, 165, 12),
(1, 19, 173, 19),
(1, 19, 180, 20),
(1, 20, 165, 12),
(1, 20, 173, 19),
(1, 20, 180, 20),
(1, 21, 165, 12),
(1, 21, 173, 19),
(1, 21, 180, 20),
(1, 22, 165, 12),
(1, 22, 173, 19),
(1, 22, 180, 20),
(1, 23, 165, 12),
(1, 23, 173, 19),
(1, 23, 180, 20),
(1, 24, 165, 12),
(1, 24, 173, 19),
(1, 24, 180, 20),
(1, 25, 165, 12),
(1, 25, 173, 19),
(1, 25, 180, 20),
(1, 26, 165, 12),
(1, 26, 173, 19),
(1, 26, 180, 20),
(1, 27, 165, 12),
(1, 27, 173, 19),
(1, 27, 180, 20),
(153, 1, 171, 17),
(157, 1, 110, 2),
(161, 1, 125, 6),
(170, 1, 16, 1),
(171, 1, 112, 3),
(172, 1, 114, 4),
(173, 1, 116, 5),
(174, 1, 132, 7),
(174, 1, 139, 8),
(174, 1, 143, 9),
(175, 1, 146, 10),
(180, 1, 169, 15),
(201, 1, 172, 18),
(202, 1, 170, 16),
(203, 2, 168, 14),
(203, 3, 168, 14),
(203, 4, 168, 14),
(203, 5, 168, 14),
(203, 6, 168, 14),
(203, 6, 206, 21),
(203, 7, 168, 14),
(203, 7, 206, 21),
(203, 8, 168, 14),
(203, 9, 168, 14),
(203, 10, 168, 14),
(203, 11, 168, 14),
(203, 12, 168, 14),
(203, 13, 168, 14),
(203, 14, 168, 14),
(203, 15, 168, 14),
(203, 16, 168, 14),
(203, 16, 256, 22),
(203, 17, 168, 14),
(203, 17, 257, 23),
(203, 17, 258, 24),
(203, 18, 168, 14),
(203, 18, 257, 23),
(203, 18, 258, 24),
(203, 18, 259, 25),
(203, 18, 260, 26),
(203, 19, 168, 14),
(203, 19, 261, 27),
(203, 19, 262, 28),
(203, 19, 263, 29),
(203, 19, 264, 30),
(203, 20, 168, 14),
(203, 20, 265, 31),
(203, 20, 266, 32),
(203, 20, 267, 33),
(203, 20, 268, 34),
(203, 21, 168, 14),
(203, 21, 266, 32),
(203, 21, 267, 33),
(203, 21, 268, 34),
(203, 21, 269, 35),
(203, 22, 168, 14),
(203, 22, 266, 32),
(203, 22, 267, 33),
(203, 22, 268, 34),
(203, 22, 270, 36),
(203, 23, 168, 14),
(203, 23, 266, 32),
(203, 23, 268, 34),
(203, 23, 270, 36),
(203, 23, 298, 58),
(203, 24, 168, 14),
(203, 24, 266, 32),
(203, 24, 268, 34),
(203, 24, 270, 36),
(203, 24, 298, 58),
(203, 25, 168, 14),
(203, 25, 266, 32),
(203, 25, 270, 36),
(203, 25, 298, 58),
(203, 25, 299, 59),
(203, 26, 168, 14),
(203, 26, 299, 59),
(203, 26, 300, 60),
(203, 26, 301, 61),
(203, 26, 302, 62),
(203, 27, 168, 14),
(203, 28, 168, 14),
(203, 29, 168, 14),
(203, 30, 168, 14),
(203, 31, 168, 14),
(209, 1, 170, 16),
(209, 2, 170, 16),
(209, 3, 170, 16),
(210, 1, 172, 18),
(210, 2, 172, 18),
(210, 3, 172, 18),
(211, 1, 172, 18),
(211, 2, 172, 18),
(211, 3, 172, 18),
(211, 4, 172, 18),
(211, 5, 172, 18),
(211, 6, 172, 18),
(211, 7, 172, 18),
(211, 8, 172, 18),
(212, 1, 170, 16),
(212, 2, 170, 16),
(212, 3, 170, 16),
(212, 4, 170, 16),
(212, 5, 170, 16),
(212, 6, 170, 16),
(212, 7, 170, 16),
(213, 1, 170, 16),
(213, 2, 170, 16),
(213, 3, 170, 16),
(213, 4, 170, 16),
(213, 5, 170, 16),
(213, 6, 170, 16),
(214, 1, 170, 16),
(214, 2, 170, 16),
(214, 3, 170, 16),
(214, 4, 170, 16),
(214, 5, 170, 16),
(214, 6, 170, 16),
(214, 7, 170, 16),
(215, 1, 170, 16),
(215, 2, 170, 16),
(215, 3, 170, 16),
(215, 4, 170, 16),
(215, 5, 170, 16),
(215, 6, 170, 16),
(215, 7, 170, 16),
(215, 8, 170, 16),
(215, 9, 170, 16),
(215, 10, 170, 16),
(215, 11, 170, 16),
(215, 12, 170, 16),
(215, 13, 170, 16),
(215, 14, 170, 16),
(215, 15, 170, 16),
(215, 16, 170, 16),
(216, 1, 170, 16),
(216, 2, 170, 16),
(216, 3, 170, 16),
(216, 4, 170, 16),
(216, 5, 170, 16),
(217, 1, 170, 16),
(217, 2, 170, 16),
(217, 3, 170, 16),
(217, 4, 170, 16),
(217, 5, 170, 16),
(217, 6, 170, 16),
(218, 1, 170, 16),
(218, 2, 170, 16),
(218, 3, 170, 16),
(218, 4, 170, 16),
(218, 5, 170, 16),
(219, 1, 170, 16),
(219, 2, 170, 16),
(222, 1, 170, 16),
(223, 1, 170, 16),
(223, 2, 170, 16),
(224, 1, 170, 16),
(225, 1, 170, 16),
(225, 2, 170, 16),
(225, 3, 170, 16),
(225, 4, 170, 16),
(225, 5, 170, 16),
(225, 5, 271, 37),
(225, 5, 272, 38),
(225, 5, 273, 39),
(225, 6, 170, 16),
(225, 6, 271, 37),
(225, 6, 272, 38),
(225, 6, 273, 39),
(225, 6, 274, 40),
(225, 6, 275, 41),
(225, 7, 170, 16),
(225, 7, 271, 37),
(225, 7, 272, 38),
(225, 7, 273, 39),
(225, 7, 274, 40),
(225, 7, 275, 41),
(225, 7, 276, 42),
(225, 7, 277, 43),
(225, 8, 170, 16),
(225, 8, 278, 44),
(225, 8, 279, 45),
(225, 8, 280, 46),
(225, 8, 281, 47),
(225, 8, 282, 48),
(225, 8, 283, 49),
(225, 8, 284, 50),
(225, 9, 170, 16),
(225, 9, 285, 51),
(225, 9, 286, 52),
(225, 9, 287, 53),
(225, 9, 288, 54),
(225, 9, 289, 55),
(225, 9, 290, 56),
(225, 9, 291, 57),
(225, 10, 170, 16),
(225, 10, 285, 51),
(225, 10, 286, 52),
(225, 10, 287, 53),
(225, 10, 288, 54),
(225, 10, 289, 55),
(225, 10, 290, 56),
(225, 10, 291, 57),
(225, 11, 170, 16),
(225, 11, 285, 51),
(225, 11, 286, 52),
(225, 11, 287, 53),
(225, 11, 288, 54),
(225, 11, 289, 55),
(225, 11, 290, 56),
(225, 11, 291, 57),
(225, 12, 170, 16),
(225, 12, 285, 51),
(225, 12, 286, 52),
(225, 12, 287, 53),
(225, 12, 288, 54),
(225, 12, 289, 55),
(225, 12, 290, 56),
(225, 12, 291, 57),
(225, 13, 170, 16),
(225, 13, 285, 51),
(225, 13, 286, 52),
(225, 13, 287, 53),
(225, 13, 288, 54),
(225, 13, 289, 55),
(225, 13, 290, 56),
(225, 13, 291, 57),
(225, 14, 170, 16),
(225, 14, 286, 52),
(225, 14, 287, 53),
(225, 14, 288, 54),
(225, 14, 289, 55),
(225, 14, 290, 56),
(225, 14, 291, 57),
(225, 15, 170, 16),
(225, 15, 286, 52),
(225, 15, 287, 53),
(225, 15, 288, 54),
(225, 15, 289, 55),
(225, 15, 290, 56),
(225, 15, 291, 57),
(225, 16, 170, 16),
(225, 16, 286, 52),
(225, 16, 287, 53),
(225, 16, 288, 54),
(225, 16, 289, 55),
(225, 16, 290, 56),
(225, 16, 291, 57),
(226, 1, 172, 18),
(226, 2, 172, 18),
(227, 1, 172, 18),
(228, 1, 172, 18),
(228, 2, 172, 18),
(228, 3, 172, 18),
(228, 4, 172, 18),
(228, 5, 172, 18),
(228, 6, 172, 18),
(229, 1, 170, 16),
(229, 2, 170, 16),
(230, 1, 172, 18),
(231, 1, 172, 18),
(231, 2, 172, 18),
(231, 3, 172, 18),
(231, 4, 172, 18),
(231, 5, 172, 18),
(231, 6, 172, 18),
(231, 7, 172, 18),
(234, 1, 170, 16),
(234, 2, 170, 16),
(235, 1, 170, 16),
(235, 2, 170, 16),
(236, 1, 170, 16),
(236, 2, 170, 16),
(236, 3, 170, 16),
(236, 4, 170, 16),
(236, 5, 170, 16),
(237, 1, 170, 16),
(237, 2, 170, 16),
(237, 3, 170, 16),
(237, 4, 170, 16),
(237, 5, 170, 16),
(237, 6, 170, 16),
(237, 7, 170, 16),
(237, 8, 170, 16),
(237, 9, 170, 16),
(237, 10, 170, 16),
(237, 11, 170, 16),
(237, 12, 170, 16),
(237, 13, 170, 16),
(239, 1, 170, 16),
(239, 2, 170, 16),
(239, 3, 170, 16),
(239, 4, 170, 16),
(240, 1, 170, 16),
(240, 2, 170, 16),
(240, 3, 170, 16),
(241, 1, 170, 16),
(241, 2, 170, 16),
(241, 3, 170, 16),
(242, 1, 170, 16),
(242, 2, 170, 16),
(242, 3, 170, 16),
(243, 1, 170, 16),
(243, 2, 170, 16),
(243, 3, 170, 16),
(244, 1, 170, 16),
(244, 2, 170, 16),
(244, 3, 170, 16),
(245, 1, 170, 16),
(245, 2, 170, 16),
(245, 3, 170, 16),
(246, 1, 172, 18),
(246, 2, 172, 18),
(246, 3, 172, 18),
(246, 4, 172, 18),
(246, 4, 324, 65),
(247, 1, 170, 16),
(247, 2, 170, 16),
(247, 3, 170, 16),
(247, 4, 170, 16),
(249, 1, 170, 16),
(249, 1, 319, 63),
(249, 2, 170, 16),
(249, 2, 319, 63),
(250, 1, 170, 16),
(250, 1, 321, 64),
(250, 2, 170, 16),
(250, 2, 321, 64);

-- --------------------------------------------------------

--
-- Tabelstructuur voor tabel `BlockPermissionAssignments`
--

CREATE TABLE `BlockPermissionAssignments` (
  `cID` int(10) UNSIGNED NOT NULL DEFAULT '0',
  `cvID` int(10) UNSIGNED NOT NULL DEFAULT '0',
  `bID` int(10) UNSIGNED NOT NULL DEFAULT '0',
  `pkID` int(10) UNSIGNED NOT NULL DEFAULT '0',
  `paID` int(10) UNSIGNED NOT NULL DEFAULT '0'
) ENGINE=InnoDB DEFAULT CHARSET=utf8 COLLATE=utf8_unicode_ci;

-- --------------------------------------------------------

--
-- Tabelstructuur voor tabel `BlockRelations`
--

CREATE TABLE `BlockRelations` (
  `brID` int(10) UNSIGNED NOT NULL,
  `bID` int(10) UNSIGNED NOT NULL DEFAULT '0',
  `originalBID` int(10) UNSIGNED NOT NULL DEFAULT '0',
  `relationType` varchar(50) COLLATE utf8_unicode_ci NOT NULL
) ENGINE=InnoDB DEFAULT CHARSET=utf8 COLLATE=utf8_unicode_ci;

--
-- Gegevens worden geëxporteerd voor tabel `BlockRelations`
--

INSERT INTO `BlockRelations` (`brID`, `bID`, `originalBID`, `relationType`) VALUES
(1, 165, 164, 'DUPLICATE'),
(2, 175, 174, 'DUPLICATE'),
(3, 178, 176, 'DUPLICATE'),
(4, 179, 177, 'DUPLICATE'),
(5, 207, 205, 'DUPLICATE'),
(7, 213, 212, 'DUPLICATE'),
(8, 217, 163, 'DUPLICATE'),
(9, 218, 217, 'DUPLICATE'),
(10, 219, 218, 'DUPLICATE'),
(11, 220, 219, 'DUPLICATE'),
(12, 221, 220, 'DUPLICATE'),
(13, 223, 222, 'DUPLICATE'),
(14, 226, 225, 'DUPLICATE'),
(15, 230, 229, 'DUPLICATE'),
(16, 231, 230, 'DUPLICATE'),
(17, 233, 228, 'DUPLICATE'),
(18, 234, 231, 'DUPLICATE'),
(19, 235, 233, 'DUPLICATE'),
(20, 238, 215, 'DUPLICATE'),
(21, 239, 216, 'DUPLICATE'),
(22, 241, 239, 'DUPLICATE'),
(23, 242, 214, 'DUPLICATE'),
(24, 243, 242, 'DUPLICATE'),
(25, 244, 215, 'DUPLICATE'),
(26, 245, 244, 'DUPLICATE'),
(27, 246, 216, 'DUPLICATE'),
(28, 258, 256, 'DUPLICATE'),
(29, 261, 258, 'DUPLICATE'),
(30, 262, 257, 'DUPLICATE'),
(31, 263, 259, 'DUPLICATE'),
(32, 264, 260, 'DUPLICATE'),
(33, 265, 261, 'DUPLICATE'),
(34, 266, 262, 'DUPLICATE'),
(35, 267, 263, 'DUPLICATE'),
(36, 268, 264, 'DUPLICATE'),
(37, 269, 265, 'DUPLICATE'),
(38, 270, 269, 'DUPLICATE'),
(39, 278, 271, 'DUPLICATE'),
(40, 279, 272, 'DUPLICATE'),
(41, 280, 273, 'DUPLICATE'),
(42, 281, 274, 'DUPLICATE'),
(43, 282, 275, 'DUPLICATE'),
(44, 283, 276, 'DUPLICATE'),
(45, 284, 277, 'DUPLICATE'),
(46, 285, 278, 'DUPLICATE'),
(47, 286, 279, 'DUPLICATE'),
(48, 287, 280, 'DUPLICATE'),
(49, 288, 281, 'DUPLICATE'),
(50, 289, 282, 'DUPLICATE'),
(51, 290, 283, 'DUPLICATE'),
(52, 291, 284, 'DUPLICATE'),
(53, 298, 267, 'DUPLICATE'),
(54, 299, 268, 'DUPLICATE'),
(55, 300, 298, 'DUPLICATE'),
(56, 301, 270, 'DUPLICATE'),
(57, 302, 266, 'DUPLICATE'),
(58, 304, 303, 'DUPLICATE'),
(59, 308, 307, 'DUPLICATE'),
(60, 309, 254, 'DUPLICATE'),
(61, 310, 221, 'DUPLICATE'),
(62, 311, 214, 'DUPLICATE'),
(63, 314, 313, 'DUPLICATE'),
(64, 315, 314, 'DUPLICATE'),
(65, 316, 315, 'DUPLICATE'),
(66, 317, 316, 'DUPLICATE'),
(67, 318, 214, 'DUPLICATE'),
(68, 320, 214, 'DUPLICATE'),
(69, 322, 214, 'DUPLICATE'),
(70, 323, 215, 'DUPLICATE'),
(71, 328, 245, 'DUPLICATE'),
(72, 329, 209, 'DUPLICATE');

-- --------------------------------------------------------

--
-- Tabelstructuur voor tabel `Blocks`
--

CREATE TABLE `Blocks` (
  `bID` int(10) UNSIGNED NOT NULL,
  `bName` varchar(60) COLLATE utf8_unicode_ci DEFAULT NULL,
  `bDateAdded` datetime NOT NULL DEFAULT '1000-01-01 00:00:00',
  `bDateModified` datetime NOT NULL DEFAULT '1000-01-01 00:00:00',
  `bFilename` varchar(255) COLLATE utf8_unicode_ci DEFAULT NULL,
  `bIsActive` varchar(1) COLLATE utf8_unicode_ci NOT NULL DEFAULT '1',
  `btID` int(10) UNSIGNED NOT NULL DEFAULT '0',
  `uID` int(10) UNSIGNED DEFAULT NULL,
  `btCachedBlockRecord` longtext COLLATE utf8_unicode_ci
) ENGINE=InnoDB DEFAULT CHARSET=utf8 COLLATE=utf8_unicode_ci;

--
-- Gegevens worden geëxporteerd voor tabel `Blocks`
--

INSERT INTO `Blocks` (`bID`, `bName`, `bDateAdded`, `bDateModified`, `bFilename`, `bIsActive`, `btID`, `uID`, `btCachedBlockRecord`) VALUES
(1, '', '2017-02-22 09:43:58', '2017-02-22 09:43:58', NULL, '0', 12, 1, NULL),
(2, '', '2017-02-22 09:43:58', '2017-02-22 09:43:58', NULL, '0', 9, 1, NULL),
(3, '', '2017-02-22 09:43:58', '2017-02-22 09:43:58', NULL, '0', 10, 1, NULL),
(4, '', '2017-02-22 09:43:58', '2017-02-22 09:43:58', NULL, '0', 8, 1, NULL),
(5, '', '2017-02-22 09:43:58', '2017-02-22 09:43:58', NULL, '0', 8, 1, NULL),
(6, '', '2017-02-22 09:43:58', '2017-02-22 09:43:58', NULL, '0', 7, 1, NULL),
(7, '', '2017-02-22 09:43:58', '2017-02-22 09:43:58', NULL, '0', 6, 1, NULL),
(8, '', '2017-02-22 09:43:58', '2017-02-22 09:43:58', NULL, '0', 8, 1, NULL),
(9, '', '2017-02-22 09:44:09', '2017-02-22 09:44:09', 'byline.php', '0', 18, 1, NULL),
(10, '', '2017-02-22 09:44:09', '2017-02-22 09:44:09', NULL, '0', 2, 1, NULL),
(11, '', '2017-02-22 09:44:09', '2017-02-22 09:44:09', NULL, '0', 29, 1, NULL),
(12, '', '2017-02-22 09:44:10', '2017-02-22 09:44:10', NULL, '0', 23, 1, NULL),
(13, '', '2017-02-22 09:44:10', '2017-02-22 09:44:10', NULL, '0', 20, 1, NULL),
(14, '', '2017-02-22 09:44:10', '2017-02-22 09:44:10', NULL, '0', 30, 1, NULL),
(15, '', '2017-02-22 09:44:10', '2017-02-22 09:44:10', NULL, '0', 26, 1, NULL),
(16, '', '2017-02-22 09:44:10', '2017-02-22 09:44:10', NULL, '0', 5, 1, NULL),
(17, '', '2017-02-22 09:44:10', '2017-02-22 09:44:10', NULL, '0', 18, 1, NULL),
(18, '', '2017-02-22 09:44:10', '2017-02-22 09:44:10', NULL, '0', 30, 1, NULL),
(19, '', '2017-02-22 09:44:10', '2017-02-22 09:44:10', NULL, '0', 12, 1, NULL),
(20, '', '2017-02-22 09:44:10', '2017-02-22 09:44:10', NULL, '0', 12, 1, NULL),
(21, '', '2017-02-22 09:44:10', '2017-02-22 09:44:10', NULL, '0', 16, 1, NULL),
(22, '', '2017-02-22 09:44:10', '2017-02-22 09:44:10', NULL, '0', 12, 1, NULL),
(23, '', '2017-02-22 09:44:10', '2017-02-22 09:44:10', NULL, '0', 16, 1, NULL),
(24, '', '2017-02-22 09:44:10', '2017-02-22 09:44:10', NULL, '0', 12, 1, NULL),
(25, '', '2017-02-22 09:44:10', '2017-02-22 09:44:10', NULL, '0', 2, 1, NULL),
(26, '', '2017-02-22 09:44:10', '2017-02-22 09:44:10', NULL, '0', 12, 1, NULL),
(27, '', '2017-02-22 09:44:10', '2017-02-22 09:44:10', NULL, '0', 18, 1, NULL),
(28, '', '2017-02-22 09:44:10', '2017-02-22 09:44:10', NULL, '0', 2, 1, NULL),
(29, '', '2017-02-22 09:44:10', '2017-02-22 09:44:10', NULL, '0', 16, 1, NULL),
(30, '', '2017-02-22 09:44:10', '2017-02-22 09:44:10', NULL, '0', 16, 1, NULL),
(31, '', '2017-02-22 09:44:10', '2017-02-22 09:44:10', NULL, '0', 16, 1, NULL),
(32, '', '2017-02-22 09:44:10', '2017-02-22 09:44:10', NULL, '0', 2, 1, NULL),
(33, '', '2017-02-22 09:44:10', '2017-02-22 09:44:10', NULL, '0', 26, 1, NULL),
(34, '', '2017-02-22 09:44:10', '2017-02-22 09:44:10', 'thumbnail_grid', '0', 30, 1, NULL),
(35, '', '2017-02-22 09:44:10', '2017-02-22 09:44:11', 'archive.php', '0', 18, 1, NULL),
(36, '', '2017-02-22 09:44:11', '2017-02-22 09:44:11', NULL, '0', 1, 1, NULL),
(37, '', '2017-02-22 09:44:11', '2017-02-22 09:44:11', NULL, '0', 30, 1, NULL),
(38, '', '2017-02-22 09:44:11', '2017-02-22 09:44:11', NULL, '0', 20, 1, NULL),
(39, '', '2017-02-22 09:44:11', '2017-02-22 09:44:11', NULL, '0', 13, 1, NULL),
(40, '', '2017-02-22 09:44:11', '2017-02-22 09:44:11', NULL, '0', 18, 1, NULL),
(41, '', '2017-02-22 09:44:11', '2017-02-22 09:44:11', 'flat_filter.php', '0', 20, 1, NULL),
(42, '', '2017-02-22 09:44:11', '2017-02-22 09:44:11', 'thumbnail_grid', '0', 30, 1, NULL),
(43, '', '2017-02-22 09:44:11', '2017-02-22 09:44:11', NULL, '0', 12, 1, 'TzozMjoiQ29uY3JldGVcQ29yZVxMZWdhY3lcQmxvY2tSZWNvcmQiOjM6e3M6MzoiYklEIjtzOjI6IjQzIjtzOjk6IgAqAF90YWJsZSI7czoxNDoiYnRDb250ZW50TG9jYWwiO3M6NzoiY29udGVudCI7czoxNTc6IgogICAgICAgICAgICAgICAgICAgICAgICAgICAgICAgICAgICA8cD4xMjM0IFNFIFN0cmVldFZpZXc8L3A+PHA+U3VpdGUgMzAxPC9wPjxwPlBvcnRsYW5kLCBPUiA5ODEwMTwvcD48cD48YSBocmVmPSJ7Q0NNOkNJRF8xNjF9Ij5WaWV3IG9uIEdvb2dsZSBNYXBzPC9hPjwvcD4iO30='),
(44, '', '2017-02-22 09:44:11', '2017-02-22 09:44:11', NULL, '0', 12, 1, 'TzozMjoiQ29uY3JldGVcQ29yZVxMZWdhY3lcQmxvY2tSZWNvcmQiOjM6e3M6MzoiYklEIjtzOjI6IjQ0IjtzOjk6IgAqAF90YWJsZSI7czoxNDoiYnRDb250ZW50TG9jYWwiO3M6NzoiY29udGVudCI7czo2ODoiCiAgICAgICAgICAgICAgICAgICAgICAgICAgICAgICAgICAgIDxwPsKpIDIwMTbCoEVsZW1lbnRhbCBUaGVtZTwvcD4iO30='),
(45, '', '2017-02-22 09:44:11', '2017-02-22 09:44:11', NULL, '0', 12, 1, 'TzozMjoiQ29uY3JldGVcQ29yZVxMZWdhY3lcQmxvY2tSZWNvcmQiOjM6e3M6MzoiYklEIjtzOjI6IjQ1IjtzOjk6IgAqAF90YWJsZSI7czoxNDoiYnRDb250ZW50TG9jYWwiO3M6NzoiY29udGVudCI7czozOTg6IgogICAgICAgICAgICAgICAgICAgICAgICAgICAgICAgICAgICAKICAgICAgICAgICAgICAgICAgICAgICAgICAgICAgICAgICAgPHA+PGEgaHJlZj0ie0NDTTpDSURfMTc2fSI+RkFRIC8gSGVscDwvYT48L3A+CiAgICAgICAgICAgICAgICAgICAgICAgICAgICAgICAgICAgIDxwPjxhIGhyZWY9IntDQ006Q0lEXzE1Nn0iPkNhc2UgU3R1ZGllczwvYT48L3A+CiAgICAgICAgICAgICAgICAgICAgICAgICAgICAgICAgICAgIDxwPjxhIGhyZWY9IntDQ006Q0lEXzE1OX0iPkJsb2c8L2E+PC9wPgogICAgICAgICAgICAgICAgICAgICAgICAgICAgICAgICAgICA8cD48YSBocmVmPSJ7Q0NNOkNJRF8xfSI+QW5vdGhlciBMaW5rPC9hPjwvcD4KICAgICAgICAgICAgICAgICAgICAgICAgICAgICAgICAgICAgIjt9'),
(46, '', '2017-02-22 09:44:11', '2017-02-22 09:44:11', NULL, '0', 12, 1, 'TzozMjoiQ29uY3JldGVcQ29yZVxMZWdhY3lcQmxvY2tSZWNvcmQiOjM6e3M6MzoiYklEIjtzOjI6IjQ2IjtzOjk6IgAqAF90YWJsZSI7czoxNDoiYnRDb250ZW50TG9jYWwiO3M6NzoiY29udGVudCI7czo1ODoiPGEgaHJlZj0ie0NDTTpDSURfMX0iIGlkPSJmb290ZXItc2l0ZS10aXRsZSI+RWxlbWVudGFsPC9hPiI7fQ=='),
(47, '', '2017-02-22 09:44:11', '2017-02-22 09:44:11', NULL, '0', 21, 1, 'TzozMjoiQ29uY3JldGVcQ29yZVxMZWdhY3lcQmxvY2tSZWNvcmQiOjU6e3M6MzoiYklEIjtzOjI6IjQ3IjtzOjk6IgAqAF90YWJsZSI7czoxMzoiYnRTb2NpYWxMaW5rcyI7czoxNDoiYnRTb2NpYWxMaW5rSUQiO3M6MToiMSI7czo0OiJzbElEIjtzOjE6IjMiO3M6MTI6ImRpc3BsYXlPcmRlciI7czoxOiIwIjt9'),
(48, '', '2017-02-22 09:44:11', '2017-02-22 09:44:11', 'responsive_header_navigation', '0', 11, 1, 'TzozMjoiQ29uY3JldGVcQ29yZVxMZWdhY3lcQmxvY2tSZWNvcmQiOjExOntzOjM6ImJJRCI7czoyOiI0OCI7czo5OiIAKgBfdGFibGUiO3M6MTI6ImJ0TmF2aWdhdGlvbiI7czo3OiJvcmRlckJ5IjtzOjExOiJkaXNwbGF5X2FzYyI7czoxMjoiZGlzcGxheVBhZ2VzIjtzOjM6InRvcCI7czoxNToiZGlzcGxheVBhZ2VzQ0lEIjtzOjE6IjAiO3M6MjM6ImRpc3BsYXlQYWdlc0luY2x1ZGVTZWxmIjtzOjE6IjAiO3M6MTU6ImRpc3BsYXlTdWJQYWdlcyI7czozOiJhbGwiO3M6MjA6ImRpc3BsYXlTdWJQYWdlTGV2ZWxzIjtzOjY6ImN1c3RvbSI7czoyMzoiZGlzcGxheVN1YlBhZ2VMZXZlbHNOdW0iO3M6MToiMSI7czoyMzoiZGlzcGxheVVuYXZhaWxhYmxlUGFnZXMiO3M6MToiMCI7czoxODoiZGlzcGxheVN5c3RlbVBhZ2VzIjtzOjE6IjAiO30='),
(49, '', '2017-02-22 09:44:11', '2017-02-22 09:44:11', NULL, '0', 32, 1, 'TzozMjoiQ29uY3JldGVcQ29yZVxMZWdhY3lcQmxvY2tSZWNvcmQiOjc6e3M6MzoiYklEIjtzOjI6IjQ5IjtzOjk6IgAqAF90YWJsZSI7czo4OiJidFNlYXJjaCI7czo1OiJ0aXRsZSI7czowOiIiO3M6MTA6ImJ1dHRvblRleHQiO3M6MDoiIjtzOjE0OiJiYXNlU2VhcmNoUGF0aCI7czowOiIiO3M6MTA6InBvc3RUb19jSUQiO3M6MzoiMTYwIjtzOjEwOiJyZXN1bHRzVVJMIjtzOjA6IiI7fQ=='),
(50, '', '2017-02-22 09:44:11', '2017-02-22 09:44:11', NULL, '0', 12, 1, 'TzozMjoiQ29uY3JldGVcQ29yZVxMZWdhY3lcQmxvY2tSZWNvcmQiOjM6e3M6MzoiYklEIjtzOjI6IjUwIjtzOjk6IgAqAF90YWJsZSI7czoxNDoiYnRDb250ZW50TG9jYWwiO3M6NzoiY29udGVudCI7czo1ODoiPGEgaHJlZj0ie0NDTTpDSURfMX0iIGlkPSJoZWFkZXItc2l0ZS10aXRsZSI+RWxlbWVudGFsPC9hPiI7fQ=='),
(51, '', '2017-02-22 09:44:11', '2017-02-22 09:44:11', NULL, '0', 33, 1, 'TzozMjoiQ29uY3JldGVcQ29yZVxMZWdhY3lcQmxvY2tSZWNvcmQiOjg6e3M6MzoiYklEIjtzOjI6IjUxIjtzOjk6IgAqAF90YWJsZSI7czoxMzoiYnRJbWFnZVNsaWRlciI7czoxNDoibmF2aWdhdGlvblR5cGUiO3M6MToiMSI7czo3OiJ0aW1lb3V0IjtzOjQ6IjQwMDAiO3M6NToic3BlZWQiO3M6MzoiNTAwIjtzOjk6Im5vQW5pbWF0ZSI7czoxOiIwIjtzOjU6InBhdXNlIjtzOjE6IjAiO3M6ODoibWF4V2lkdGgiO3M6MToiMCI7fQ=='),
(52, '', '2017-02-22 09:44:12', '2017-02-22 09:44:12', NULL, '0', 1, 1, 'TzozMjoiQ29uY3JldGVcQ29yZVxMZWdhY3lcQmxvY2tSZWNvcmQiOjM6e3M6MzoiYklEIjtzOjI6IjUyIjtzOjk6IgAqAF90YWJsZSI7czoxNjoiYnRDb3JlQXJlYUxheW91dCI7czoxMDoiYXJMYXlvdXRJRCI7czoxOiIyIjt9'),
(53, '', '2017-02-22 09:44:12', '2017-02-22 09:44:12', NULL, '0', 19, 1, 'TzozMjoiQ29uY3JldGVcQ29yZVxMZWdhY3lcQmxvY2tSZWNvcmQiOjc6e3M6MzoiYklEIjtzOjI6IjUzIjtzOjk6IgAqAF90YWJsZSI7czo5OiJidEZlYXR1cmUiO3M6NDoiaWNvbiI7czo2OiJwZW5jaWwiO3M6NToidGl0bGUiO3M6MTI6IkVhc3kgdG8gRWRpdCI7czo5OiJwYXJhZ3JhcGgiO3M6MTgxOiJQZWxsZW50ZXNxdWUgdWx0cmljaWVzIGxpZ3VsYSB2ZWwgbmVxdWUgZGljdHVtLCBldSBtb2xsaXMgdG9ydG9yIGFkaXBpc2NpbmcuIEV0aWFtIGNvbmd1ZSwgZXN0IHZlbCB0aW5jaWR1bnQgdmVzdGlidWx1bSwgbnVuYyBudW5jIHBvcnRhIG51bGxhLCBhdCBhZGlwaXNjaW5nIG5lcXVlIHRlbGx1cyBxdWlzIHVybmEuIjtzOjEyOiJleHRlcm5hbExpbmsiO3M6MDoiIjtzOjE1OiJpbnRlcm5hbExpbmtDSUQiO3M6MToiMCI7fQ=='),
(54, '', '2017-02-22 09:44:12', '2017-02-22 09:44:12', NULL, '0', 19, 1, 'TzozMjoiQ29uY3JldGVcQ29yZVxMZWdhY3lcQmxvY2tSZWNvcmQiOjc6e3M6MzoiYklEIjtzOjI6IjU0IjtzOjk6IgAqAF90YWJsZSI7czo5OiJidEZlYXR1cmUiO3M6NDoiaWNvbiI7czozOiJleWUiO3M6NToidGl0bGUiO3M6MTM6IlBpeGVsIFBlcmZlY3QiO3M6OToicGFyYWdyYXBoIjtzOjE4MToiUGVsbGVudGVzcXVlIHVsdHJpY2llcyBsaWd1bGEgdmVsIG5lcXVlIGRpY3R1bSwgZXUgbW9sbGlzIHRvcnRvciBhZGlwaXNjaW5nLiBFdGlhbSBjb25ndWUsIGVzdCB2ZWwgdGluY2lkdW50IHZlc3RpYnVsdW0sIG51bmMgbnVuYyBwb3J0YSBudWxsYSwgYXQgYWRpcGlzY2luZyBuZXF1ZSB0ZWxsdXMgcXVpcyB1cm5hLiI7czoxMjoiZXh0ZXJuYWxMaW5rIjtzOjA6IiI7czoxNToiaW50ZXJuYWxMaW5rQ0lEIjtzOjE6IjAiO30='),
(55, '', '2017-02-22 09:44:12', '2017-02-22 09:44:12', NULL, '0', 19, 1, 'TzozMjoiQ29uY3JldGVcQ29yZVxMZWdhY3lcQmxvY2tSZWNvcmQiOjc6e3M6MzoiYklEIjtzOjI6IjU1IjtzOjk6IgAqAF90YWJsZSI7czo5OiJidEZlYXR1cmUiO3M6NDoiaWNvbiI7czoxMjoieW91dHViZS1wbGF5IjtzOjU6InRpdGxlIjtzOjEwOiJNZWRpYSBSaWNoIjtzOjk6InBhcmFncmFwaCI7czoxODE6IlBlbGxlbnRlc3F1ZSB1bHRyaWNpZXMgbGlndWxhIHZlbCBuZXF1ZSBkaWN0dW0sIGV1IG1vbGxpcyB0b3J0b3IgYWRpcGlzY2luZy4gRXRpYW0gY29uZ3VlLCBlc3QgdmVsIHRpbmNpZHVudCB2ZXN0aWJ1bHVtLCBudW5jIG51bmMgcG9ydGEgbnVsbGEsIGF0IGFkaXBpc2NpbmcgbmVxdWUgdGVsbHVzIHF1aXMgdXJuYS4iO3M6MTI6ImV4dGVybmFsTGluayI7czowOiIiO3M6MTU6ImludGVybmFsTGlua0NJRCI7czoxOiIwIjt9'),
(56, '', '2017-02-22 09:44:12', '2017-02-22 09:44:12', NULL, '0', 26, 1, NULL),
(57, '', '2017-02-22 09:44:12', '2017-02-22 09:44:12', NULL, '0', 12, 1, 'TzozMjoiQ29uY3JldGVcQ29yZVxMZWdhY3lcQmxvY2tSZWNvcmQiOjM6e3M6MzoiYklEIjtzOjI6IjU3IjtzOjk6IgAqAF90YWJsZSI7czoxNDoiYnRDb250ZW50TG9jYWwiO3M6NzoiY29udGVudCI7czozNzA6IjxwIHN0eWxlPSJ0ZXh0LWFsaWduOiBjZW50ZXIiPjxzcGFuIGNsYXNzPSJ0aXRsZS1jYXBzLWJvbGQiPlByZXNlbnRpbmcgeW91ciBCdXNpbmVzcyBoYXMgbmV2ZXIgYmVlbiBzbyBlYXN5PC9zcGFuPjwvcD48cCBzdHlsZT0idGV4dC1hbGlnbjogY2VudGVyOyI+UGVsbGVudGVzcXVlIHVsdHJpY2llcyBsaWd1bGEgdmVsIG5lcXVlIGRpY3R1bSwgZXUgbW9sbGlzIHRvcnRvciBhZGlwaXNjaW5nLjwvcD48cCBzdHlsZT0idGV4dC1hbGlnbjogY2VudGVyOyI+RXRpYW0gY29uZ3VlLCBlc3QgdmVsIHRpbmNpZHVudCB2ZXN0aWJ1bHVtLCBudW5jIG51bmMgcG9ydGEgbnVsbGEsIGF0IGFkaXBpc2NpbmcgbmVxdWUgdGVsbHVzIHF1aXMgdXJuYS7CoDwvcD4iO30='),
(58, '', '2017-02-22 09:44:12', '2017-02-22 09:44:12', 'thumbnail_grid', '0', 30, 1, 'TzozMjoiQ29uY3JldGVcQ29yZVxMZWdhY3lcQmxvY2tSZWNvcmQiOjMzOntzOjM6ImJJRCI7czoyOiI1OCI7czo5OiIAKgBfdGFibGUiO3M6MTA6ImJ0UGFnZUxpc3QiO3M6MzoibnVtIjtzOjE6IjMiO3M6Nzoib3JkZXJCeSI7czoxMToiY2hyb25vX2Rlc2MiO3M6OToiY1BhcmVudElEIjtzOjE6IjAiO3M6NToiY1RoaXMiO3M6MToiMCI7czoxNjoidXNlQnV0dG9uRm9yTGluayI7czoxOiIxIjtzOjE0OiJidXR0b25MaW5rVGV4dCI7czoxMjoiVmlldyBQcm9qZWN0IjtzOjEzOiJwYWdlTGlzdFRpdGxlIjtOO3M6MTU6ImZpbHRlckJ5UmVsYXRlZCI7czoxOiIwIjtzOjE5OiJmaWx0ZXJCeUN1c3RvbVRvcGljIjtzOjE6IjAiO3M6MTY6ImZpbHRlckRhdGVPcHRpb24iO3M6MDoiIjtzOjE0OiJmaWx0ZXJEYXRlRGF5cyI7czoxOiIwIjtzOjE1OiJmaWx0ZXJEYXRlU3RhcnQiO047czoxMzoiZmlsdGVyRGF0ZUVuZCI7TjtzOjMwOiJyZWxhdGVkVG9waWNBdHRyaWJ1dGVLZXlIYW5kbGUiO3M6MDoiIjtzOjI5OiJjdXN0b21Ub3BpY0F0dHJpYnV0ZUtleUhhbmRsZSI7czowOiIiO3M6MjE6ImN1c3RvbVRvcGljVHJlZU5vZGVJRCI7czoxOiIwIjtzOjExOiJpbmNsdWRlTmFtZSI7czoxOiIxIjtzOjE4OiJpbmNsdWRlRGVzY3JpcHRpb24iO3M6MToiMSI7czoxMToiaW5jbHVkZURhdGUiO3M6MToiMCI7czoyMToiaW5jbHVkZUFsbERlc2NlbmRlbnRzIjtzOjE6IjAiO3M6ODoicGFnaW5hdGUiO3M6MToiMCI7czoxNDoiZGlzcGxheUFsaWFzZXMiO3M6MToiMCI7czoxNzoiaWdub3JlUGVybWlzc2lvbnMiO3M6MToiMCI7czoyMzoiZW5hYmxlRXh0ZXJuYWxGaWx0ZXJpbmciO3M6MToiMCI7czo0OiJwdElEIjtzOjE6IjkiO3M6NDoicGZJRCI7czoxOiIwIjtzOjE3OiJ0cnVuY2F0ZVN1bW1hcmllcyI7czoxOiIwIjtzOjE5OiJkaXNwbGF5RmVhdHVyZWRPbmx5IjtzOjE6IjEiO3M6MTY6Im5vUmVzdWx0c01lc3NhZ2UiO3M6MDoiIjtzOjE2OiJkaXNwbGF5VGh1bWJuYWlsIjtzOjE6IjEiO3M6MTM6InRydW5jYXRlQ2hhcnMiO3M6MToiMCI7fQ=='),
(59, '', '2017-02-22 09:44:12', '2017-02-22 09:44:12', NULL, '0', 26, 1, NULL),
(60, '', '2017-02-22 09:44:12', '2017-02-22 09:44:12', NULL, '0', 1, 1, 'TzozMjoiQ29uY3JldGVcQ29yZVxMZWdhY3lcQmxvY2tSZWNvcmQiOjM6e3M6MzoiYklEIjtzOjI6IjYwIjtzOjk6IgAqAF90YWJsZSI7czoxNjoiYnRDb3JlQXJlYUxheW91dCI7czoxMDoiYXJMYXlvdXRJRCI7czoxOiIzIjt9'),
(61, '', '2017-02-22 09:44:12', '2017-02-22 09:44:12', NULL, '0', 12, 1, 'TzozMjoiQ29uY3JldGVcQ29yZVxMZWdhY3lcQmxvY2tSZWNvcmQiOjM6e3M6MzoiYklEIjtzOjI6IjYxIjtzOjk6IgAqAF90YWJsZSI7czoxNDoiYnRDb250ZW50TG9jYWwiO3M6NzoiY29udGVudCI7czoyNToiPGg1PkxhdGVzdCBCbG9nIFBvc3Q8L2g1PiI7fQ=='),
(62, '', '2017-02-22 09:44:12', '2017-02-22 09:44:12', NULL, '0', 12, 1, 'TzozMjoiQ29uY3JldGVcQ29yZVxMZWdhY3lcQmxvY2tSZWNvcmQiOjM6e3M6MzoiYklEIjtzOjI6IjYyIjtzOjk6IgAqAF90YWJsZSI7czoxNDoiYnRDb250ZW50TG9jYWwiO3M6NzoiY29udGVudCI7czozMDoiPGg1Pk5vdyBPcGVuIEZvciBCdXNpbmVzczwvaDU+Ijt9'),
(63, '', '2017-02-22 09:44:12', '2017-02-22 09:44:12', NULL, '0', 1, 1, 'TzozMjoiQ29uY3JldGVcQ29yZVxMZWdhY3lcQmxvY2tSZWNvcmQiOjM6e3M6MzoiYklEIjtzOjI6IjYzIjtzOjk6IgAqAF90YWJsZSI7czoxNjoiYnRDb3JlQXJlYUxheW91dCI7czoxMDoiYXJMYXlvdXRJRCI7czoxOiI0Ijt9'),
(64, '', '2017-02-22 09:44:12', '2017-02-22 09:44:12', NULL, '0', 30, 1, 'TzozMjoiQ29uY3JldGVcQ29yZVxMZWdhY3lcQmxvY2tSZWNvcmQiOjMzOntzOjM6ImJJRCI7czoyOiI2NCI7czo5OiIAKgBfdGFibGUiO3M6MTA6ImJ0UGFnZUxpc3QiO3M6MzoibnVtIjtzOjE6IjEiO3M6Nzoib3JkZXJCeSI7czoxMToiY2hyb25vX2Rlc2MiO3M6OToiY1BhcmVudElEIjtzOjE6IjAiO3M6NToiY1RoaXMiO3M6MToiMCI7czoxNjoidXNlQnV0dG9uRm9yTGluayI7czoxOiIwIjtzOjE0OiJidXR0b25MaW5rVGV4dCI7czowOiIiO3M6MTM6InBhZ2VMaXN0VGl0bGUiO047czoxNToiZmlsdGVyQnlSZWxhdGVkIjtzOjE6IjAiO3M6MTk6ImZpbHRlckJ5Q3VzdG9tVG9waWMiO3M6MToiMCI7czoxNjoiZmlsdGVyRGF0ZU9wdGlvbiI7czowOiIiO3M6MTQ6ImZpbHRlckRhdGVEYXlzIjtzOjE6IjAiO3M6MTU6ImZpbHRlckRhdGVTdGFydCI7TjtzOjEzOiJmaWx0ZXJEYXRlRW5kIjtOO3M6MzA6InJlbGF0ZWRUb3BpY0F0dHJpYnV0ZUtleUhhbmRsZSI7czowOiIiO3M6Mjk6ImN1c3RvbVRvcGljQXR0cmlidXRlS2V5SGFuZGxlIjtzOjA6IiI7czoyMToiY3VzdG9tVG9waWNUcmVlTm9kZUlEIjtzOjE6IjAiO3M6MTE6ImluY2x1ZGVOYW1lIjtzOjE6IjAiO3M6MTg6ImluY2x1ZGVEZXNjcmlwdGlvbiI7czoxOiIwIjtzOjExOiJpbmNsdWRlRGF0ZSI7czoxOiIwIjtzOjIxOiJpbmNsdWRlQWxsRGVzY2VuZGVudHMiO3M6MToiMCI7czo4OiJwYWdpbmF0ZSI7czoxOiIwIjtzOjE0OiJkaXNwbGF5QWxpYXNlcyI7czoxOiIwIjtzOjE3OiJpZ25vcmVQZXJtaXNzaW9ucyI7czoxOiIwIjtzOjIzOiJlbmFibGVFeHRlcm5hbEZpbHRlcmluZyI7czoxOiIwIjtzOjQ6InB0SUQiO3M6MToiNyI7czo0OiJwZklEIjtzOjE6IjAiO3M6MTc6InRydW5jYXRlU3VtbWFyaWVzIjtzOjE6IjAiO3M6MTk6ImRpc3BsYXlGZWF0dXJlZE9ubHkiO3M6MToiMCI7czoxNjoibm9SZXN1bHRzTWVzc2FnZSI7czowOiIiO3M6MTY6ImRpc3BsYXlUaHVtYm5haWwiO3M6MToiMSI7czoxMzoidHJ1bmNhdGVDaGFycyI7czoxOiIwIjt9'),
(65, '', '2017-02-22 09:44:12', '2017-02-22 09:44:12', NULL, '0', 30, 1, 'TzozMjoiQ29uY3JldGVcQ29yZVxMZWdhY3lcQmxvY2tSZWNvcmQiOjMzOntzOjM6ImJJRCI7czoyOiI2NSI7czo5OiIAKgBfdGFibGUiO3M6MTA6ImJ0UGFnZUxpc3QiO3M6MzoibnVtIjtzOjE6IjEiO3M6Nzoib3JkZXJCeSI7czoxMToiZGlzcGxheV9hc2MiO3M6OToiY1BhcmVudElEIjtzOjE6IjAiO3M6NToiY1RoaXMiO3M6MToiMCI7czoxNjoidXNlQnV0dG9uRm9yTGluayI7czoxOiIwIjtzOjE0OiJidXR0b25MaW5rVGV4dCI7czowOiIiO3M6MTM6InBhZ2VMaXN0VGl0bGUiO047czoxNToiZmlsdGVyQnlSZWxhdGVkIjtzOjE6IjAiO3M6MTk6ImZpbHRlckJ5Q3VzdG9tVG9waWMiO3M6MToiMCI7czoxNjoiZmlsdGVyRGF0ZU9wdGlvbiI7czowOiIiO3M6MTQ6ImZpbHRlckRhdGVEYXlzIjtzOjE6IjAiO3M6MTU6ImZpbHRlckRhdGVTdGFydCI7TjtzOjEzOiJmaWx0ZXJEYXRlRW5kIjtOO3M6MzA6InJlbGF0ZWRUb3BpY0F0dHJpYnV0ZUtleUhhbmRsZSI7czowOiIiO3M6Mjk6ImN1c3RvbVRvcGljQXR0cmlidXRlS2V5SGFuZGxlIjtzOjA6IiI7czoyMToiY3VzdG9tVG9waWNUcmVlTm9kZUlEIjtzOjE6IjAiO3M6MTE6ImluY2x1ZGVOYW1lIjtzOjE6IjEiO3M6MTg6ImluY2x1ZGVEZXNjcmlwdGlvbiI7czoxOiIxIjtzOjExOiJpbmNsdWRlRGF0ZSI7czoxOiIwIjtzOjIxOiJpbmNsdWRlQWxsRGVzY2VuZGVudHMiO3M6MToiMCI7czo4OiJwYWdpbmF0ZSI7czoxOiIwIjtzOjE0OiJkaXNwbGF5QWxpYXNlcyI7czoxOiIwIjtzOjE3OiJpZ25vcmVQZXJtaXNzaW9ucyI7czoxOiIwIjtzOjIzOiJlbmFibGVFeHRlcm5hbEZpbHRlcmluZyI7czoxOiIwIjtzOjQ6InB0SUQiO3M6MToiNyI7czo0OiJwZklEIjtzOjE6IjAiO3M6MTc6InRydW5jYXRlU3VtbWFyaWVzIjtzOjE6IjAiO3M6MTk6ImRpc3BsYXlGZWF0dXJlZE9ubHkiO3M6MToiMCI7czoxNjoibm9SZXN1bHRzTWVzc2FnZSI7czowOiIiO3M6MTY6ImRpc3BsYXlUaHVtYm5haWwiO3M6MToiMCI7czoxMzoidHJ1bmNhdGVDaGFycyI7czoxOiIwIjt9'),
(66, '', '2017-02-22 09:44:12', '2017-02-22 09:44:12', NULL, '0', 12, 1, 'TzozMjoiQ29uY3JldGVcQ29yZVxMZWdhY3lcQmxvY2tSZWNvcmQiOjM6e3M6MzoiYklEIjtzOjI6IjY2IjtzOjk6IgAqAF90YWJsZSI7czoxNDoiYnRDb250ZW50TG9jYWwiO3M6NzoiY29udGVudCI7czo2MTY6IjxwPiAgPHNwYW4gY2xhc3M9InRpdGxlLXRoaW4iPldlIHNwZWNpYWxpemUgaW4gbWFraW5nIHlvdXIgY29uY2VwdHMgYSByZWFsaXR5Ljwvc3Bhbj4gIDwvcD4gIDxwPiAgICBTZWQgY3Vyc3VzIGZhY2lsaXNpcyBkaWduaXNzaW0uIEFsaXF1YW0gcmhvbmN1cyBlbmltIGV0IHBlbGxlbnRlc3F1ZSB2YXJpdXMuIE51bGxhIHNvZGFsZXMgbmliaCBsb3JlbSwgc2l0IGFtZXQgaW1wZXJkaWV0IGFyY3UgY29tbW9kbyBzaXQgYW1ldC4gTWF1cmlzIHNlZCBzY2VsZXJpc3F1ZSBuaXNsLiBVdCBhdWN0b3IgaXBzdW0gdGVsbHVzLCB2ZWwgdml2ZXJyYSBtYXNzYSBlbGVtZW50dW0gc2l0IGFtZXQuICA8L3A+ICA8cD4gICAgU2VkIGFkaXBpc2NpbmcgdGVtcHVzIHNlbSBldSBtb2xlc3RpZS4gQWVuZWFuIGxhb3JlZXQgcHJldGl1bSBhbnRlIHZpdGFlIHVsdHJpY2VzLiBBZW5lYW4gZXUgZ3JhdmlkYSBtYWduYSwgdmVsIGFsaXF1ZXQgbWFnbmEuIEluIGF1Y3RvciBjb252YWxsaXMgZ3JhdmlkYS48YnI+ICA8L3A+ICA8YnIvPiAgPHA+ICA8YSBocmVmPSJ7Q0NNOkNJRF8xNjF9Ij48c3BhbiBjbGFzcz0iYnRuIGJ0bi1zdWNjZXNzIj5Db250YWN0IFVzIFRvZGF5PC9zcGFuPjwvYT4gIDwvcD4iO30='),
(67, '', '2017-02-22 09:44:12', '2017-02-22 09:44:12', NULL, '0', 12, 1, 'TzozMjoiQ29uY3JldGVcQ29yZVxMZWdhY3lcQmxvY2tSZWNvcmQiOjM6e3M6MzoiYklEIjtzOjI6IjY3IjtzOjk6IgAqAF90YWJsZSI7czoxNDoiYnRDb250ZW50TG9jYWwiO3M6NzoiY29udGVudCI7czoxMDk6IjxwIHN0eWxlPSJ0ZXh0LWFsaWduOiBjZW50ZXIiPjxzcGFuIGNsYXNzPSJ0aXRsZS1jYXBzIj5DdXN0b21pemFibGUgZm9vdGVyIGFyZWEgd2l0aCBhY2NlbnQgY2xhc3MuPC9zcGFuPjwvcD4iO30='),
(68, '', '2017-02-22 09:44:13', '2017-02-22 09:44:13', NULL, '0', 18, 1, NULL),
(69, '', '2017-02-22 09:44:13', '2017-02-22 09:44:13', NULL, '0', 1, 1, NULL),
(70, '', '2017-02-22 09:44:13', '2017-02-22 09:44:13', 'hover_description', '0', 19, 1, NULL),
(71, '', '2017-02-22 09:44:13', '2017-02-22 09:44:13', 'hover_description', '0', 19, 1, NULL),
(72, '', '2017-02-22 09:44:13', '2017-02-22 09:44:13', 'hover_description', '0', 19, 1, NULL),
(73, '', '2017-02-22 09:44:13', '2017-02-22 09:44:13', 'hover_description', '0', 19, 1, NULL),
(74, '', '2017-02-22 09:44:13', '2017-02-22 09:44:13', NULL, '0', 26, 1, NULL),
(75, '', '2017-02-22 09:44:13', '2017-02-22 09:44:13', NULL, '0', 1, 1, NULL),
(76, '', '2017-02-22 09:44:13', '2017-02-22 09:44:13', NULL, '0', 12, 1, NULL),
(77, '', '2017-02-22 09:44:13', '2017-02-22 09:44:13', NULL, '0', 12, 1, NULL),
(78, '', '2017-02-22 09:44:13', '2017-02-22 09:44:13', NULL, '0', 12, 1, NULL),
(79, '', '2017-02-22 09:44:13', '2017-02-22 09:44:13', NULL, '0', 1, 1, NULL),
(80, '', '2017-02-22 09:44:13', '2017-02-22 09:44:13', NULL, '0', 22, 1, NULL),
(81, '', '2017-02-22 09:44:13', '2017-02-22 09:44:13', NULL, '0', 22, 1, NULL),
(82, '', '2017-02-22 09:44:13', '2017-02-22 09:44:13', NULL, '0', 22, 1, NULL),
(83, '', '2017-02-22 09:44:13', '2017-02-22 09:44:13', NULL, '0', 22, 1, NULL),
(84, '', '2017-02-22 09:44:14', '2017-02-22 09:44:14', NULL, '0', 33, 1, NULL),
(85, '', '2017-02-22 09:44:14', '2017-02-22 09:44:14', NULL, '0', 12, 1, NULL),
(86, '', '2017-02-22 09:44:14', '2017-02-22 09:44:14', NULL, '0', 33, 1, NULL),
(87, '', '2017-02-22 09:44:14', '2017-02-22 09:44:14', NULL, '0', 12, 1, NULL),
(88, '', '2017-02-22 09:44:15', '2017-02-22 09:44:15', NULL, '0', 33, 1, NULL),
(89, '', '2017-02-22 09:44:15', '2017-02-22 09:44:15', NULL, '0', 12, 1, NULL),
(90, '', '2017-02-22 09:44:15', '2017-02-22 09:44:15', NULL, '0', 33, 1, NULL),
(91, '', '2017-02-22 09:44:15', '2017-02-22 09:44:15', NULL, '0', 12, 1, NULL),
(92, '', '2017-02-22 09:44:16', '2017-02-22 09:44:16', NULL, '0', 33, 1, NULL),
(93, '', '2017-02-22 09:44:16', '2017-02-22 09:44:16', NULL, '0', 12, 1, NULL),
(94, '', '2017-02-22 09:44:16', '2017-02-22 09:44:16', NULL, '0', 33, 1, NULL),
(95, '', '2017-02-22 09:44:16', '2017-02-22 09:44:16', NULL, '0', 12, 1, NULL),
(96, '', '2017-02-22 09:44:16', '2017-02-22 09:44:16', NULL, '0', 18, 1, NULL),
(97, '', '2017-02-22 09:44:16', '2017-02-22 09:44:16', NULL, '0', 1, 1, NULL),
(98, '', '2017-02-22 09:44:17', '2017-02-22 09:44:17', NULL, '0', 22, 1, NULL),
(99, '', '2017-02-22 09:44:17', '2017-02-22 09:44:17', NULL, '0', 22, 1, NULL),
(100, '', '2017-02-22 09:44:17', '2017-02-22 09:44:17', NULL, '0', 26, 1, NULL),
(101, '', '2017-02-22 09:44:17', '2017-02-22 09:44:17', NULL, '0', 1, 1, NULL),
(102, '', '2017-02-22 09:44:17', '2017-02-22 09:44:17', NULL, '0', 22, 1, NULL),
(103, '', '2017-02-22 09:44:17', '2017-02-22 09:44:17', NULL, '0', 22, 1, NULL),
(104, '', '2017-02-22 09:44:17', '2017-02-22 09:44:17', NULL, '0', 22, 1, NULL),
(105, '', '2017-02-22 09:44:17', '2017-02-22 09:44:17', NULL, '0', 22, 1, NULL),
(106, '', '2017-02-22 09:44:17', '2017-02-22 09:44:17', NULL, '0', 22, 1, NULL),
(107, '', '2017-02-22 09:44:17', '2017-02-22 09:44:17', NULL, '0', 22, 1, NULL),
(108, '', '2017-02-22 09:44:17', '2017-02-22 09:44:17', NULL, '0', 26, 1, NULL),
(109, '', '2017-02-22 09:44:17', '2017-02-22 09:44:17', NULL, '0', 1, 1, NULL),
(110, '', '2017-02-22 09:44:17', '2017-02-22 09:44:17', NULL, '0', 27, 1, NULL),
(111, '', '2017-02-22 09:44:17', '2017-02-22 09:44:17', NULL, '0', 12, 1, NULL),
(112, '', '2017-02-22 09:44:18', '2017-02-22 09:44:18', NULL, '0', 5, 1, NULL),
(113, '', '2017-02-22 09:44:18', '2017-02-22 09:44:18', NULL, '0', 12, 1, NULL),
(114, '', '2017-02-22 09:44:18', '2017-02-22 09:44:18', NULL, '0', 5, 1, NULL),
(115, '', '2017-02-22 09:44:18', '2017-02-22 09:44:18', NULL, '0', 12, 1, NULL),
(116, '', '2017-02-22 09:44:18', '2017-02-22 09:44:18', NULL, '0', 5, 1, NULL),
(117, '', '2017-02-22 09:44:19', '2017-02-22 09:44:19', NULL, '0', 12, 1, NULL),
(118, '', '2017-02-22 09:44:19', '2017-02-22 09:44:19', NULL, '0', 32, 1, NULL),
(119, '', '2017-02-22 09:44:19', '2017-02-22 09:44:19', NULL, '0', 18, 1, NULL),
(120, '', '2017-02-22 09:44:19', '2017-02-22 09:44:19', NULL, '0', 1, 1, NULL),
(121, '', '2017-02-22 09:44:19', '2017-02-22 09:44:19', NULL, '0', 24, 1, NULL),
(122, '', '2017-02-22 09:44:19', '2017-02-22 09:44:19', NULL, '0', 12, 1, NULL),
(123, '', '2017-02-22 09:44:19', '2017-02-22 09:44:19', NULL, '0', 26, 1, NULL),
(124, '', '2017-02-22 09:44:19', '2017-02-22 09:44:19', NULL, '0', 1, 1, NULL),
(125, '', '2017-02-22 09:44:19', '2017-02-22 09:44:19', NULL, '0', 27, 1, NULL),
(126, '', '2017-02-22 09:44:19', '2017-02-22 09:44:19', NULL, '0', 12, 1, NULL),
(127, '', '2017-02-22 09:44:19', '2017-02-22 09:44:19', NULL, '0', 12, 1, NULL),
(128, '', '2017-02-22 09:44:19', '2017-02-22 09:44:19', NULL, '0', 17, 1, NULL),
(129, '', '2017-02-22 09:44:20', '2017-02-22 09:44:20', NULL, '0', 12, 1, NULL),
(130, '', '2017-02-22 09:44:20', '2017-02-22 09:44:20', NULL, '0', 18, 1, NULL),
(131, '', '2017-02-22 09:44:20', '2017-02-22 09:44:20', NULL, '0', 1, 1, NULL),
(132, '', '2017-02-22 09:44:20', '2017-02-22 09:44:20', NULL, '0', 27, 1, NULL),
(133, '', '2017-02-22 09:44:20', '2017-02-22 09:44:20', NULL, '0', 12, 1, NULL),
(134, '', '2017-02-22 09:44:20', '2017-02-22 09:44:20', NULL, '0', 12, 1, NULL),
(135, '', '2017-02-22 09:44:20', '2017-02-22 09:44:20', NULL, '0', 26, 1, NULL),
(136, '', '2017-02-22 09:44:20', '2017-02-22 09:44:20', NULL, '0', 1, 1, NULL),
(137, '', '2017-02-22 09:44:20', '2017-02-22 09:44:20', NULL, '0', 12, 1, NULL),
(138, '', '2017-02-22 09:44:20', '2017-02-22 09:44:20', NULL, '0', 12, 1, NULL),
(139, '', '2017-02-22 09:44:20', '2017-02-22 09:44:20', NULL, '0', 27, 1, NULL),
(140, '', '2017-02-22 09:44:20', '2017-02-22 09:44:20', NULL, '0', 12, 1, NULL),
(141, '', '2017-02-22 09:44:20', '2017-02-22 09:44:20', NULL, '0', 26, 1, NULL),
(142, '', '2017-02-22 09:44:20', '2017-02-22 09:44:20', NULL, '0', 1, 1, NULL),
(143, '', '2017-02-22 09:44:20', '2017-02-22 09:44:20', NULL, '0', 27, 1, NULL),
(144, '', '2017-02-22 09:44:20', '2017-02-22 09:44:20', NULL, '0', 12, 1, NULL),
(145, '', '2017-02-22 09:44:21', '2017-02-22 09:44:21', NULL, '0', 18, 1, NULL),
(146, '', '2017-02-22 09:44:21', '2017-02-22 09:44:21', NULL, '0', 27, 1, NULL),
(147, '', '2017-02-22 09:44:21', '2017-02-22 09:44:21', NULL, '0', 25, 1, NULL),
(148, '', '2017-02-22 09:44:21', '2017-02-22 09:44:21', NULL, '0', 1, 1, NULL),
(149, '', '2017-02-22 09:44:21', '2017-02-22 09:44:21', NULL, '0', 19, 1, NULL),
(150, '', '2017-02-22 09:44:21', '2017-02-22 09:44:21', NULL, '0', 19, 1, NULL),
(151, '', '2017-02-22 09:44:21', '2017-02-22 09:44:21', NULL, '0', 19, 1, NULL),
(152, '', '2017-02-22 09:44:21', '2017-02-22 09:44:21', NULL, '0', 19, 1, NULL),
(153, '', '2017-02-22 09:44:21', '2017-02-22 09:44:21', NULL, '0', 19, 1, NULL),
(154, '', '2017-02-22 09:44:21', '2017-02-22 09:44:21', NULL, '0', 19, 1, NULL),
(155, '', '2017-02-22 09:44:21', '2017-02-22 09:44:21', NULL, '0', 26, 1, NULL),
(156, '', '2017-02-22 09:44:21', '2017-02-22 09:44:21', NULL, '0', 1, 1, NULL),
(157, '', '2017-02-22 09:44:21', '2017-02-22 09:44:21', NULL, '0', 12, 1, NULL),
(158, '', '2017-02-22 09:44:21', '2017-02-22 09:44:21', NULL, '0', 30, 1, NULL),
(159, '', '2017-02-22 09:44:21', '2017-02-22 09:44:21', NULL, '0', 12, 1, NULL),
(160, '', '2017-02-22 09:44:22', '2017-02-22 09:44:22', NULL, '0', 12, 1, NULL),
(161, '', '2017-02-22 09:44:22', '2017-02-22 09:44:22', NULL, '0', 18, 1, NULL),
(162, '', '2017-02-22 09:44:22', '2017-02-22 09:44:22', NULL, '0', 28, 1, NULL),
(163, '', '2017-02-22 10:58:54', '2017-02-22 10:58:54', NULL, '0', 11, 1, NULL),
(164, '', '2017-02-22 11:22:32', '2017-02-22 11:33:28', 'hero.php', '0', 27, 1, NULL),
(165, '', '2017-02-22 13:36:39', '2017-02-22 13:36:40', 'hero.php', '1', 27, 1, 'TzozMjoiQ29uY3JldGVcQ29yZVxMZWdhY3lcQmxvY2tSZWNvcmQiOjEwOntzOjM6ImJJRCI7czozOiIxNjUiO3M6OToiACoAX3RhYmxlIjtzOjE0OiJidENvbnRlbnRJbWFnZSI7czozOiJmSUQiO3M6MjoiMTYiO3M6MTA6ImZPbnN0YXRlSUQiO3M6MToiMCI7czo4OiJtYXhXaWR0aCI7czoxOiIwIjtzOjk6Im1heEhlaWdodCI7czoxOiIwIjtzOjEyOiJleHRlcm5hbExpbmsiO3M6MDoiIjtzOjE1OiJpbnRlcm5hbExpbmtDSUQiO3M6MToiMCI7czo3OiJhbHRUZXh0IjtzOjQ6Ikhlcm8iO3M6NToidGl0bGUiO3M6NDoiSGVybyI7fQ=='),
(166, '', '2017-02-22 13:48:14', '2017-02-22 13:48:14', NULL, '0', 12, 1, 'TzozMjoiQ29uY3JldGVcQ29yZVxMZWdhY3lcQmxvY2tSZWNvcmQiOjM6e3M6MzoiYklEIjtzOjM6IjE2NiI7czo5OiIAKgBfdGFibGUiO3M6MTQ6ImJ0Q29udGVudExvY2FsIjtzOjc6ImNvbnRlbnQiO3M6NjcwOiI8aDE+T25zIGdlZGFjaHRlZ29lZDwvaDE+DQo8cD48YnI+DQo8L3A+DQo8cD5LaW5kZXJlbiBoZWJiZW4gaGV0IHJlY2h0IG9tIHRlIHdldGVuLg0KPC9wPg0KPHA+PGJyPg0KPC9wPg0KPHA+QUtGIHdpbCBiZXJlaWtlbiBkYXQga2luZGVyZW4gLSBkZSB2b2x3YXNzZW5lbiB2YW4gZGUgdG9la29tc3QgLSBiZXd1c3Qgd29yZGVuIGluIHdhdCB6ZSBkb2VuLCBpbiBob2UgemUgb21nYWFuIG1ldCBhbmRlcmVuIMOpbiBtZXQgemljaHplbGYuIEtpbmRlcmVuIGhlYmJlbiBoZXQgcmVjaHQgdGUgd2V0ZW4gaG9lIHZvZWRpbmcsIG5hdHV1ciBlbiB3ZWx6aWpuIG1ldCBlbGthYXIgdmVyYm9uZGVuIHppam4uIERvb3IgaW4gYmVncmlqcGVsaWprZSBraW5kZXJ0YWFsIC0gem9uZGVyIG9wZ2VzdG9rZW4gd2lqc3ZpbmdlciAtIGluemljaHQgdGUgZ2V2ZW4gaW4gby5hLiBoZXQgYmVsYW5nIHZhbiBnb2VkZSB2b2VkaW5nIANlbiBlZW4gZ2V6b25kZSBsZXZlbnNzdGlqbCwga3VubmVuIHplIGxhdGVyIGJld3VzdGVyZSBlbiBkYWFybWVlIGJldGVyZSBrZXV6ZXMgbWFrZW4gdm9vciB6aWNoemVsZiBlbiBodW4gb21nZXZpbmcuDQo8L3A+DQo8cD48YnI+DQo8L3A+DQo8cD5TdE9lckdlbHVra2lnIHZlcnRhYWx0IHppY2ggbmFhciBkZSB2b2xnZW5kZSBJbml0aWF0aWV2ZW4uDQo8L3A+Ijt9'),
(168, '', '2017-02-22 14:31:21', '2017-02-22 14:31:31', 'hero.php', '0', 27, 1, 'TzozMjoiQ29uY3JldGVcQ29yZVxMZWdhY3lcQmxvY2tSZWNvcmQiOjEwOntzOjM6ImJJRCI7czozOiIxNjgiO3M6OToiACoAX3RhYmxlIjtzOjE0OiJidENvbnRlbnRJbWFnZSI7czozOiJmSUQiO3M6MjoiMTYiO3M6MTA6ImZPbnN0YXRlSUQiO3M6MToiMCI7czo4OiJtYXhXaWR0aCI7czoxOiIwIjtzOjk6Im1heEhlaWdodCI7czoxOiIwIjtzOjEyOiJleHRlcm5hbExpbmsiO3M6MDoiIjtzOjE1OiJpbnRlcm5hbExpbmtDSUQiO3M6MToiMCI7czo3OiJhbHRUZXh0IjtzOjA6IiI7czo1OiJ0aXRsZSI7czowOiIiO30='),
(169, '', '2017-02-22 14:32:15', '2017-02-22 14:32:24', 'hero.php', '0', 27, 1, NULL),
(170, '', '2017-02-22 14:32:50', '2017-02-22 14:32:57', 'hero.php', '0', 27, 1, 'TzozMjoiQ29uY3JldGVcQ29yZVxMZWdhY3lcQmxvY2tSZWNvcmQiOjEwOntzOjM6ImJJRCI7czozOiIxNzAiO3M6OToiACoAX3RhYmxlIjtzOjE0OiJidENvbnRlbnRJbWFnZSI7czozOiJmSUQiO3M6MjoiMTYiO3M6MTA6ImZPbnN0YXRlSUQiO3M6MToiMCI7czo4OiJtYXhXaWR0aCI7czoxOiIwIjtzOjk6Im1heEhlaWdodCI7czoxOiIwIjtzOjEyOiJleHRlcm5hbExpbmsiO3M6MDoiIjtzOjE1OiJpbnRlcm5hbExpbmtDSUQiO3M6MToiMCI7czo3OiJhbHRUZXh0IjtzOjA6IiI7czo1OiJ0aXRsZSI7czowOiIiO30='),
(171, '', '2017-02-22 14:33:15', '2017-02-22 14:33:21', 'hero.php', '0', 27, 1, NULL),
(172, '', '2017-02-22 14:33:36', '2017-02-22 14:33:43', 'hero.php', '0', 27, 1, 'TzozMjoiQ29uY3JldGVcQ29yZVxMZWdhY3lcQmxvY2tSZWNvcmQiOjEwOntzOjM6ImJJRCI7czozOiIxNzIiO3M6OToiACoAX3RhYmxlIjtzOjE0OiJidENvbnRlbnRJbWFnZSI7czozOiJmSUQiO3M6MjoiMTYiO3M6MTA6ImZPbnN0YXRlSUQiO3M6MToiMCI7czo4OiJtYXhXaWR0aCI7czoxOiIwIjtzOjk6Im1heEhlaWdodCI7czoxOiIwIjtzOjEyOiJleHRlcm5hbExpbmsiO3M6MDoiIjtzOjE1OiJpbnRlcm5hbExpbmtDSUQiO3M6MToiMCI7czo3OiJhbHRUZXh0IjtzOjA6IiI7czo1OiJ0aXRsZSI7czowOiIiO30='),
(173, '', '2017-02-22 14:41:28', '2017-02-22 14:43:35', 'banner.php', '0', 27, 1, 'TzozMjoiQ29uY3JldGVcQ29yZVxMZWdhY3lcQmxvY2tSZWNvcmQiOjEwOntzOjM6ImJJRCI7czozOiIxNzMiO3M6OToiACoAX3RhYmxlIjtzOjE0OiJidENvbnRlbnRJbWFnZSI7czozOiJmSUQiO3M6MjoiMTciO3M6MTA6ImZPbnN0YXRlSUQiO3M6MToiMCI7czo4OiJtYXhXaWR0aCI7czoxOiIwIjtzOjk6Im1heEhlaWdodCI7czoxOiIwIjtzOjEyOiJleHRlcm5hbExpbmsiO3M6MDoiIjtzOjE1OiJpbnRlcm5hbExpbmtDSUQiO3M6MToiMCI7czo3OiJhbHRUZXh0IjtzOjA6IiI7czo1OiJ0aXRsZSI7czowOiIiO30='),
(174, '', '2017-02-22 14:56:03', '2017-02-22 14:58:29', 'thumbnail_grid', '0', 30, 1, NULL),
(175, '', '2017-02-22 14:58:42', '2017-02-22 14:58:42', 'initiatieven.php', '1', 30, 1, 'TzozMjoiQ29uY3JldGVcQ29yZVxMZWdhY3lcQmxvY2tSZWNvcmQiOjMzOntzOjM6ImJJRCI7czozOiIxNzUiO3M6OToiACoAX3RhYmxlIjtzOjEwOiJidFBhZ2VMaXN0IjtzOjM6Im51bSI7czoxOiIwIjtzOjc6Im9yZGVyQnkiO3M6MTE6ImRpc3BsYXlfYXNjIjtzOjk6ImNQYXJlbnRJRCI7czozOiIyMTEiO3M6NToiY1RoaXMiO3M6MToiMCI7czoxNjoidXNlQnV0dG9uRm9yTGluayI7czoxOiIwIjtzOjE0OiJidXR0b25MaW5rVGV4dCI7czowOiIiO3M6MTM6InBhZ2VMaXN0VGl0bGUiO3M6MTI6IkluaXRpYXRpZXZlbiI7czoxNToiZmlsdGVyQnlSZWxhdGVkIjtzOjE6IjAiO3M6MTk6ImZpbHRlckJ5Q3VzdG9tVG9waWMiO3M6MToiMCI7czoxNjoiZmlsdGVyRGF0ZU9wdGlvbiI7czowOiIiO3M6MTQ6ImZpbHRlckRhdGVEYXlzIjtzOjE6IjAiO3M6MTU6ImZpbHRlckRhdGVTdGFydCI7TjtzOjEzOiJmaWx0ZXJEYXRlRW5kIjtOO3M6MzA6InJlbGF0ZWRUb3BpY0F0dHJpYnV0ZUtleUhhbmRsZSI7czowOiIiO3M6Mjk6ImN1c3RvbVRvcGljQXR0cmlidXRlS2V5SGFuZGxlIjtzOjA6IiI7czoyMToiY3VzdG9tVG9waWNUcmVlTm9kZUlEIjtzOjE6IjAiO3M6MTE6ImluY2x1ZGVOYW1lIjtzOjE6IjEiO3M6MTg6ImluY2x1ZGVEZXNjcmlwdGlvbiI7czoxOiIxIjtzOjExOiJpbmNsdWRlRGF0ZSI7czoxOiIwIjtzOjIxOiJpbmNsdWRlQWxsRGVzY2VuZGVudHMiO3M6MToiMSI7czo4OiJwYWdpbmF0ZSI7czoxOiIwIjtzOjE0OiJkaXNwbGF5QWxpYXNlcyI7czoxOiIwIjtzOjE3OiJpZ25vcmVQZXJtaXNzaW9ucyI7czoxOiIwIjtzOjIzOiJlbmFibGVFeHRlcm5hbEZpbHRlcmluZyI7czoxOiIwIjtzOjQ6InB0SUQiO3M6MToiMCI7czo0OiJwZklEIjtzOjE6IjAiO3M6MTc6InRydW5jYXRlU3VtbWFyaWVzIjtzOjE6IjAiO3M6MTk6ImRpc3BsYXlGZWF0dXJlZE9ubHkiO3M6MToiMCI7czoxNjoibm9SZXN1bHRzTWVzc2FnZSI7czoyMjoiR2VlbiBwYWdpbmEncyBnZXZvbmRlbiI7czoxNjoiZGlzcGxheVRodW1ibmFpbCI7czoxOiIxIjtzOjEzOiJ0cnVuY2F0ZUNoYXJzIjtzOjE6IjAiO30='),
(176, '', '2017-02-23 09:28:16', '2017-02-23 09:28:16', NULL, '0', 12, 1, NULL),
(177, '', '2017-02-23 09:28:26', '2017-02-23 09:28:26', NULL, '0', 12, 1, NULL),
(178, '', '2017-02-23 09:33:54', '2017-02-23 09:33:54', NULL, '1', 12, 1, 'TzozMjoiQ29uY3JldGVcQ29yZVxMZWdhY3lcQmxvY2tSZWNvcmQiOjM6e3M6MzoiYklEIjtzOjM6IjE3OCI7czo5OiIAKgBfdGFibGUiO3M6MTQ6ImJ0Q29udGVudExvY2FsIjtzOjc6ImNvbnRlbnQiO3M6NjU6IjxwPjxhIGhyZWY9IntDQ006Q0lEXzIwM30iPkFhcnRzZW5mcnVpdCBLaWRzIEZvdW5kYXRpb248L2E+DQo8L3A+Ijt9'),
(179, '', '2017-02-23 09:34:13', '2017-02-23 09:34:13', NULL, '1', 12, 1, 'TzozMjoiQ29uY3JldGVcQ29yZVxMZWdhY3lcQmxvY2tSZWNvcmQiOjM6e3M6MzoiYklEIjtzOjM6IjE3OSI7czo5OiIAKgBfdGFibGUiO3M6MTQ6ImJ0Q29udGVudExvY2FsIjtzOjc6ImNvbnRlbnQiO3M6NDU6IjxwPjxhIGhyZWY9IntDQ006Q0lEXzIwM30iPkRpc2NsYWltZXI8L2E+PC9wPiI7fQ=='),
(180, '', '2017-02-23 09:39:36', '2017-02-23 09:39:36', NULL, '0', 27, 1, 'TzozMjoiQ29uY3JldGVcQ29yZVxMZWdhY3lcQmxvY2tSZWNvcmQiOjEwOntzOjM6ImJJRCI7czozOiIxODAiO3M6OToiACoAX3RhYmxlIjtzOjE0OiJidENvbnRlbnRJbWFnZSI7czozOiJmSUQiO3M6MjoiMjUiO3M6MTA6ImZPbnN0YXRlSUQiO3M6MToiMCI7czo4OiJtYXhXaWR0aCI7czoxOiIwIjtzOjk6Im1heEhlaWdodCI7czoxOiIwIjtzOjEyOiJleHRlcm5hbExpbmsiO3M6MDoiIjtzOjE1OiJpbnRlcm5hbExpbmtDSUQiO3M6MToiMCI7czo3OiJhbHRUZXh0IjtzOjU6IlF1b3RlIjtzOjU6InRpdGxlIjtzOjU6IlF1b3RlIjt9'),
(181, '', '2017-02-23 10:18:25', '2017-02-23 10:18:25', NULL, '0', 12, 1, 'TzozMjoiQ29uY3JldGVcQ29yZVxMZWdhY3lcQmxvY2tSZWNvcmQiOjM6e3M6MzoiYklEIjtzOjM6IjE4MSI7czo5OiIAKgBfdGFibGUiO3M6MTQ6ImJ0Q29udGVudExvY2FsIjtzOjc6ImNvbnRlbnQiO3M6NjU6IjxwPjxhIGhyZWY9IntDQ006Q0lEXzIwM30iPkFhcnRzZW5mcnVpdCBLaWRzIEZvdW5kYXRpb248L2E+DQo8L3A+Ijt9'),
(182, '', '2017-02-23 10:18:35', '2017-02-23 10:18:35', NULL, '0', 12, 1, 'TzozMjoiQ29uY3JldGVcQ29yZVxMZWdhY3lcQmxvY2tSZWNvcmQiOjM6e3M6MzoiYklEIjtzOjM6IjE4MiI7czo5OiIAKgBfdGFibGUiO3M6MTQ6ImJ0Q29udGVudExvY2FsIjtzOjc6ImNvbnRlbnQiO3M6NDc6IjxwPjxhIGhyZWY9IntDQ006Q0lEXzIwM30iPkRpc2NsYWltZXI8L2E+DQo8L3A+Ijt9'),
(183, '', '2017-02-23 10:18:53', '2017-02-23 10:18:53', NULL, '0', 12, 1, NULL),
(184, '', '2017-02-23 10:19:00', '2017-02-23 10:19:00', NULL, '0', 12, 1, NULL),
(185, '', '2017-02-23 10:19:14', '2017-02-23 10:19:14', NULL, '0', 12, 1, NULL),
(186, '', '2017-02-23 10:19:21', '2017-02-23 10:19:21', NULL, '0', 12, 1, NULL),
(187, '', '2017-02-23 10:19:40', '2017-02-23 10:19:40', NULL, '0', 12, 1, NULL),
(188, '', '2017-02-23 10:19:46', '2017-02-23 10:19:46', NULL, '0', 12, 1, NULL),
(189, '', '2017-02-23 10:20:09', '2017-02-23 10:20:09', NULL, '0', 12, 1, NULL),
(190, '', '2017-02-23 10:20:17', '2017-02-23 10:20:17', NULL, '0', 12, 1, NULL),
(191, '', '2017-02-23 10:20:28', '2017-02-23 10:20:28', NULL, '0', 12, 1, NULL),
(192, '', '2017-02-23 10:20:36', '2017-02-23 10:20:36', NULL, '0', 12, 1, NULL),
(193, '', '2017-02-23 10:20:47', '2017-02-23 10:20:47', NULL, '0', 12, 1, NULL),
(194, '', '2017-02-23 10:20:55', '2017-02-23 10:20:55', NULL, '0', 12, 1, NULL),
(195, '', '2017-02-23 10:21:09', '2017-02-23 10:21:09', NULL, '0', 12, 1, NULL),
(196, '', '2017-02-23 10:21:17', '2017-02-23 10:21:17', NULL, '0', 12, 1, NULL),
(197, '', '2017-02-23 10:21:30', '2017-02-23 10:21:30', NULL, '0', 12, 1, NULL),
(198, '', '2017-02-23 10:21:42', '2017-02-23 10:21:42', NULL, '0', 12, 1, NULL),
(199, '', '2017-02-23 10:21:56', '2017-02-23 10:21:56', NULL, '0', 12, 1, NULL),
(200, '', '2017-02-23 10:22:03', '2017-02-23 10:22:03', NULL, '0', 12, 1, NULL),
(201, '', '2017-02-23 10:24:16', '2017-02-23 10:24:16', NULL, '0', 12, 1, 'TzozMjoiQ29uY3JldGVcQ29yZVxMZWdhY3lcQmxvY2tSZWNvcmQiOjM6e3M6MzoiYklEIjtzOjM6IjIwMSI7czo5OiIAKgBfdGFibGUiO3M6MTQ6ImJ0Q29udGVudExvY2FsIjtzOjc6ImNvbnRlbnQiO3M6NDc6IjxwPjxhIGhyZWY9IntDQ006Q0lEXzIwM30iPkRpc2NsYWltZXI8L2E+DQo8L3A+Ijt9'),
(202, '', '2017-02-23 10:24:23', '2017-02-23 10:24:23', NULL, '0', 12, 1, 'TzozMjoiQ29uY3JldGVcQ29yZVxMZWdhY3lcQmxvY2tSZWNvcmQiOjM6e3M6MzoiYklEIjtzOjM6IjIwMiI7czo5OiIAKgBfdGFibGUiO3M6MTQ6ImJ0Q29udGVudExvY2FsIjtzOjc6ImNvbnRlbnQiO3M6NjU6IjxwPjxhIGhyZWY9IntDQ006Q0lEXzIwM30iPkFhcnRzZW5mcnVpdCBLaWRzIEZvdW5kYXRpb248L2E+DQo8L3A+Ijt9'),
(203, '', '2017-02-23 10:27:04', '2017-02-23 10:27:04', NULL, '0', 12, 1, 'TzozMjoiQ29uY3JldGVcQ29yZVxMZWdhY3lcQmxvY2tSZWNvcmQiOjM6e3M6MzoiYklEIjtzOjM6IjIwMyI7czo5OiIAKgBfdGFibGUiO3M6MTQ6ImJ0Q29udGVudExvY2FsIjtzOjc6ImNvbnRlbnQiO3M6NjU6IjxwPjxhIGhyZWY9IntDQ006Q0lEXzIwM30iPkFhcnRzZW5mcnVpdCBLaWRzIEZvdW5kYXRpb248L2E+DQo8L3A+Ijt9'),
(204, '', '2017-02-23 10:27:14', '2017-02-23 10:27:14', NULL, '0', 12, 1, 'TzozMjoiQ29uY3JldGVcQ29yZVxMZWdhY3lcQmxvY2tSZWNvcmQiOjM6e3M6MzoiYklEIjtzOjM6IjIwNCI7czo5OiIAKgBfdGFibGUiO3M6MTQ6ImJ0Q29udGVudExvY2FsIjtzOjc6ImNvbnRlbnQiO3M6NDc6IjxwPjxhIGhyZWY9IntDQ006Q0lEXzIwM30iPkRpc2NsYWltZXI8L2E+DQo8L3A+Ijt9'),
(205, '', '2017-02-23 10:38:26', '2017-02-23 10:38:26', NULL, '0', 12, 1, NULL),
(206, '', '2017-02-23 10:38:46', '2017-02-23 10:38:46', NULL, '0', 27, 1, NULL),
(207, '', '2017-02-23 10:39:12', '2017-02-23 10:39:12', NULL, '1', 12, 1, NULL),
(208, '', '2017-02-23 10:42:26', '2017-02-23 10:42:26', NULL, '0', 12, 1, 'TzozMjoiQ29uY3JldGVcQ29yZVxMZWdhY3lcQmxvY2tSZWNvcmQiOjM6e3M6MzoiYklEIjtzOjM6IjIwOCI7czo5OiIAKgBfdGFibGUiO3M6MTQ6ImJ0Q29udGVudExvY2FsIjtzOjc6ImNvbnRlbnQiO3M6NjEzOiI8aDE+T05TIEdFREFDSFRFR09FRDwvaDE+PHA+S2luZGVyZW4gaGViYmVuIGhldCByZWNodCBvbSB0ZSB3ZXRlbi48L3A+PHA+QUtGIHdpbCBiZXJlaWtlbiBkYXQga2luZGVyZW4gLSBkZSB2b2x3YXNzZW5lbiB2YW4gZGUgdG9la29tc3QgLSBiZXd1c3Qgd29yZGVuIGluIHdhdCB6ZSBkb2VuLCBpbiBob2UgemUgb21nYWFuIG1ldCBhbmRlcmVuIMOpbiBtZXQgemljaHplbGYuIEtpbmRlcmVuIGhlYmJlbiBoZXQgcmVjaHQgdGUgd2V0ZW4gaG9lIHZvZWRpbmcsIG5hdHV1ciBlbiB3ZWx6aWpuIG1ldCBlbGthYXIgdmVyYm9uZGVuIHppam4uIERvb3IgaW4gYmVncmlqcGVsaWprZSBraW5kZXJ0YWFsIC0gem9uZGVyIG9wZ2VzdG9rZW4gd2lqc3ZpbmdlciAtIGluemljaHQgdGUgZ2V2ZW4gaW4gby5hLiBoZXQgYmVsYW5nIHZhbiBnb2VkZSB2b2VkaW5nIANlbiBlZW4gZ2V6b25kZSBsZXZlbnNzdGlqbCwga3VubmVuIHplIGxhdGVyIGJld3VzdGVyZSBlbiBkYWFybWVlIGJldGVyZSBrZXV6ZXMgbWFrZW4gdm9vciB6aWNoemVsZiBlbiBodW4gb21nZXZpbmcuPC9wPjxwPlN0T2VyR2VsdWtraWcgdmVydGFhbHQgemljaCBuYWFyIGRlIHZvbGdlbmRlIEluaXRpYXRpZXZlbi48L3A+Ijt9'),
(209, '', '2017-02-23 10:43:34', '2017-02-23 10:43:40', NULL, '0', 12, 1, 'TzozMjoiQ29uY3JldGVcQ29yZVxMZWdhY3lcQmxvY2tSZWNvcmQiOjM6e3M6MzoiYklEIjtzOjM6IjIwOSI7czo5OiIAKgBfdGFibGUiO3M6MTQ6ImJ0Q29udGVudExvY2FsIjtzOjc6ImNvbnRlbnQiO3M6NjQ5OiI8aDE+T05TIEdFREFDSFRFR09FRDxicj48L2gxPjxwPjxicj48L3A+PHA+S2luZGVyZW4gaGViYmVuIGhldCByZWNodCBvbSB0ZSB3ZXRlbi48L3A+PHA+PGJyPjwvcD48cD5BS0Ygd2lsIGJlcmVpa2VuIGRhdCBraW5kZXJlbiAtIGRlIHZvbHdhc3NlbmVuIHZhbiBkZSB0b2Vrb21zdCAtIGJld3VzdCB3b3JkZW4gaW4gd2F0IHplIGRvZW4sIGluIGhvZSB6ZSBvbWdhYW4gbWV0IGFuZGVyZW4gw6luIG1ldCB6aWNoemVsZi4gS2luZGVyZW4gaGViYmVuIGhldCByZWNodCB0ZSB3ZXRlbiBob2Ugdm9lZGluZywgbmF0dXVyIGVuIHdlbHppam4gbWV0IGVsa2FhciB2ZXJib25kZW4gemlqbi4gRG9vciBpbiBiZWdyaWpwZWxpamtlIGtpbmRlcnRhYWwgLSB6b25kZXIgb3BnZXN0b2tlbiB3aWpzdmluZ2VyIC0gaW56aWNodCB0ZSBnZXZlbiBpbiBvLmEuIGhldCBiZWxhbmcgdmFuIGdvZWRlIHZvZWRpbmcgZW4gZWVuIGdlem9uZGUgbGV2ZW5zc3RpamwsIGt1bm5lbiB6ZSBsYXRlciBiZXd1c3RlcmUgZW4gZGFhcm1lZSBiZXRlcmUga2V1emVzIG1ha2VuIHZvb3IgemljaHplbGYgZW4gaHVuIG9tZ2V2aW5nLjwvcD48cD48YnI+PC9wPjxwPlN0T2VyR2VsdWtraWcgdmVydGFhbHQgemljaCBuYWFyIGRlIHZvbGdlbmRlIEluaXRpYXRpZXZlbi48L3A+Ijt9'),
(211, '', '2017-02-23 12:29:33', '2017-02-23 12:32:30', NULL, '0', 12, 1, 'TzozMjoiQ29uY3JldGVcQ29yZVxMZWdhY3lcQmxvY2tSZWNvcmQiOjM6e3M6MzoiYklEIjtzOjM6IjIxMSI7czo5OiIAKgBfdGFibGUiO3M6MTQ6ImJ0Q29udGVudExvY2FsIjtzOjc6ImNvbnRlbnQiO3M6OTA5OiI8aDI+T29nIHZvb3Iga2luZGVyZW48L2gyPjxwPjxicj48L3A+PGgzPk9wcmljaHRpbmcgQUtGIDwvaDM+PHA+QWFydHNlbmZydWl0IEtpZHMgRm91bmRhdGlvbiBpcyBvbnRzdGFhbiBuYWFyIGFhbmxlaWRpbmcgdmFuIGhldCBob25kZXJkamFyaWdlIGp1YmlsZXVtIHZhbiBBR0YgaW1wb3J0YmVkcmlqZiBBYXJ0c2VuZnJ1aXQgQlYuIERlIHN0aWNodGluZyB3ZXJkIGluIDIwMDcgb3BnZXJpY2h0IGRvb3IgSmFjayBlbiBIZWxsZW4gQWFydHNlbiBlbiB3b3JkdCBnZXZvcm1kIGRvb3IgemV2ZW4gZW50aG91c2lhc3RlIGJlc3R1dXJzbGVkZW4gZW4gYmV0cm9ra2VuIG1lbnNlbiBkaWUgdmVyYm9uZGVuIHppam4gbWV0IEFhcnRzZW5mcnVpdC48L3A+PHA+PGJyPjwvcD48aDM+S2luZGVyZW4gemlqbiBvbnplIHRvZWtvbXN0IDwvaDM+PHA+TmlldCBhbGxlZW4gdGVydWdibGlra2VuLCBtYWFyIHZvb3JhbCBvb2sgdm9vcnVpdCBraWprZW4gbmFhciBkZSBrb21lbmRlIGdlbmVyYXRpZXM6IGRhdCB3YXMgb25zIG1vdHRvIHRlbiB0aWpkZSB2YW4gZGl0IGZlZXN0ZWxpamtlIGp1YmlsZXVtamFhci4gRW4gZGF0IGlzIGhldCBub2cgYWx0aWpkLiBXYW50IGtpbmRlcmVuIHppam4gYmVsYW5ncmlqayBlbiBoZWJiZW4gcmVjaHQgb3AgbGllZmRlIGVuIGVlbiBnb2VkZSBvbmRlcmdyb25kLCB3YWFyZG9vciB6ZSBsYXRlciBnb2VkIGluIGhldCBsZXZlbiBrdW5uZW4gc3RhYW4uIElldHMgd2F0IG5pZXQgdm9vciBlbGsga2luZCB2YW56ZWxmc3ByZWtlbmQgaXMuPGJyPjwvcD48cD48YnI+PC9wPjxwIGRhdGEtcmVkYWN0b3ItaW5zZXJ0ZWQtaW1hZ2U9InRydWUiIHN0eWxlPSJ0ZXh0LWFsaWduOiBjZW50ZXI7Ij48Y29uY3JldGUtcGljdHVyZSBmSUQ9IjI2IiBpZD0iaW1hZ2UtbWFya2VyIiAvPjwvcD4iO30='),
(212, '', '2017-02-23 12:31:49', '2017-02-23 12:31:49', NULL, '0', 12, 1, NULL),
(213, '', '2017-02-23 12:34:52', '2017-02-23 12:34:52', NULL, '1', 12, 1, 'TzozMjoiQ29uY3JldGVcQ29yZVxMZWdhY3lcQmxvY2tSZWNvcmQiOjM6e3M6MzoiYklEIjtzOjM6IjIxMyI7czo5OiIAKgBfdGFibGUiO3M6MTQ6ImJ0Q29udGVudExvY2FsIjtzOjc6ImNvbnRlbnQiO3M6MTYyNjoiPGgyPkhvZSBoZXQgYmVnb248L2gyPg0KPHA+PGJyPg0KPC9wPg0KPGgzPkhlbHBlbmRlIGhhbmQ8L2gzPg0KPHA+SW4gZGUgZWVyc3RlIGphcmVuIHZhbiBoYWFyIGJlc3RhYW4gd2FzIEFhcnRzZW5mcnVpdCBLaWRzIEZvdW5kYXRpb24gdm9vcmFsIGVlbiAnZG9lLXN0aWNodGluZycuIFNhbWVuIG1ldCBkZSBtZWRld2Vya2VycyB2YW4gQWFydHNlbmZydWl0IHN0YWsgZGUgQUtGIGxldHRlcmxpamsgZGUgaGVscGVuZGUgaGFuZCB1aXQgbmFhciBkaWUga2luZGVyZW4gZGllIGVlbiBzdGV1bnRqZSBpbiBkZSBydWcga29uZGVuIGdlYnJ1aWtlbi4NCjwvcD4NCjxwPjxicj4NCjwvcD4NCjxoMz5IdWxwdnJhZ2VuPC9oMz4NCjxwPkFhbiB0aWVudGFsbGVuIGh1bHBhYW52cmFnZW4gd2VyZCBpbiBkZSBwZXJpb2RlIDIwMDcgdG90IGVuIG1ldCAyMDE0IGdlaG9vciBnZWdldmVuLiBXZSBzdGFrZW4gZGUgaGFuZGVuIHVpdCBkZSBtb3V3ZW4gYWxzIGVyIGVyZ2VucyBpZXRzIG9wZ2VrbmFwdCBtb2VzdCB3b3JkZW4uIE9mIGhpZWxwZW4gaW4gbWF0ZXJpw6tsZSB6aW4gYWxzIGVlbiB2b29yemllbmluZyB2b29yIGRlIG91ZGVycyBvZiBlZW4gb3JnYW5pc2F0aWUgb25tb2dlbGlqayBsZWVrLiBBbm5vIDIwMTUgbW9nZW4gd2UgdHJvdHMgZW4gdGV2cmVkZW4gdGVydWdraWprZW4gb3AgZGUgaHVscCBlbiBkZSBvcGxvc3NpbmdlbiBkaWUgd2Uga29uZGVuIGJpZWRlbi4NCjwvcD4NCjxwPjxicj4NCjwvcD4NCjxoMj5OaWV1d2UgZm9jdXM8L2gyPg0KPHA+PGJyPg0KPC9wPg0KPGgzPkVpZ2VuIHByb2plY3RlbjwvaDM+DQo8cD5BS0YgaGVlZnQgemljaCB2b29yIG51IGVuIGRlIHRvZWtvbXN0IHRvdCBkb2VsIGdlc3RlbGQgb3AgZWVuIGdyb3RlcmUgc2NoYWFsIGJpaiB0ZSBkcmFnZW4gYWFuIGRlIGdlem9uZGhlaWQgZW4gaGV0IHdlbHppam4gdmFuIGtpbmRlcmVuIGluIGhldCBhbGdlbWVlbi4gT20gZGl0IHRlIGt1bm5lbiByZWFsaXNlcmVuIGlzIGRlIGZvY3VzIHZhbiBBS0YgdmVyc2Nob3ZlbiAtIHZhbiBkaXJlY3RlIGh1bHAgaW4gZ29lZGVyZW4gZW4gZGllbnN0ZW4gLSBuYWFyIGhldCBvcHpldHRlbiBlbiB1aXR2b2VyZW4gdmFuIGVpZ2VuIHByb2plY3Rlbi4NCjwvcD4NCjxwPjxicj4NCjwvcD4NCjxwIGRhdGEtcmVkYWN0b3ItaW5zZXJ0ZWQtaW1hZ2U9InRydWUiPjxjb25jcmV0ZS1waWN0dXJlIGZJRD0iMTciIGlkPSJpbWFnZS1tYXJrZXIiIGFsdD0iYmFubmVyIiBzdHlsZT0iZGlzcGxheTogYmxvY2s7IG1hcmdpbjogYXV0bzsgd2lkdGg6IDEwMCU7IGhlaWdodDogYXV0bzsiIC8+DQo8L3A+DQo8cCBkYXRhLXJlZGFjdG9yLWluc2VydGVkLWltYWdlPSJ0cnVlIj48YnI+DQo8L3A+DQo8aDM+c3RPZXJHZWx1a2tpZzwvaDM+DQo8cD5EZSBhbWJpdGllcyB2YW4gQUtGIGtyZWdlbiB0aWpkZW5zIGVlbiBwZXJpb2RlIHZhbiByZWZvY3VzIHZlcmRlciB2b3JtIGVuIGluaG91ZCBlbiBvbnR3aWtrZWxkZW4gemljaCB0b3QgaGV0IGdlZGFjaHRlZ29lZCAnc3RPZXJHZWx1a2tpZycuIE9uZGVyIGRlemUgb3ZlcmtvZXBlbGVuZGUgbmFhbSB3b3JkZW4gZG9vciBBS0Ygc2luZHMgMjAxNSBkaXZlcnNlIHByb2plY3RlbiBnZcOvbml0aWVlcmQuDQo8L3A+Ijt9'),
(214, '', '2017-02-23 12:42:47', '2017-02-23 12:42:47', NULL, '0', 12, 1, 'TzozMjoiQ29uY3JldGVcQ29yZVxMZWdhY3lcQmxvY2tSZWNvcmQiOjM6e3M6MzoiYklEIjtzOjM6IjIxNCI7czo5OiIAKgBfdGFibGUiO3M6MTQ6ImJ0Q29udGVudExvY2FsIjtzOjc6ImNvbnRlbnQiO3M6Mjk6IjxwPlBsYWF0cyBoaWVyIGRlIGNvbnRlbnQ8L3A+Ijt9'),
(215, '', '2017-02-23 14:01:00', '2017-02-23 14:01:00', NULL, '0', 12, 1, 'TzozMjoiQ29uY3JldGVcQ29yZVxMZWdhY3lcQmxvY2tSZWNvcmQiOjM6e3M6MzoiYklEIjtzOjM6IjIxNSI7czo5OiIAKgBfdGFibGUiO3M6MTQ6ImJ0Q29udGVudExvY2FsIjtzOjc6ImNvbnRlbnQiO3M6Mjk6IjxwPlBsYWF0cyBoaWVyIGRlIGNvbnRlbnQ8L3A+Ijt9'),
(216, '', '2017-02-23 14:01:06', '2017-02-23 14:01:06', NULL, '0', 12, 1, 'TzozMjoiQ29uY3JldGVcQ29yZVxMZWdhY3lcQmxvY2tSZWNvcmQiOjM6e3M6MzoiYklEIjtzOjM6IjIxNiI7czo5OiIAKgBfdGFibGUiO3M6MTQ6ImJ0Q29udGVudExvY2FsIjtzOjc6ImNvbnRlbnQiO3M6Mjk6IjxwPlBsYWF0cyBoaWVyIGRlIGNvbnRlbnQ8L3A+Ijt9'),
(217, '', '2017-02-23 14:24:55', '2017-02-23 14:24:55', NULL, '1', 11, 1, NULL),
(218, '', '2017-02-23 14:25:24', '2017-02-23 14:25:24', NULL, '1', 11, 1, NULL),
(219, '', '2017-02-23 14:25:35', '2017-02-23 14:25:35', NULL, '1', 11, 1, NULL),
(220, '', '2017-02-23 14:25:50', '2017-02-23 14:25:50', NULL, '1', 11, 1, NULL),
(221, '', '2017-02-23 14:30:05', '2017-02-23 14:30:05', NULL, '1', 11, 1, 'TzozMjoiQ29uY3JldGVcQ29yZVxMZWdhY3lcQmxvY2tSZWNvcmQiOjExOntzOjM6ImJJRCI7czozOiIyMjEiO3M6OToiACoAX3RhYmxlIjtzOjEyOiJidE5hdmlnYXRpb24iO3M6Nzoib3JkZXJCeSI7czoxMToiZGlzcGxheV9hc2MiO3M6MTI6ImRpc3BsYXlQYWdlcyI7czozOiJ0b3AiO3M6MTU6ImRpc3BsYXlQYWdlc0NJRCI7czoxOiIwIjtzOjIzOiJkaXNwbGF5UGFnZXNJbmNsdWRlU2VsZiI7czoxOiIwIjtzOjE1OiJkaXNwbGF5U3ViUGFnZXMiO3M6MzoiYWxsIjtzOjIwOiJkaXNwbGF5U3ViUGFnZUxldmVscyI7czozOiJhbGwiO3M6MjM6ImRpc3BsYXlTdWJQYWdlTGV2ZWxzTnVtIjtzOjE6IjAiO3M6MjM6ImRpc3BsYXlVbmF2YWlsYWJsZVBhZ2VzIjtzOjE6IjAiO3M6MTg6ImRpc3BsYXlTeXN0ZW1QYWdlcyI7czoxOiIwIjt9'),
(222, '', '2017-02-23 14:50:38', '2017-02-23 14:51:07', NULL, '0', 12, 1, NULL),
(223, '', '2017-02-23 14:51:44', '2017-02-23 14:51:44', NULL, '1', 12, 1, 'TzozMjoiQ29uY3JldGVcQ29yZVxMZWdhY3lcQmxvY2tSZWNvcmQiOjM6e3M6MzoiYklEIjtzOjM6IjIyMyI7czo5OiIAKgBfdGFibGUiO3M6MTQ6ImJ0Q29udGVudExvY2FsIjtzOjc6ImNvbnRlbnQiO3M6NTk1OiI8cD5TdGVlZHMgbWVlciBvdWRlcnMgaGViYmVuIGJpaiBnZWJyZWsgYWFuIGZpbmFuY2nDq2xlIG1pZGRlbGVuIGhlbGFhcyBuaWV0IGRlIG1vZ2VsaWpraGVpZCBvbSBodW4ga2luZGVyZW4gZWVuIHZlcmphYXJkYWdzZmVlc3RqZSB0ZSBiaWVkZW4uIFNvbXMgZHJlaWdlbiBraW5kZXJlbiBoaWVyZG9vciB6ZWxmcyBpbiBlZW4gc29jaWFhbCBpc29sZW1lbnQgdGUgYmVsYW5kZW4uIEhldCBwcm9qZWN0IOKAmEtpbmRlcmZlZXN0amVz4oCZIGlzIGRhYXJvbSBnZXJpY2h0IG9wIGRpZSBraW5kZXJlbiB2YW4gNSB0L20gMTIgamFhciB3YWFydm9vciBlZW4ga2luZGVyZmVlc3RqZSBuaWV0IHZhbnplbGZzcHJla2VuZCBpcy4gRG9vciBtaWRkZWwgdmFuIGRpdmVyc2UgbGV1a2UgYXJyYW5nZW1lbnRlbiBtYWFrdCBBS0YgZWVuIG9wIGRlIGtpbmRlcndlbnMgYWZnZXN0ZW1kIGZlZXN0amUgd2VlciBtb2dlbGlqay48L3A+PHA+PGJyPjwvcD48cCBkYXRhLXJlZGFjdG9yLWluc2VydGVkLWltYWdlPSJ0cnVlIiBzdHlsZT0idGV4dC1hbGlnbjogY2VudGVyOyI+PGNvbmNyZXRlLXBpY3R1cmUgZklEPSIyNyIgaWQ9ImltYWdlLW1hcmtlciIgLz48L3A+Ijt9'),
(224, '', '2017-02-23 14:52:20', '2017-02-23 14:52:48', NULL, '0', 12, 1, 'TzozMjoiQ29uY3JldGVcQ29yZVxMZWdhY3lcQmxvY2tSZWNvcmQiOjM6e3M6MzoiYklEIjtzOjM6IjIyNCI7czo5OiIAKgBfdGFibGUiO3M6MTQ6ImJ0Q29udGVudExvY2FsIjtzOjc6ImNvbnRlbnQiO3M6NjUwOiI8cD5TdGljaHRpbmcgWm9tZXJrYW1wZW4gQnJlZGEgb3JnYW5pc2VlcnQgdmFrYW50aWVrYW1wZW4gdm9vciBCcmVkYXNlIGtpbmRlcmVuIGluIGRlIGxlZWZ0aWpkIHZhbiA2IHQvbSAxNiBqYWFyLiBEb29yIHZvb3IgZGUga2luZGVyZW4gZWVuIG9udmVyZ2V0ZWxpamtlIHZha2FudGllIHRlIG9yZ2FuaXNlcmVuLCB3aWwgU1pCIGJldm9yZGVyZW4gZGF0IHppaiB0b3QgbWF4aW1hbGUgb250cGxvb2lpbmcga3VubmVuIGtvbWVuLiBBS0Ygc3BvbnNvcnQgZGUgZGVlbG5hbWUgdmFuIGtpbmRlcmVuIG1ldCBtaW5kZXIgZmluYW5jacOrbGUgbWlkZGVsZW4gZGllIHppY2ggdmlhIGRlIFZvZWRzZWxiYW5rIGVuIEJyZWRhUGFzIGFhbm1lbGRlbi4gSmFhcmxpamtzIHN0YWF0IEFLRiB2b29yIGRlIGRlZWxuYW1lIHZhbiBjaXJjYSAxMjAga2luZGVyZW4gZ2FyYW50LiBPb2sgem9yZ3QgQUtGIHZvb3IgZWVuIGdlem9uZGUgYmlqZHJhZ2UgZG9vciBkZSBzcG9uc29yaW5nIHZhbiBncm9lbnRlIGVuIGZydWl0Lg0KPC9wPjxwPjxicj48L3A+PHAgZGF0YS1yZWRhY3Rvci1pbnNlcnRlZC1pbWFnZT0idHJ1ZSIgc3R5bGU9InRleHQtYWxpZ246IGNlbnRlcjsiPjxjb25jcmV0ZS1waWN0dXJlIGZJRD0iMjgiIGlkPSJpbWFnZS1tYXJrZXIiIC8+PC9wPiI7fQ=='),
(225, '', '2017-02-23 14:53:39', '2017-02-23 14:53:39', NULL, '0', 12, 1, NULL),
(226, '', '2017-02-23 14:54:26', '2017-02-23 14:54:26', NULL, '1', 12, 1, 'TzozMjoiQ29uY3JldGVcQ29yZVxMZWdhY3lcQmxvY2tSZWNvcmQiOjM6e3M6MzoiYklEIjtzOjM6IjIyNiI7czo5OiIAKgBfdGFibGUiO3M6MTQ6ImJ0Q29udGVudExvY2FsIjtzOjc6ImNvbnRlbnQiO3M6NzYxOiI8cD5BS0YgaXMgZWVuIHNhbWVud2Vya2luZyBhYW5nZWdhYW4gbWV0IHN0aWNodGluZyBIYXBweSBIaXBwby4gRGV6ZSBzdGljaHRpbmcgcmljaHQgemljaCBvcCBraW5kZXJlbiBpbiBkZSBsZWVmdGlqZCB2YW4gMSB0b3QgZW4gbWV0IDEyIGphYXIsIHdhYXJ2YW4gZGUgb3VkZXJzIGFmaGFua2VsaWprIHppam4gdmFuIGRlIFZvZWRzZWxiYW5rIGluIEJyZWRhLiBXYW5uZWVyIGRlemUga2luZGVyZW4gbmFhciBkZSBicnVna2xhcyBnYWFuLCBkaWVuZW4gemlqIGRpdmVyc2Ugc2Nob29sYmVub2RpZ2RoZWRlbiBhYW4gdGUgc2NoYWZmZW4gem9hbHMgc2NocmlmdGVuLCB0YXNzZW4sIHNjaGFyZW4sIHVzYi1zdGlja3MgZW4gc2NocmlqZmJlbm9kaWdkaGVkZW4uIFZvb3IgaHVuIG91ZGVycyB2YWFrIGVlbiBrb3N0YmFyZSB6YWFrLiBNZXQgaGV0IHByb2plY3Qg4oCYQlVTWSBCRUXigJkgdm9vcnppZW4gQUtGIGVuIEhhcHB5IEhpcHBvIGhlbiBpbiBkZXplIHNjaG9vbGJlbm9kaWdkaGVkZW4uPC9wPjxwPjxicj5NZXQgZGFuayBhYW4gTW9uc2kgT2ZmaWNlIEJyZWRhIHZvb3IgZGUgZG9uYXRpZSB2YW4gZGl2ZXJzZSBzY2hvb2xtYXRlcmlhbGVuLjwvcD48cD48YnI+PC9wPjxwPjxlbT5NZWVyIGluZm9ybWF0aWU6IDxhIGhyZWY9Imh0dHA6Ly93d3cuaGFwcHloaXBwby5ubCI+d3d3LmhhcHB5aGlwcG8ubmw8L2E+IC8gPGEgaHJlZj0iaHR0cDovL3d3dy5tb25zaW9mZmljZS5ubCI+d3d3Lm1vbnNpb2ZmaWNlLm5sPC9hPjwvZW0+PC9wPiI7fQ=='),
(227, '', '2017-02-23 14:56:50', '2017-02-23 14:56:50', NULL, '0', 12, 1, NULL),
(228, '', '2017-02-23 15:02:35', '2017-02-23 15:02:55', NULL, '0', 12, 1, NULL),
(229, '', '2017-02-23 15:03:37', '2017-02-23 15:04:18', NULL, '0', 12, 1, NULL),
(230, '', '2017-02-23 15:05:01', '2017-02-23 15:05:01', NULL, '1', 12, 1, NULL),
(231, '', '2017-02-23 15:08:32', '2017-02-23 15:08:32', NULL, '1', 12, 1, NULL),
(232, '', '2017-02-23 15:09:27', '2017-02-23 15:09:27', NULL, '0', 12, 1, 'TzozMjoiQ29uY3JldGVcQ29yZVxMZWdhY3lcQmxvY2tSZWNvcmQiOjM6e3M6MzoiYklEIjtzOjM6IjIzMiI7czo5OiIAKgBfdGFibGUiO3M6MTQ6ImJ0Q29udGVudExvY2FsIjtzOjc6ImNvbnRlbnQiO3M6MjY5OiI8cD5XYW5uZWVyIFNpbnRlcmtsYWFzLCBiaWogZ2VicmVrIGFhbiBmaW5hbmNpw6tsZSBtaWRkZWxlbiB2YW4gamUgb3VkZXJzLCBqb3V3IGh1aXMgdm9vcmJpaiBkcmVpZ3QgdGUgcmlqZGVuIGlzIDUgZGVjZW1iZXIgZ2VlbiBmZWVzdGVsaWprZSBkYXR1bS4gSW4gc2FtZW53ZXJraW5nIG1ldCBDSkcgZW4gZGUgQnJlZGFzZSBiYXNpc3NjaG9sZW4gbWFha3QgQUtGIGhldCB2aWVyZW4gdmFuIGhldCBTaW50ZXJrbGFhc2ZlZXN0IHRodWlzIHdlZXIgbW9nZWxpamsuPC9wPiI7fQ=='),
(233, '', '2017-02-23 15:24:12', '2017-02-23 15:25:20', NULL, '1', 12, 1, NULL),
(234, '', '2017-02-23 15:24:47', '2017-02-23 15:24:47', NULL, '1', 12, 1, NULL),
(235, '', '2017-02-23 15:25:44', '2017-02-23 15:25:44', NULL, '1', 12, 1, NULL),
(236, '', '2017-02-23 15:31:47', '2017-02-23 15:31:47', NULL, '0', 12, 1, NULL),
(237, '', '2017-02-23 15:32:41', '2017-02-23 15:32:41', NULL, '0', 12, 1, NULL);
INSERT INTO `Blocks` (`bID`, `bName`, `bDateAdded`, `bDateModified`, `bFilename`, `bIsActive`, `btID`, `uID`, `btCachedBlockRecord`) VALUES
(238, '', '2017-02-23 15:35:50', '2017-02-23 15:36:46', NULL, '1', 12, 1, 'TzozMjoiQ29uY3JldGVcQ29yZVxMZWdhY3lcQmxvY2tSZWNvcmQiOjM6e3M6MzoiYklEIjtzOjM6IjIzOCI7czo5OiIAKgBfdGFibGUiO3M6MTQ6ImJ0Q29udGVudExvY2FsIjtzOjc6ImNvbnRlbnQiO3M6MTU2NDoiPGgyPlZyaWVuZCB3b3JkZW4gdmFuIEFLRjxicj48L2gyPjxwPjxicj48L3A+PGgzPidBbGxlZW4gZG9lIGplIHdlaW5pZywgc2FtZW4gc3RhYW4gd2Ugc3RlcmshJzwvaDM+PHA+R2VsdWtraWcgc3RhYXQgZGUgQWFydHNlbmZydWl0IEtpZHMgRm91bmRhdGlvbiBlciBuaWV0IGFsbGVlbiB2b29yIGVuIG9udHZhbmd0IGRlIHN0aWNodGluZyBmaW5hbmNpw6tsZSBzdGV1biB2YW4gb256ZSB2cmllbmRlbi4gV29yZCBvb2sgdnJpZW5kIHZhbiBBS0Ygb2YgYmVzdGVsIOKAmE9vZ2FwcGVsdGpl4oCZIG9uemUgbWFzY290dGUuIFdpaiB3aWxsZW4gdSBiaWogZGV6ZSBhbHZhc3QgYmVkYW5rZW4gdm9vciBhbGxlIHN0ZXVuIGFhbiBkZSBBYXJ0c2VuZnJ1aXQgS2lkcyBGb3VuZGF0aW9uITwvcD48cD48YnI+PC9wPjxoMz5NZWVyamFyaWcgZG9uYXRldXJzY2hhcDwvaDM+PHA+VSBrdW50IG9ucyBhbHMg4oCYVnJpZW5kIHZhbiBBS0bigJkgc3RldW5lbiBkb29yIGVlbiB2YXN0ZSBqYWFybGlqa3NlIGRvbmF0aWUuIE1hYWsgaW4gaGV0IGRvbmF0aWVmb3JtdWxpZXIgdXcga2V1emUgdWl0IGRlIGhvb2d0ZSB2YW4gdXcgYmlqZHJhZ2UgKHZhbmFmICDigqwgMTAwLDAwKSBlbiBiZXBhYWwgemVsZiBkZSBkdXVyIHZhbiB1dyBkb25hdGV1cnNjaGFwIChrZXV6ZSB0dXNzZW4gMywgNCBvZiA1IGphYXIpLiBVIG9udHZhbmd0IGF1dG9tYXRpc2NoIGphYXJsaWprcyBlZW4gZmFjdHV1ci48YnI+PC9wPjxwPjxicj48L3A+PHA+V2FubmVlciB1IG1lZXJqYXJpZyBkb25hdGV1ciB3b3JkdCwgZGFuIGhlZWZ0IHUgYWxzIFZyaWVuZCB2YW4gQUtGIHJlY2h0IG9wIGVlbiB2ZXJtZWxkaW5nIHZhbiB1dyAoYmVkcmlqZnMpbmFhbSBlbiBsb2dvIG9wIG9uemUgd2Vic2l0ZS4gVGV2ZW5zIG9udHZhbmd0IHUgZWVuIHNwZWNpYWxlIOKAmFZyaWVuZGVuIFdlYi1iYW5uZXLigJkgbWV0IGhldCBsb2dvIHZhbiBBS0Ygdm9vciB1dyBlaWdlbiBjb21tdW5pY2F0aWUuPC9wPjxwPjxicj48L3A+PGgzPkVlbm1hbGlnZSBkb25hdGllPC9oMz48cD5WYW56ZWxmc3ByZWtlbmQga3VudCB1IG9vayBraWV6ZW4gdm9vciBlZW4gw6nDqW5tYWxpZ2UgZG9uYXRpZSBhYW4gZGUgQUtGLiBPb2sgdm9vciBlZW5tYWxpZ2UgZG9uYXRpZXMga3VudCB1IGdlYnJ1aWsgbWFrZW4gdmFuIGhldCBvbmxpbmUgZG9uYXRpZWZvcm11bGllci4gSG9lIHUgb25zIG9vayBzdGV1bnQsIHdlIGhvdWRlbiB1IGFscyB2cmllbmQgb2YgZG9uYXRldXIgZ3JhYWcgb3AgZGUgaG9vZ3RlIHZhbiBvbnplIGFjdGl2aXRlaXRlbi48L3A+PHA+PGJyPjwvcD48cD48c3Ryb25nPkRvbmF0aWVmb3JtdWxpZXI8L3N0cm9uZz48YnI+RG93bmxvYWQgaGV0IDxhIGhyZWY9IntDQ006RklEX0RMXzM0fSIgdGFyZ2V0PSJfYmxhbmsiPjx1PmRvbmF0aWVmb3JtdWxpZXI8L3U+PC9hPi48YnI+PC9wPjxwPjxicj48L3A+PHAgZGF0YS1yZWRhY3Rvci1pbnNlcnRlZC1pbWFnZT0idHJ1ZSIgc3R5bGU9InRleHQtYWxpZ246IGNlbnRlcjsiPjxjb25jcmV0ZS1waWN0dXJlIGZJRD0iMjUiIGlkPSJpbWFnZS1tYXJrZXIiIC8+PC9wPiI7fQ=='),
(239, '', '2017-02-23 15:38:25', '2017-02-23 15:38:25', NULL, '1', 12, 1, NULL),
(240, '', '2017-02-23 15:43:12', '2017-02-23 15:43:12', NULL, '0', 17, 1, NULL),
(241, '', '2017-02-23 15:43:57', '2017-02-23 15:44:25', NULL, '1', 12, 1, 'TzozMjoiQ29uY3JldGVcQ29yZVxMZWdhY3lcQmxvY2tSZWNvcmQiOjM6e3M6MzoiYklEIjtzOjM6IjI0MSI7czo5OiIAKgBfdGFibGUiO3M6MTQ6ImJ0Q29udGVudExvY2FsIjtzOjc6ImNvbnRlbnQiO3M6MTg1NDoiPGgyPk9vZ2FwcGVsdGplPC9oMj48cD48c3Ryb25nPjxicj48L3N0cm9uZz4NCjwvcD48cD48c3Ryb25nPk9vZ2FwcGVsdGplIGJlc3RlbGxlbjwvc3Ryb25nPjxicj5VIGt1bnQgZGUgcHJvamVjdGVuIGRpZSBBS0YgaW5pdGnDq2VydCBzdGV1bmVuIGRvb3Igb256ZSBtYXNjb3R0ZSDigJhPb2dhcHBlbHRqZeKAmSogdGUga29wZW4uIERlIHZvbGxlZGlnZSBvcGJyZW5ndCB2YW4gZGV6ZSBhYW5zY2hhZiBrb210IHRlbiBnb2VkZSBhYW4gb256ZSBwcm9qZWN0ZW4hDQo8L3A+PHA+PGJyPg0KPC9wPjxwPlUgYmVzdGVsdCDigJhPb2dhcHBlbHRqZeKAmSBhbCB2b29yIOKCrCA3LDUwIHBlciBzdHVrIChleGNsdXNpZWYgdmVyemVuZGtvc3RlbikgZG9vciBvbmRlcnN0YWFuZCBiZXN0ZWxmb3JtdWxpZXIgaW4gdGUgdnVsbGVuLiBCZXJla2VuIGRlIHZlcnplbmRrb3N0ZW4gZWVudm91ZGlnIHplbGYgYWFuIGRlIGhhbmQgdmFuIG9uZGVyc3RhYW5kIHNjaGVtYS4NCjwvcD48cD48YnI+DQo8L3A+PHA+Wm9kcmEgaGV0IHRvdGFhbGJlZHJhZyB2YW4gdXcgYmVzdGVsbGluZyAoaW5jbHVzaWVmIGRlIGJpamJlaG9yZW5kZSB2ZXJ6ZW5ka29zdGVuKSB6aWpuIGJpamdlc2NocmV2ZW4gb3Agb25zIGJhbmtyZWtlbmluZ251bW1lciBvbnR2YW5ndCB1IHV3IOKAmE9vZ2FwcGVsdGplKHMp4oCZIHBlciBwb3N0Lg0KPC9wPjxwPjxicj4NCjwvcD48cD48ZW0+KiDigJhPb2dhcHBlbHRqZScgaXMgaW4gTmVkZXJsYW5kIHZlcnZhYXJkaWdkIHZvbGdlbnMgZGUgZ2VsZGVuZGUgQ0Ugbm9ybWVuPC9lbT4uDQo8L3A+PHA+PGJyPg0KPC9wPjxwIGRhdGEtcmVkYWN0b3ItaW5zZXJ0ZWQtaW1hZ2U9InRydWUiIHN0eWxlPSJ0ZXh0LWFsaWduOiBjZW50ZXI7Ij48Y29uY3JldGUtcGljdHVyZSBmSUQ9IjM1IiBpZD0iaW1hZ2UtbWFya2VyIiAvPg0KPC9wPjxwIGRhdGEtcmVkYWN0b3ItaW5zZXJ0ZWQtaW1hZ2U9InRydWUiIHN0eWxlPSJ0ZXh0LWFsaWduOiBjZW50ZXI7Ij48YnI+DQo8L3A+PHA+PHN0cm9uZz5CZXJla2VuIGRlIHZlcnplbmRrb3N0ZW48L3N0cm9uZz4NCjwvcD48cD48c3Ryb25nPjxicj48L3N0cm9uZz4NCjwvcD48cD48dT5OZWRlcmxhbmQ8L3U+PGJyPi0gMSBvZiAyIE9vZ2FwcGVsdGplcyDigqwgMiw0NDxicj4tIG1lZXIgZGFuIDIgT29nYXBwZWx0amVzICh0b3QgZW4gbWV0IDEwIGtnKSDigqwgNiw5NQ0KPC9wPjxwPjx1Pjxicj48L3U+DQo8L3A+PHA+PHU+RXVyb3BhPC91Pjxicj4tIDEgb2YgMiBPb2dhcHBlbHRqZXMg4oKsIDUsMDk8YnI+LSAzIHRvdCAxNSBPb2dhcHBlbHRqZXMgIOKCrCAxOSw1MCAoaW5jbC50cmFjayBhbmQgdHJhY2UpDQo8L3A+PHA+PHU+PGJyPjwvdT4NCjwvcD48cD48dT5CdWl0ZW4gRXVyb3BhPC91Pjxicj4tIDEgb2YgMiBPb2dhcHBlbHRqZXMg4oKsIDUsMDk8YnI+LSAzIHRvdCAxNSBPb2dhcHBlbHRqZXMg4oKsIDI0LDMwDQo8L3A+PHA+PHN0cm9uZz48YnI+PC9zdHJvbmc+DQo8L3A+PHA+PHN0cm9uZz5CYW5rZ2VnZXZlbnM8L3N0cm9uZz48YnI+UmVrZW5pbmdudW1tZXIgUmFib2JhbmsgQnJlZGE6IE5MMzRSQUJPMDE1LjIzLjIyLjEzMjxicj5JYmFuOiBOTDM0UkFCTzAxNS4yMy4yMi4xMzI8YnI+QklDIENvZGU6IFJBQk9OTDJVPGJyPjxicj48ZW0+QmVzdGVsbGluZ2VuIHQubi52LiBTdGljaHRpbmcgQWFydHNlbmZydWl0IEtpZHMgRm91bmRhdGlvbiB0ZSBCcmVkYSBvLnYudi4g4oCYT29nYXBwZWx0amXigJk8L2VtPg0KPC9wPjxwPjxlbT48YnI+PC9lbT4NCjwvcD48cD48ZW0+PGJyPjwvZW0+PC9wPjxwPjxlbT48L2VtPg0KPC9wPjxoMj5CZXN0ZWwgbnUgam91dyBPb2dhcHBlbHRqZShzKSE8L2gyPjxwPjxicj48L3A+Ijt9'),
(242, '', '2017-02-23 16:27:32', '2017-02-23 16:27:39', NULL, '1', 12, 1, NULL),
(243, '', '2017-02-23 16:27:53', '2017-02-23 16:28:14', NULL, '1', 12, 1, NULL),
(244, '', '2017-02-23 16:32:26', '2017-02-23 16:32:27', NULL, '1', 12, 1, NULL),
(245, '', '2017-02-23 16:32:46', '2017-02-23 16:32:46', NULL, '1', 12, 1, 'TzozMjoiQ29uY3JldGVcQ29yZVxMZWdhY3lcQmxvY2tSZWNvcmQiOjM6e3M6MzoiYklEIjtzOjM6IjI0NSI7czo5OiIAKgBfdGFibGUiO3M6MTQ6ImJ0Q29udGVudExvY2FsIjtzOjc6ImNvbnRlbnQiO3M6MTQ5NzoiPGgyPk9ucyBnZWRhY2h0ZWdvZWQ8L2gyPjxwPjxzdHJvbmc+PGJyPjwvc3Ryb25nPjwvcD48cD48c3Ryb25nPidLaW5kZXJlbiBoZWJiZW4gaGV0IHJlY2h0IG9tIHRlIHdldGVuISc8L3N0cm9uZz48YnI+PC9wPjxwPkFLRiB3aWwgYmVyZWlrZW4gZGF0IGtpbmRlcmVuIC0gZGUgdm9sd2Fzc2VuZW4gdmFuIGRlIHRvZWtvbXN0IC0gYmV3dXN0IHdvcmRlbiBpbiB3YXQgemUgZG9lbiwgaW4gaG9lIHplIG9tZ2FhbiBtZXQgYW5kZXJlbiDDqW4gbWV0IHppY2h6ZWxmLiBLaW5kZXJlbiBoZWJiZW4gaGV0IHJlY2h0IHRlIHdldGVuIGhvZSB2b2VkaW5nLCBuYXR1dXIgZW4gd2VsemlqbiBtZXQgZWxrYWFyIHZlcmJvbmRlbiB6aWpuLiBEb29yIGluIGJlZ3JpanBlbGlqa2Uga2luZGVydGFhbCAtIHpvbmRlciBvcGdlc3Rva2VuIHdpanN2aW5nZXIgLSBpbnppY2h0IHRlIGdldmVuIGluIG8uYS4gaGV0IGJlbGFuZyB2YW4gZ29lZGUgdm9lZGluZyBlbiBlZW4gZ2V6b25kZSBsZXZlbnNzdGlqbCwga3VubmVuIHplIGxhdGVyIGJld3VzdGVyZSBlbiBkYWFybWVlIGJldGVyZSBrZXV6ZXMgbWFrZW4gdm9vciB6aWNoemVsZiBlbiBodW4gb21nZXZpbmcuPC9wPjxwPjxicj48L3A+PHAgZGF0YS1yZWRhY3Rvci1pbnNlcnRlZC1pbWFnZT0idHJ1ZSIgc3R5bGU9InRleHQtYWxpZ246IGNlbnRlcjsiPjxjb25jcmV0ZS1waWN0dXJlIGZJRD0iMjUiIGlkPSJpbWFnZS1tYXJrZXIiIC8+PC9wPjxwIGRhdGEtcmVkYWN0b3ItaW5zZXJ0ZWQtaW1hZ2U9InRydWUiIHN0eWxlPSJ0ZXh0LWFsaWduOiBjZW50ZXI7Ij48YnI+PC9wPjxwIGRhdGEtcmVkYWN0b3ItaW5zZXJ0ZWQtaW1hZ2U9InRydWUiPjxzdHJvbmc+J0hldCBpcyBzdG9lciBvbSBPZXIgR2VsdWtraWcgdGUgemlqbiEnPC9zdHJvbmc+PGJyPkJpaiBkZSB2ZXJkZXJlIG9udHdpa2tlbGluZyB2YW4gaGFhciBnZWRhY2h0ZWdvZWQgcmFha3RlIEFLRiBnZcOvbnNwaXJlZXJkIGRvb3IgaGV0IGJvZWsg4oCYT2Vyc3RlcmvigJkgdmFuIFJpY2hhcmQgZGUgTGV0aC4gR2VzdGVya3QgZG9vciB6aWpuIGluemljaHRlbiBvbnRzcHJvb3QgZGUgZ2VkYWNodGUg4oCYaGV0IGlzIHN0b2VyIG9tIE9lciBHZWx1a2tpZyB0ZSB6aWpuIeKAmS4gT2Z3ZWwg4oCYc3RPZXJHZWx1a2tpZ+KAmS4gT25kZXIgZGV6ZSBuYWFtIGVuIG1ldCBkZXplIGZpbG9zb2ZpZSBvbnR3aWtrZWx0IGRlIHN0aWNodGluZyBkaXZlcnNlIHByb2plY3RlbiBlbiBhY3Rpdml0ZWl0ZW4uIDxicj48L3A+PHAgZGF0YS1yZWRhY3Rvci1pbnNlcnRlZC1pbWFnZT0idHJ1ZSI+PGJyPjwvcD48cD48c3Ryb25nPlRyYWplY3Rlbjwvc3Ryb25nPjxicj7igJhzdE9lckdlbHVra2ln4oCZIHZlcnRhYWx0IHppY2ggbmFhciBkcmllIHRyYWplY3Rlbjo8L3A+PHVsPjxsaT5TY2hvb2xwcm9qZWN0ZW48L2xpPjxsaT5PbmRlcnN0ZXVuZW5kZSBwcm9qZWN0ZW48L2xpPjxsaT5TcG9uc29yaW5nIHZhbiBncm9lbnRlICYgZnJ1aXQ8L2xpPjwvdWw+Ijt9'),
(246, '', '2017-02-23 16:35:00', '2017-02-23 16:35:00', NULL, '1', 12, 1, 'TzozMjoiQ29uY3JldGVcQ29yZVxMZWdhY3lcQmxvY2tSZWNvcmQiOjM6e3M6MzoiYklEIjtzOjM6IjI0NiI7czo5OiIAKgBfdGFibGUiO3M6MTQ6ImJ0Q29udGVudExvY2FsIjtzOjc6ImNvbnRlbnQiO3M6MjEwMToiPGgyPlNjaG9vbHByb2plY3RlbjwvaDI+PHA+PHN0cm9uZz48YnI+PC9zdHJvbmc+PC9wPjxwPjxzdHJvbmc+QmV3dXN0d29yZGluZyBkb29yIGJlbGV2aW5nPC9zdHJvbmc+PGJyPkJld3VzdHdvcmRpbmcgd2lsbGVuIHdlIGNyZcOrcmVuIGRvb3IgdmVyc2NoaWxsZW5kZSBrb3J0ZSBpbnRlcnZlbnRpZXMgdGUgb250d2lra2VsZW4gdm9vciBkaXZlcnNlIGdyb2VwZW4gdmFuIGJhc2lzc2Nob2xlbi4gRGUgYmVsZXZpbmcgc3RhYXQgZGFhcmJpaiBjZW50cmFhbC4gRG9vciAndGUgbGF0ZW4gYmVsZXZlbicgd29yZHQgZGUgYm9vZHNjaGFwIHZlZWwga3JhY2h0aWdlciBlbiBhYW5zcHJla2VuZGVyIG9wIGtpbmRlcmVuIG92ZXJnZWJyYWNodC5NZXQgdm9vciBkZSBsYW5nZXJlIHRlcm1pam4gZWVuIGxhbmRlbGlqayBhbWJpdGllbml2ZWF1IGVuIGVlbiBiYXNpc3NjaG9vbC1icmVlZCBwcm9qZWN0YWFuYm9kLCBpcyBBS0YgbWV0IGhldCBzY2hvbGVucHJvamVjdCAnU3RvZXJlIFRyYWt0YXRpZXMnIHZhbiBzdGFydCBnZWdhYW4gYmlqIGdyb2VwZW4gNC81IHZhbiBkaXZlcnNlIGJhc2lzc2Nob2xlbiBpbiBkZSByZWdpbyBCcmVkYS4gT256ZSBpbnpldCBpcyBkYXQgZGV6ZSBiZWxldmluZ3Nwcm9qZWN0ZW4gdWl0ZWluZGVsaWprIG5ldCB6byBnZXdvb24gd29yZGVuIGFscyByZWtlbmVuIGVuIHNjaHJpanZlbiBvcCBzY2hvb2wsIGVuIGRhdCBvdWRlcnMgZGUgb25kZXJ3ZXJwZW4gZW4gcHJvamVjdGVuIHp1bGxlbiBlcnZhcmVuIGFscyBub29kemFrZWxpamsgdm9vciBlZW4gZ2V6b25kZSBvbnR3aWtrZWxpbmcgdmFuIGh1biBraW5kZXJlbi48L3A+PHA+PGJyPjwvcD48cCBkYXRhLXJlZGFjdG9yLWluc2VydGVkLWltYWdlPSJ0cnVlIiBzdHlsZT0idGV4dC1hbGlnbjogY2VudGVyOyI+PGNvbmNyZXRlLXBpY3R1cmUgZklEPSIzNyIgaWQ9ImltYWdlLW1hcmtlciIgLz48L3A+PHAgZGF0YS1yZWRhY3Rvci1pbnNlcnRlZC1pbWFnZT0idHJ1ZSIgc3R5bGU9InRleHQtYWxpZ246IGNlbnRlcjsiPjxicj48L3A+PGgyPk9uZGVyc3RldW5lbmRlIHByb2plY3RlbjwvaDI+PHA+PHN0cm9uZz48YnI+PC9zdHJvbmc+PC9wPjxwPjxzdHJvbmc+U2NoYWFsdmVyZ3JvdGluZyBkb29yIHBhcnRuZXJzaGlwczwvc3Ryb25nPjxicj5PbSBtZXQgJ3N0T2VyR2VsdWtraWcnIGVlbiBncm90ZXJlIGtpbmRlci0gZW4gam9uZ2VyZW4gZG9lbGdyb2VwIHRlIHdpbGxlbiBiZXJlaWtlbiBpcyBBS0YgZWVuIHNhbWVud2Vya2luZyBhYW5nZWdhYW4gbWV0IENKRyBCcmVkYSAoQ2VudHJ1bSBKZXVnZCBlbiBHZXppbikuIEh1bHBiZWhvZXZlbmRlIGtpbmRlcmVuIHdvcmRlbiBkb29yIENKRyBnZXNlbGVjdGVlcmQgZW4gZG9vcnZlcndlemVuIG5hYXIgZGUgb25kZXJzdGV1bmVuZGUgcHJvamVjdGVuIHZhbiBBS0YuIEVlbiB2b29yYmVlbGQgaGllcnZhbiBpcyBoZXQgcHJvamVjdCAnS2luZGVyZmVlc3RqZXMnLiBJbiBoZXQga2FkZXIgdmFuIGhldCBwcm9qZWN0ICdQbGF5aW5nIGZvciBTdWNjZXMnIGlzIEFLRiBlZW4gc2FtZW53ZXJraW5nIGFhbmdlZ2FhbiBtZXQgSnVwaWxlciBMZWFndWUgdm9ldGJhbHZlcmVuaWdpbmcgTkFDIEJyZWRhLjxicj48YnI+PC9wPjxoMj5TcG9uc29yaW5nIGdyb2VudGUgJiBmcnVpdDwvaDI+PHA+PHN0cm9uZz48YnI+PC9zdHJvbmc+PC9wPjxwPjxzdHJvbmc+R2V6b25kZXIgZG9vciBncmF0aXMgdml0YW1pbmVuPC9zdHJvbmc+PGJyPkRvb3IgaGV0IHNwb25zb3JlbiB2YW4gZ3JvZW50ZSBlbiBmcnVpdCBvcCBzY2hvbGVuIGVuIHRpamRlbnMgc3BvcnRnZXJlbGF0ZWVyZGUgZXZlbmVtZW50ZW4gem9hbHMgZGUgQXZvbmQgVmllcmRhYWdzZSwgcHJvYmVlcnQgQUtGIG9wIGRpcmVjdGUgd2lqemUgYmlqIHRlIGRyYWdlbiBhYW4gZGUgZ2V6b25kaGVpZCB2YW4ga2luZGVyZW4uIEFscyB0ZWdlbnByZXN0YXRpZSB2cmFhZ3QgQUtGIGFhbmRhY2h0IHZvb3IgZGUgc3RpY2h0aW5nIGVuIGhhYXIgcHJvamVjdGVuIGQubS52LiAoYWFuIGRlIG9yZ2FuaXNhdGllcyB0ZXIgYmVzY2hpa2tpbmcgZ2VzdGVsZGUpIHBvc3RlcnMsIGZseWVycywgYmFuaWVyZW4gZW4gd2ViLWJhbm5lcnMuPC9wPiI7fQ=='),
(247, '', '2017-02-23 16:40:18', '2017-02-23 16:40:18', NULL, '0', 12, 1, 'TzozMjoiQ29uY3JldGVcQ29yZVxMZWdhY3lcQmxvY2tSZWNvcmQiOjM6e3M6MzoiYklEIjtzOjM6IjI0NyI7czo5OiIAKgBfdGFibGUiO3M6MTQ6ImJ0Q29udGVudExvY2FsIjtzOjc6ImNvbnRlbnQiO3M6NjkxOiI8aDI+T25kZXJzdGV1bmVuZGUgcHJvamVjdGVuPC9oMj48cD48YnI+PC9wPjxwPkFLRiBpcyBlZW4gc2FtZW53ZXJraW5nIGFhbmdlZ2FhbiBtZXQgaGV0IENlbnRydW0gSmV1Z2QgZW4gR2V6aW4gKENKRykuIEJpaiBkZXplIGxhbmRlbGlqa2Ugb3JnYW5pc2F0aWUga3VubmVuIG91ZGVycyB0ZXJlY2h0IG1ldCBhbGxlcmhhbmRlIHZyYWdlbiBvdmVyIGRlIG9wdm9lZGluZywgaGV0IG9wZ3JvZWllbiBlbiBkZSBnZXpvbmRoZWlkIHZhbiBodW4ga2luZC4gQWFuZ2V6aWVuIGhldCBDSkcgaW4gbmF1dyBjb250YWN0IHN0YWF0IG1ldCB2ZWxlIHNjaG9sZW4gZW4gZ2V6aW5uZW4gemlqbiB6aWogZGUgb3JlbiBlbiBvZ2VuIHZvb3IgQUtGLiBJbmdldmFsIHppaiBodWxwdnJhZ2VuIHNpZ25hbGVyZW4gd2FhcnZvb3IgZ2VlbiBvZiBvbnZvbGRvZW5kZSBmb25kc2VuIGJlc2NoaWtiYWFyIHppam4sIGthbiBkb29yIGhldCBDSkcgZWVuIGJlcm9lcCB3b3JkZW4gZ2VkYWFuIG9wIGRpdmVyc2Ugb25kZXJzdGV1bmVuZGUgcHJvamVjdGVuIHZhbiBBS0YuIERlIG9uZGVyc3RhYW5kZSBwcm9qZWN0ZW4gemlqbiBwcmltYWlyIGdlcmljaHQgb3AgaGV0IHZvb3Jrb21lbiB2YW4gZWVuIHNvY2lhYWwgaXNvbGVtZW50IGVuIGRlIGJldm9yZGVyaW5nIHZhbiBoZXQgZW1vdGlvbmVlbCB3ZWx6aWpuIHZhbiBraW5kZXJlbi48L3A+Ijt9'),
(248, '', '2017-02-24 12:27:56', '2017-02-24 12:28:20', NULL, '0', 12, 1, 'TzozMjoiQ29uY3JldGVcQ29yZVxMZWdhY3lcQmxvY2tSZWNvcmQiOjM6e3M6MzoiYklEIjtzOjM6IjI0OCI7czo5OiIAKgBfdGFibGUiO3M6MTQ6ImJ0Q29udGVudExvY2FsIjtzOjc6ImNvbnRlbnQiO3M6NTU5OiI8aWZyYW1lIHNyYz0iaHR0cHM6Ly9wbGF5ZXIudmltZW8uY29tL3ZpZGVvLzE3NDUxMDM4Mz9ieWxpbmU9MCIgd2lkdGg9IjEwMCUiIGhlaWdodD0iNjAwIiBmcmFtZWJvcmRlcj0iMCIgd2Via2l0YWxsb3dmdWxsc2NyZWVuPSIiIG1vemFsbG93ZnVsbHNjcmVlbj0iIiBhbGxvd2Z1bGxzY3JlZW49IiI+JmFtcDthbXA7YW1wO2x0O3NwYW4gaWQ9InNlbGVjdGlvbi1tYXJrZXItMSIgY2xhc3M9InJlZGFjdG9yLXNlbGVjdGlvbi1tYXJrZXIiIGRhdGEtdmVyaWZpZWQ9InJlZGFjdG9yIiZhbXA7YW1wO2FtcDtndDsmYW1wO2FtcDthbXA7bHQ7L3NwYW4mYW1wO2FtcDthbXA7Z3Q7JmFtcDthbXA7YW1wO2FtcDthbXA7YW1wO2FtcDtsdDtzcGFuIGlkPSJzZWxlY3Rpb24tbWFya2VyLTEiIGNsYXNzPSJyZWRhY3Rvci1zZWxlY3Rpb24tbWFya2VyIiBkYXRhLXZlcmlmaWVkPSJyZWRhY3RvciImYW1wO2FtcDthbXA7YW1wO2FtcDthbXA7YW1wO2d0OyZhbXA7YW1wO2FtcDthbXA7YW1wO2FtcDthbXA7bHQ7L3NwYW4mYW1wO2FtcDthbXA7YW1wO2FtcDthbXA7YW1wO2d0Ow0KPC9pZnJhbWU+Ijt9'),
(249, '', '2017-02-24 12:29:09', '2017-02-24 12:32:15', NULL, '0', 12, 1, 'TzozMjoiQ29uY3JldGVcQ29yZVxMZWdhY3lcQmxvY2tSZWNvcmQiOjM6e3M6MzoiYklEIjtzOjM6IjI0OSI7czo5OiIAKgBfdGFibGUiO3M6MTQ6ImJ0Q29udGVudExvY2FsIjtzOjc6ImNvbnRlbnQiO3M6OTQzOiI8cD5TdGVlZHMgbWVlciBiYXNpc3NjaG9sZW4gcHJvcGFnZXJlbiBoZXQgZ2V6b25kIHRyYWt0ZXJlbi4gRWVuIGZhbnRhc3Rpc2NoZSBvbnR3aWtrZWxpbmcgZGllIGdlaGVlbCBpbiBsaWpuIGxpZ3QgbWV0IGRlIGFtYml0aWUgdmFuIEFLRiBvbSBraW5kZXJlbiBlbiBodW4gb3VkZXJzIGV4dHJhIGJld3VzdCB0ZSBtYWtlbiB2YW4gaGV0IGJlbGFuZyB2YW4gZ29lZGUgdm9lZGluZyBlbiBlZW4gZ2V6b25kZSBsZXZlbnNzdGlqbC4gVG9jaCBlcnZhcmVuIGRlIHNjaG9sZW4gd2VlcnN0YW5kLCBuaWV0IGluIGRlIGxhYXRzdGUgcGxhYXRzIGRvb3IgZGUga2luZGVyZW4gemVsZiBkaWUgZ2V6b25kIHRyYWt0ZXJlbiBvbnRlcmVjaHQgYXNzb2Npw6tyZW4gbWV0ICdzdWYnIGVuICduaWV0IHN0b2VyJy48L3A+PGgyIHN0eWxlPSJ0ZXh0LWFsaWduOiBjZW50ZXI7Ij48YnI+PC9oMj48aDI+R2V6b25kIHRyYWt0ZXJlbiBpcyBsZWtrZXIgZW4gc3RvZXIhPGJyPjxicj48L2gyPjxwPlZvb3IgQUtGIHJlZGVuIHRlIG1lZXIgaGV0IGdlem9uZCB0cmFrdGVyZW4gbWV0IGJlaWRlIGhhbmRlbiBhYW4gdGUgcGFra2VuIGVuIG1ldCBlZW4gZWVyc3RlIHNjaG9vbHByb2plY3QgZGllIGdlZGFjaHRlIG9tIHRlIGJ1aWdlbi4gSW5taWRkZWxzIGlzIGhldCBwaWxvdHByb2plY3QgJ1N0b2VyZSBUcmFrdGF0aWVzJyB2YW4gc3RhcnQgZ2VnYWFuIGluIDExIGtsYXNzZW4gdmFuIDUgYmFzaXNzY2hvbGVuIGluIEJyZWRhLg0KPC9wPjxwIGRhdGEtcmVkYWN0b3ItaW5zZXJ0ZWQtaW1hZ2U9InRydWUiIHN0eWxlPSJ0ZXh0LWFsaWduOiBjZW50ZXI7Ij48aW1nIHNyYz0iaHR0cDovL3d3dy5mb3J6YS1kaWdpdGFsLmNvbS9kZW1vL2FhcnRzZW5mcnVpdC1raWRzLWZvdW5kYXRpb24vZG93bmxvYWRfZmlsZS92aWV3X2lubGluZS8zMCIgaWQ9ImltYWdlLW1hcmtlciI+DQo8L3A+Ijt9'),
(250, '', '2017-02-24 12:30:38', '2017-02-24 12:31:49', NULL, '0', 12, 1, 'TzozMjoiQ29uY3JldGVcQ29yZVxMZWdhY3lcQmxvY2tSZWNvcmQiOjM6e3M6MzoiYklEIjtzOjM6IjI1MCI7czo5OiIAKgBfdGFibGUiO3M6MTQ6ImJ0Q29udGVudExvY2FsIjtzOjc6ImNvbnRlbnQiO3M6MTYyMzoiPGgyPlRyYWt0YXRpZXMgbWFrZW48YnIgc3R5bGU9ImZvbnQtZmFtaWx5OiBhcmlhbCwgc2Fucy1zZXJpZjsgZm9udC1zaXplOiAxMXB4OyBiYWNrZ3JvdW5kLWNvbG9yOiByZ2IoMjU1LCAyNTUsIDI1NSk7Ij48YnI+PC9oMj48cD5EZSBsZXNtb2R1bGVzIHdvcmRlbiBhYW5nZWJvZGVuIHZpYSBlZW4gd2Vic2l0ZS4gRWxrZSBsZXMgd29yZHQgaW5nZWxlaWQgZG9vciBlZW4gYW5pbWF0aWVmaWxtcGplIG1ldCAnaGV0IEZydWl0em9vaXRqZScgaW4gZGUgaG9vZmRyb2wuIEdlw69uc3BpcmVlcmQgZG9vciBkZSB2ZXJoYWxlbiBlbiBiZWxldmVuaXNzZW4gZ2FhbiB6ZSBhYW4gaGV0IHdlcmsgZW4gYmVkZW5rZW4gemUgaHVuIGVpZ2VuIHN0b2VyZSBmcnVpdHRyYWt0YXRpZXMuIFRlciBhZnNsdWl0aW5nIHZhbiBoZXQgcHJvamVjdCBvbnR2YW5nZW4gYWxsZSBraW5kZXJlbiBlZW4gJ1N0b2VyZSBUcmFrdGF0aWVzJyB2ZXJqYWFyZGFnc2thbGVuZGVyLiBWb29yIGRlIGtpbmRlcmVuIGVlbiBsZXVrZSBoZXJpbm5lcmluZyBtZXQgYmV3YWFyd2FhcmRlLiBWb29yIGRlIGJhc2lzc2Nob2xlbiBkZSBjb21tdW5pY2F0aWV0b29sIGJpaiB1aXRzdGVrIG9tIGh1biB0cmFrdGF0aWViZWxlaWQgemljaHRiYWFyIHRlIG1ha2VuIGVuIHRlIG9uZGVyc3RldW5lbi4gVm9vciBBS0YgaXMgJ1N0b2VyZSBUcmFrdGF0aWVzJyBlZW4gYmVsYW5ncmlqayBtaWRkZWwgb20gZGUgYmV3dXN0d29yZGluZyB2YW4gaGV0IGJlbGFuZyB2YW4gZ2V6b25kZSB2b2VkaW5nIGJpaiBraW5kZXJlbiBlbiBodW4gb3VkZXJzIHRlIHByaWtrZWxlbi48YnI+DQo8L3A+PGgyPjxicj48L2gyPjxoMj5CRUxFVklOR1NDT05DRVBUPGJyPjxicj48L2gyPjxwPkRvb3IgdGUgY29tbXVuaWNlcmVuIGRvb3IgbWlkZGVsIHZhbiAnZWVuIGJlbGV2aW5nJyBzdGVsIGplIGtpbmRlcmVuIGV4dHJhIG9wZW4gdm9vciBlZW4gYm9vZHNjaGFwLiBabyBvb2sgdGlqZGVucyBoZXQgcHJvamVjdCAnU3RvZXJlIFRyYWt0YXRpZXMnIHdhYXJtZWUgQUtGIGtpbmRlcmVuIGluIGRlIGxlZWZ0aWpkIHZhbiA3IHRvdCBlbiBtZXQgOSBqYWFyIGxhYXQgZXJ2YXJlbiBob2UgbGV1aywgbGVra2VyIGVuIHN0b2VyIGdlem9uZCB0cmFrdGVyZW4ga2FuIHppam4uIEJpaiBhYW52YW5nIHZhbiBoZXQgcHJvamVjdCB3b3JkdCBkZSBrbGFzIGdldHJha3RlZXJkIG9wIGVlbiBiaWctc2l6ZSBmcnVpdGtpc3QuIE1ldCBkZXplIGtpc3Qgdm9sIGdyb2VudGUgZW4gZnJ1aXQsIGxlc21hdGVyaWFsZW4gem9hbHMgd2Vya2JvZWtqZXMgZW4gc3BlbGxldGplcywgdmVyaGFsZW4gZW4gKHNtYWFrKWJlbGV2aW5nZW4gbmVlbXQgQUtGIGRlIGtpbmRlcmVuIG1lZSBvcCBkZSByZWlzIGRpZSBncm9lbnRlbiBlbiBmcnVpdCBhZmxlZ3QgJ3ZhbiBsYW5kIHRvdCBrbGFudCcuIEFjaHRlcmdyb25kZW4gYWxzICd3YWFyb20gaXMgZnJ1aXQgZ2V6b25kIGVuIHdhdCBkb2V0IGhldCBpbiBlZW4gbGljaGFhbScga29tZW4gdmFuemVsZnNwcmVrZW5kIGFhbiBkZSBvcmRlLCBtYWFyIHRpamRlbnMgaGV0IHByb2plY3Qgd29yZHQgdm9vcmFsIGVpZ2VuIGluYnJlbmcgdmFuIGRlIGtpbmRlcmVuIHZlcmxhbmdkLjwvcD48aDI+PGJyPjwvaDI+Ijt9'),
(251, '', '2017-02-24 12:31:16', '2017-02-24 12:31:27', NULL, '0', 12, 1, 'TzozMjoiQ29uY3JldGVcQ29yZVxMZWdhY3lcQmxvY2tSZWNvcmQiOjM6e3M6MzoiYklEIjtzOjM6IjI1MSI7czo5OiIAKgBfdGFibGUiO3M6MTQ6ImJ0Q29udGVudExvY2FsIjtzOjc6ImNvbnRlbnQiO3M6NjUwOiI8aDI+TUVFUiBJTkZPUk1BVElFICYgQUFOTUVMREVOPC9oMj48aDI+PGJyPjwvaDI+PHA+J1N0b2VyZSBUcmFrdGF0aWVzJyBpcyBoZXQgZWVyc3RlIHNjaG9vbHByb2plY3QgdmFuIEFLRi4gTWV0IHVpdGVpbmRlbGlqayBlZW4gbGFuZGVsaWprIGFtYml0aWVuaXZlYXUgaG9vcHQgQUtGIGRhdCBkZXJnZWxpamtlIGtvcnRlIGludGVydmVudGllcyAtIGRpZSBnZWhlZWwgYmVsYW5nZWxvb3MgZW4gdGVnZW4gZ2VyaW5nZSB2ZXJnb2VkaW5nIHdvcmRlbiBhYW5nZWJvZGVuIC0gb3AgZGUgYmFzaXNzY2hvb2wgbmV0IHpvIGJlbGFuZ3Jpamsgd29yZGVuIGFscyBkZSB2YWtrZW4gc2NocmlqdmVuLCBsZXplbiBlbiByZWtlbmVuLjwvcD48cD48YnI+PC9wPjxwPjxlbT5XZW5zdCB1IG1lZXIgaW5mb3JtYXRpZSBvZiBlZW4gcHJlc2VudGF0aWUgdmFuIGhldCBwcm9qZWN0IG9mIHdpbHQgdSB1dyBncm9lcChlbikgYWFubWVsZGVuIHZvb3IgaGV0IHNjaG9vbHByb2plY3Q/IE5lZW0gY29udGFjdCBvcCBtZXQgQWFydHNlbmZydWl0IEtpZHMgRm91bmRhdGlvbiBvZiBuZWVtIGVlbnMgZWVuIGtpamtqZSBvcDogPGEgaHJlZj0iaHR0cDovL3d3dy5zdG9lcmV0cmFrdGF0aWVzLm5sLyI+d3d3LnN0b2VyZXRyYWt0YXRpZXMubmw8L2E+LjwvZW0+PC9wPiI7fQ=='),
(252, '', '2017-02-24 12:44:40', '2017-02-24 12:44:40', NULL, '0', 12, 1, 'TzozMjoiQ29uY3JldGVcQ29yZVxMZWdhY3lcQmxvY2tSZWNvcmQiOjM6e3M6MzoiYklEIjtzOjM6IjI1MiI7czo5OiIAKgBfdGFibGUiO3M6MTQ6ImJ0Q29udGVudExvY2FsIjtzOjc6ImNvbnRlbnQiO3M6ODAxOiI8aDI+T29nIHZvb3Iga2luZGVyZW48L2gyPjxwPjxicj4NCjwvcD48aDM+T3ByaWNodGluZyBBS0YgPC9oMz48cD5BYXJ0c2VuZnJ1aXQgS2lkcyBGb3VuZGF0aW9uIGlzIG9udHN0YWFuIG5hYXIgYWFubGVpZGluZyB2YW4gaGV0IGhvbmRlcmRqYXJpZ2UganViaWxldW0gdmFuIEFHRiBpbXBvcnRiZWRyaWpmIEFhcnRzZW5mcnVpdCBCVi4gRGUgc3RpY2h0aW5nIHdlcmQgaW4gMjAwNyBvcGdlcmljaHQgZG9vciBKYWNrIGVuIEhlbGxlbiBBYXJ0c2VuIGVuIHdvcmR0IGdldm9ybWQgZG9vciB6ZXZlbiBlbnRob3VzaWFzdGUgYmVzdHV1cnNsZWRlbiBlbiBiZXRyb2trZW4gbWVuc2VuIGRpZSB2ZXJib25kZW4gemlqbiBtZXQgQWFydHNlbmZydWl0Lg0KPC9wPjxwPjxicj4NCjwvcD48aDM+S2luZGVyZW4gemlqbiBvbnplIHRvZWtvbXN0IDwvaDM+PHA+TmlldCBhbGxlZW4gdGVydWdibGlra2VuLCBtYWFyIHZvb3JhbCBvb2sgdm9vcnVpdCBraWprZW4gbmFhciBkZSBrb21lbmRlIGdlbmVyYXRpZXM6IGRhdCB3YXMgb25zIG1vdHRvIHRlbiB0aWpkZSB2YW4gZGl0IGZlZXN0ZWxpamtlIGp1YmlsZXVtamFhci4gRW4gZGF0IGlzIGhldCBub2cgYWx0aWpkLiBXYW50IGtpbmRlcmVuIHppam4gYmVsYW5ncmlqayBlbiBoZWJiZW4gcmVjaHQgb3AgbGllZmRlIGVuIGVlbiBnb2VkZSBvbmRlcmdyb25kLCB3YWFyZG9vciB6ZSBsYXRlciBnb2VkIGluIGhldCBsZXZlbiBrdW5uZW4gc3RhYW4uIElldHMgd2F0IG5pZXQgdm9vciBlbGsga2luZCB2YW56ZWxmc3ByZWtlbmQgaXMuPGJyPg0KPC9wPjxwPjxicj4NCjwvcD4iO30='),
(253, '', '2017-02-24 12:45:31', '2017-02-24 12:45:39', 'initiatieven.php', '0', 30, 1, 'TzozMjoiQ29uY3JldGVcQ29yZVxMZWdhY3lcQmxvY2tSZWNvcmQiOjMzOntzOjM6ImJJRCI7czozOiIyNTMiO3M6OToiACoAX3RhYmxlIjtzOjEwOiJidFBhZ2VMaXN0IjtzOjM6Im51bSI7czoxOiIwIjtzOjc6Im9yZGVyQnkiO3M6MTE6ImRpc3BsYXlfYXNjIjtzOjk6ImNQYXJlbnRJRCI7czozOiIyMDMiO3M6NToiY1RoaXMiO3M6MToiMSI7czoxNjoidXNlQnV0dG9uRm9yTGluayI7czoxOiIwIjtzOjE0OiJidXR0b25MaW5rVGV4dCI7czowOiIiO3M6MTM6InBhZ2VMaXN0VGl0bGUiO3M6MDoiIjtzOjE1OiJmaWx0ZXJCeVJlbGF0ZWQiO3M6MToiMCI7czoxOToiZmlsdGVyQnlDdXN0b21Ub3BpYyI7czoxOiIwIjtzOjE2OiJmaWx0ZXJEYXRlT3B0aW9uIjtzOjA6IiI7czoxNDoiZmlsdGVyRGF0ZURheXMiO3M6MToiMCI7czoxNToiZmlsdGVyRGF0ZVN0YXJ0IjtOO3M6MTM6ImZpbHRlckRhdGVFbmQiO047czozMDoicmVsYXRlZFRvcGljQXR0cmlidXRlS2V5SGFuZGxlIjtzOjA6IiI7czoyOToiY3VzdG9tVG9waWNBdHRyaWJ1dGVLZXlIYW5kbGUiO3M6MDoiIjtzOjIxOiJjdXN0b21Ub3BpY1RyZWVOb2RlSUQiO3M6MToiMCI7czoxMToiaW5jbHVkZU5hbWUiO3M6MToiMSI7czoxODoiaW5jbHVkZURlc2NyaXB0aW9uIjtzOjE6IjEiO3M6MTE6ImluY2x1ZGVEYXRlIjtzOjE6IjAiO3M6MjE6ImluY2x1ZGVBbGxEZXNjZW5kZW50cyI7czoxOiIwIjtzOjg6InBhZ2luYXRlIjtzOjE6IjAiO3M6MTQ6ImRpc3BsYXlBbGlhc2VzIjtzOjE6IjAiO3M6MTc6Imlnbm9yZVBlcm1pc3Npb25zIjtzOjE6IjAiO3M6MjM6ImVuYWJsZUV4dGVybmFsRmlsdGVyaW5nIjtzOjE6IjAiO3M6NDoicHRJRCI7czoxOiIwIjtzOjQ6InBmSUQiO3M6MToiMCI7czoxNzoidHJ1bmNhdGVTdW1tYXJpZXMiO3M6MToiMCI7czoxOToiZGlzcGxheUZlYXR1cmVkT25seSI7czoxOiIwIjtzOjE2OiJub1Jlc3VsdHNNZXNzYWdlIjtzOjA6IiI7czoxNjoiZGlzcGxheVRodW1ibmFpbCI7czoxOiIxIjtzOjEzOiJ0cnVuY2F0ZUNoYXJzIjtzOjE6IjAiO30='),
(254, '', '2017-02-24 12:52:48', '2017-02-24 12:52:48', NULL, '0', 12, 1, 'TzozMjoiQ29uY3JldGVcQ29yZVxMZWdhY3lcQmxvY2tSZWNvcmQiOjM6e3M6MzoiYklEIjtzOjM6IjI1NCI7czo5OiIAKgBfdGFibGUiO3M6MTQ6ImJ0Q29udGVudExvY2FsIjtzOjc6ImNvbnRlbnQiO3M6ODE1OiI8aDI+T29nIHZvb3Iga2luZGVyZW48L2gyPg0KPHA+PGJyPg0KPC9wPg0KPGgzPk9wcmljaHRpbmcgQUtGIDwvaDM+DQo8cD5BYXJ0c2VuZnJ1aXQgS2lkcyBGb3VuZGF0aW9uIGlzIG9udHN0YWFuIG5hYXIgYWFubGVpZGluZyB2YW4gaGV0IGhvbmRlcmRqYXJpZ2UganViaWxldW0gdmFuIEFHRiBpbXBvcnRiZWRyaWpmIEFhcnRzZW5mcnVpdCBCVi4gRGUgc3RpY2h0aW5nIHdlcmQgaW4gMjAwNyBvcGdlcmljaHQgZG9vciBKYWNrIGVuIEhlbGxlbiBBYXJ0c2VuIGVuIHdvcmR0IGdldm9ybWQgZG9vciB6ZXZlbiBlbnRob3VzaWFzdGUgYmVzdHV1cnNsZWRlbiBlbiBiZXRyb2trZW4gbWVuc2VuIGRpZSB2ZXJib25kZW4gemlqbiBtZXQgQWFydHNlbmZydWl0Lg0KPC9wPg0KPHA+PGJyPg0KPC9wPg0KPGgzPktpbmRlcmVuIHppam4gb256ZSB0b2Vrb21zdCA8L2gzPg0KPHA+TmlldCBhbGxlZW4gdGVydWdibGlra2VuLCBtYWFyIHZvb3JhbCBvb2sgdm9vcnVpdCBraWprZW4gbmFhciBkZSBrb21lbmRlIGdlbmVyYXRpZXM6IGRhdCB3YXMgb25zIG1vdHRvIHRlbiB0aWpkZSB2YW4gZGl0IGZlZXN0ZWxpamtlIGp1YmlsZXVtamFhci4gRW4gZGF0IGlzIGhldCBub2cgYWx0aWpkLiBXYW50IGtpbmRlcmVuIHppam4gYmVsYW5ncmlqayBlbiBoZWJiZW4gcmVjaHQgb3AgbGllZmRlIGVuIGVlbiBnb2VkZSBvbmRlcmdyb25kLCB3YWFyZG9vciB6ZSBsYXRlciBnb2VkIGluIGhldCBsZXZlbiBrdW5uZW4gc3RhYW4uIElldHMgd2F0IG5pZXQgdm9vciBlbGsga2luZCB2YW56ZWxmc3ByZWtlbmQgaXMuPGJyPg0KPC9wPg0KPHA+PGJyPg0KPC9wPiI7fQ=='),
(255, '', '2017-02-24 12:53:52', '2017-02-24 12:53:52', NULL, '0', 15, 1, NULL),
(256, '', '2017-02-24 12:58:17', '2017-02-24 12:58:17', NULL, '0', 27, 1, NULL),
(257, '', '2017-02-24 12:58:51', '2017-02-24 12:58:51', NULL, '0', 27, 1, NULL),
(258, '', '2017-02-24 12:59:04', '2017-02-24 12:59:21', '', '1', 27, 1, NULL),
(259, '', '2017-02-24 13:32:16', '2017-02-24 13:32:16', NULL, '0', 27, 1, NULL),
(260, '', '2017-02-24 13:32:31', '2017-02-24 13:32:31', NULL, '0', 27, 1, NULL),
(261, '', '2017-02-24 13:37:06', '2017-02-24 13:37:06', 'blokken.php', '1', 27, 1, NULL),
(262, '', '2017-02-24 13:37:13', '2017-02-24 13:37:13', 'blokken.php', '1', 27, 1, NULL),
(263, '', '2017-02-24 13:37:20', '2017-02-24 13:37:20', 'blokken.php', '1', 27, 1, NULL),
(264, '', '2017-02-24 13:37:31', '2017-02-24 13:37:31', 'blokken.php', '1', 27, 1, NULL),
(265, '', '2017-02-24 14:08:55', '2017-02-24 14:08:56', 'blokken.php', '1', 27, 1, NULL),
(266, '', '2017-02-24 14:09:09', '2017-02-24 14:09:09', 'blokken.php', '1', 27, 1, NULL),
(267, '', '2017-02-24 14:09:18', '2017-02-24 14:09:18', 'blokken.php', '1', 27, 1, NULL),
(268, '', '2017-02-24 14:09:29', '2017-02-24 14:09:29', 'blokken.php', '1', 27, 1, NULL),
(269, '', '2017-02-24 15:08:02', '2017-02-24 15:08:02', 'blokken.php', '1', 27, 1, NULL),
(270, '', '2017-02-24 15:10:37', '2017-02-24 15:10:37', 'blokken.php', '1', 27, 1, NULL),
(271, '', '2017-02-24 15:19:31', '2017-02-24 15:20:05', '', '0', 27, 1, NULL),
(272, '', '2017-02-24 15:20:16', '2017-02-24 15:20:16', NULL, '0', 27, 1, NULL),
(273, '', '2017-02-24 15:20:26', '2017-02-24 15:20:26', NULL, '0', 27, 1, NULL),
(274, '', '2017-02-24 15:21:01', '2017-02-24 15:21:01', NULL, '0', 27, 1, NULL),
(275, '', '2017-02-24 15:21:13', '2017-02-24 15:21:13', NULL, '0', 27, 1, NULL),
(276, '', '2017-02-24 15:21:31', '2017-02-24 15:21:31', NULL, '0', 27, 1, NULL),
(277, '', '2017-02-24 15:21:41', '2017-02-24 15:21:41', NULL, '0', 27, 1, NULL),
(278, '', '2017-02-24 15:24:57', '2017-02-24 15:24:57', 'bestuur.php', '1', 27, 1, NULL),
(279, '', '2017-02-24 15:25:05', '2017-02-24 15:25:05', 'bestuur.php', '1', 27, 1, NULL),
(280, '', '2017-02-24 15:25:12', '2017-02-24 15:25:13', 'bestuur.php', '1', 27, 1, NULL),
(281, '', '2017-02-24 15:25:20', '2017-02-24 15:25:20', 'bestuur.php', '1', 27, 1, NULL),
(282, '', '2017-02-24 15:25:26', '2017-02-24 15:25:26', 'bestuur.php', '1', 27, 1, NULL),
(283, '', '2017-02-24 15:25:33', '2017-02-24 15:25:33', 'bestuur.php', '1', 27, 1, NULL),
(284, '', '2017-02-24 15:25:40', '2017-02-24 15:25:40', 'bestuur.php', '1', 27, 1, NULL),
(285, '', '2017-02-24 15:26:53', '2017-02-24 15:26:53', 'bestuur.php', '1', 27, 1, NULL),
(286, '', '2017-02-24 15:27:00', '2017-02-24 15:27:00', 'bestuur.php', '1', 27, 1, NULL),
(287, '', '2017-02-24 15:27:07', '2017-02-24 15:27:07', 'bestuur.php', '1', 27, 1, NULL),
(288, '', '2017-02-24 15:27:13', '2017-02-24 15:27:13', 'bestuur.php', '1', 27, 1, NULL),
(289, '', '2017-02-24 15:27:19', '2017-02-24 15:27:19', 'bestuur.php', '1', 27, 1, NULL),
(290, '', '2017-02-24 15:27:30', '2017-02-24 15:27:30', 'bestuur.php', '1', 27, 1, NULL),
(291, '', '2017-02-24 15:27:36', '2017-02-24 15:27:36', 'bestuur.php', '1', 27, 1, NULL),
(292, '', '2017-02-24 15:32:27', '2017-02-24 15:32:27', NULL, '0', 12, 1, NULL),
(293, '', '2017-02-24 15:32:45', '2017-02-24 15:33:14', NULL, '0', 12, 1, 'TzozMjoiQ29uY3JldGVcQ29yZVxMZWdhY3lcQmxvY2tSZWNvcmQiOjM6e3M6MzoiYklEIjtzOjM6IjI5MyI7czo5OiIAKgBfdGFibGUiO3M6MTQ6ImJ0Q29udGVudExvY2FsIjtzOjc6ImNvbnRlbnQiO3M6OTk0OiI8aDI+TWVlciBpbmZvcm1hdGllPGJyPjwvaDI+PHA+PGJyPg0KPC9wPjxwPlZvb3IgYWxnZW1lbmUgaW5mb3JtYXRpZSBvZiB2cmFnZW4gb3ZlciBBS0YgZW4gb256ZSBwcm9qZWN0ZW4ga3VudCB1IGNvbnRhY3QgbWV0IG9ucyBvcG5lbWVuOg0KPC9wPjxwPjxicj4NCjwvcD48cD48c3Ryb25nPkNvbnRhY3RwZXJzb29uIDwvc3Ryb25nPjxicj5Bbm5pY2sgQmV6ZW1lcjxicj48c3Ryb25nPlQuPC9zdHJvbmc+ICArMzEgKDApNiAtIDExIDI1IDY0IDMxPGJyPjxzdHJvbmc+RS4gICAgICAgPC9zdHJvbmc+YWtmQGFhcnRzZW5mcnVpdGtpZHNmb3VuZGF0aW9uLm5sPGJyPjxzdHJvbmc+Vy4gPC9zdHJvbmc+PGEgaHJlZj0ibWFpbHRvOnd3dy5hYXJ0c2VuZnJ1aXRraWRzZm91bmRhdGlvbi5ubCI+d3d3LmFhcnRzZW5mcnVpdGtpZHNmb3VuZGF0aW9uLm5sPC9hPjxicj48YnI+PHN0cm9uZz5CZXpvZWthZHJlcyAgPC9zdHJvbmc+PGJyPkhlaWxhYXItTm9vcmR3ZWcgOSwgNDgxNCBSUiAtIEJyZWRhPGJyPjxicj48c3Ryb25nPlBvc3RhZHJlcyAgPC9zdHJvbmc+PGJyPlBvc3RidXMgOTU1NSwgNDgwMSBMTiAtIEJyZWRhDQo8L3A+PHA+PGJyPg0KPC9wPjxwIGRhdGEtcmVkYWN0b3ItaW5zZXJ0ZWQtaW1hZ2U9InRydWUiIHN0eWxlPSJ0ZXh0LWFsaWduOiBjZW50ZXI7Ij48YnI+DQo8L3A+PGgyPkJhbmtnZWdldmVuczwvaDI+PHA+PGJyPg0KPC9wPjxwPjxzdHJvbmc+UmVrZW5pbmdudW1tZXI8L3N0cm9uZz4NCjwvcD48cD5SYWJvYmFuayBCcmVkYSBOTDM0UkFCTzAxNS4yMy4yMi4xMzINCjwvcD48cD4odC5uLnYuIFN0aWNodGluZyBBYXJ0c2VuZnJ1aXQgS2lkcyBGb3VuZGF0aW9uIHRlIEJyZWRhKQ0KPC9wPjxwPjxicj4NCjwvcD48cD48c3Ryb25nPkliYW48L3N0cm9uZz4NCjwvcD48cD5OTDM0UkFCTzAxNS4yMy4yMi4xMzINCjwvcD48cD48YnI+DQo8L3A+PHA+PHN0cm9uZz5CSUMgQ29kZTwvc3Ryb25nPg0KPC9wPjxwPlJBQk9OTDJVDQo8L3A+Ijt9'),
(296, '', '2017-02-24 16:27:32', '2017-02-24 16:27:32', NULL, '0', 12, 1, 'TzozMjoiQ29uY3JldGVcQ29yZVxMZWdhY3lcQmxvY2tSZWNvcmQiOjM6e3M6MzoiYklEIjtzOjM6IjI5NiI7czo5OiIAKgBfdGFibGUiO3M6MTQ6ImJ0Q29udGVudExvY2FsIjtzOjc6ImNvbnRlbnQiO3M6Mzg4OiI8aDI+SEVUIEFLRiBCRVNUVVVSPC9oMj4NCjxwPjxicj4NCjwvcD4NCjxwPkRlIEFLRiB3b3JkdCBnZXZvcm1kIGRvb3IgNyBlbnRob3VzaWFzdGUgYmVzdHV1cnNsZWRlbiBlbiBiZXRyb2trZW4gbWVuc2VuIGRpZSB2ZXJib25kZW4gemlqbiBtZXQgQWFydHNlbmZydWl0Og0KPC9wPg0KPHA+PGJyPg0KPC9wPg0KPHA+PHN0cm9uZz5Wb29yeml0dGVyPC9zdHJvbmc+PGJyPkhlbGxlbiBBYXJ0c2VuDQo8L3A+DQo8cD48YnI+PHN0cm9uZz5CZXN0dXVyc2xlZGVuPC9zdHJvbmc+PGJyPkxpc2V0dGUgQWFydHM8YnI+TWFyaW9uIHZhbiBkZW4gQmVtZDxicj5Bbm5pY2sgQmV6ZW1lcjxicj5HdWFuaXRhIEdldXRqZXM8YnI+TWFybGllcyBLbmV2ZWxzPGJyPkVuem8gWmVla2FmDQo8L3A+Ijt9'),
(297, '', '2017-02-24 16:28:29', '2017-02-24 16:28:39', 'initiatieven.php', '0', 30, 1, NULL),
(298, '', '2017-02-27 09:00:43', '2017-02-27 09:00:58', '', '1', 27, 1, NULL),
(299, '', '2017-02-27 09:01:34', '2017-02-27 09:01:34', 'blokken.php', '1', 27, 1, 'TzozMjoiQ29uY3JldGVcQ29yZVxMZWdhY3lcQmxvY2tSZWNvcmQiOjEwOntzOjM6ImJJRCI7czozOiIyOTkiO3M6OToiACoAX3RhYmxlIjtzOjE0OiJidENvbnRlbnRJbWFnZSI7czozOiJmSUQiO3M6MjoiMzkiO3M6MTA6ImZPbnN0YXRlSUQiO3M6MjoiNDciO3M6ODoibWF4V2lkdGgiO3M6MToiMCI7czo5OiJtYXhIZWlnaHQiO3M6MToiMCI7czoxMjoiZXh0ZXJuYWxMaW5rIjtzOjA6IiI7czoxNToiaW50ZXJuYWxMaW5rQ0lEIjtzOjM6IjIzNyI7czo3OiJhbHRUZXh0IjtzOjk6IlRlcnVnYmxpayI7czo1OiJ0aXRsZSI7czo5OiJUZXJ1Z2JsaWsiO30='),
(300, '', '2017-02-27 09:11:49', '2017-02-27 09:11:49', 'blokken.php', '1', 27, 1, 'TzozMjoiQ29uY3JldGVcQ29yZVxMZWdhY3lcQmxvY2tSZWNvcmQiOjEwOntzOjM6ImJJRCI7czozOiIzMDAiO3M6OToiACoAX3RhYmxlIjtzOjE0OiJidENvbnRlbnRJbWFnZSI7czozOiJmSUQiO3M6MjoiMzgiO3M6MTA6ImZPbnN0YXRlSUQiO3M6MjoiNDQiO3M6ODoibWF4V2lkdGgiO3M6MToiMCI7czo5OiJtYXhIZWlnaHQiO3M6MToiMCI7czoxMjoiZXh0ZXJuYWxMaW5rIjtzOjA6IiI7czoxNToiaW50ZXJuYWxMaW5rQ0lEIjtzOjM6IjIzNiI7czo3OiJhbHRUZXh0IjtzOjEzOiJIb2UgaGV0IGJlZ29uIjtzOjU6InRpdGxlIjtzOjEzOiJIb2UgaGV0IGJlZ29uIjt9'),
(301, '', '2017-02-27 09:12:04', '2017-02-27 09:12:04', 'blokken.php', '1', 27, 1, 'TzozMjoiQ29uY3JldGVcQ29yZVxMZWdhY3lcQmxvY2tSZWNvcmQiOjEwOntzOjM6ImJJRCI7czozOiIzMDEiO3M6OToiACoAX3RhYmxlIjtzOjE0OiJidENvbnRlbnRJbWFnZSI7czozOiJmSUQiO3M6MjoiNDEiO3M6MTA6ImZPbnN0YXRlSUQiO3M6MjoiNDYiO3M6ODoibWF4V2lkdGgiO3M6MToiMCI7czo5OiJtYXhIZWlnaHQiO3M6MToiMCI7czoxMjoiZXh0ZXJuYWxMaW5rIjtzOjEzMToiaHR0cDovL2FhcnRzZW5mcnVpdC1raWRzLWZvdW5kYXRpb24uZGV2L2FwcGxpY2F0aW9uL2ZpbGVzLzQ5MTQvODc5My83MDI4L0phYXJyZWtlbmluZ18yMDE1LTIwMTZfU3RfQWFydHNlbmZydWl0X0tpZHNfRm91bmRhdGlvbi5wZGYiO3M6MTU6ImludGVybmFsTGlua0NJRCI7czoxOiIwIjtzOjc6ImFsdFRleHQiO3M6MjA6IkZpbmFuY2llZWwgb3ZlcnppY2h0IjtzOjU6InRpdGxlIjtzOjIwOiJGaW5hbmNpZWVsIG92ZXJ6aWNodCI7fQ=='),
(302, '', '2017-02-27 09:12:11', '2017-02-27 09:12:11', 'blokken.php', '1', 27, 1, 'TzozMjoiQ29uY3JldGVcQ29yZVxMZWdhY3lcQmxvY2tSZWNvcmQiOjEwOntzOjM6ImJJRCI7czozOiIzMDIiO3M6OToiACoAX3RhYmxlIjtzOjE0OiJidENvbnRlbnRJbWFnZSI7czozOiJmSUQiO3M6MjoiNDAiO3M6MTA6ImZPbnN0YXRlSUQiO3M6MjoiNDUiO3M6ODoibWF4V2lkdGgiO3M6MToiMCI7czo5OiJtYXhIZWlnaHQiO3M6MToiMCI7czoxMjoiZXh0ZXJuYWxMaW5rIjtzOjkyOiJodHRwOi8vYWFydHNlbmZydWl0LWtpZHMtZm91bmRhdGlvbi5kZXYvYXBwbGljYXRpb24vZmlsZXMvOTQxNC84NzkzLzcwMjgvQmVsZWlkc3BsYW4tQUtGLnBkZiI7czoxNToiaW50ZXJuYWxMaW5rQ0lEIjtzOjE6IjAiO3M6NzoiYWx0VGV4dCI7czoxMToiQmVsZWlkc3BsYW4iO3M6NToidGl0bGUiO3M6MTE6IkJlbGVpZHNwbGFuIjt9'),
(303, '', '2017-02-27 09:28:21', '2017-02-27 09:30:42', 'bestuur.php', '0', 30, 1, NULL),
(304, '', '2017-02-27 09:30:49', '2017-02-27 09:30:56', 'bestuur.php', '1', 30, 1, 'TzozMjoiQ29uY3JldGVcQ29yZVxMZWdhY3lcQmxvY2tSZWNvcmQiOjMzOntzOjM6ImJJRCI7czozOiIzMDQiO3M6OToiACoAX3RhYmxlIjtzOjEwOiJidFBhZ2VMaXN0IjtzOjM6Im51bSI7czoxOiIwIjtzOjc6Im9yZGVyQnkiO3M6MTE6ImRpc3BsYXlfYXNjIjtzOjk6ImNQYXJlbnRJRCI7czozOiIyMjUiO3M6NToiY1RoaXMiO3M6MToiMSI7czoxNjoidXNlQnV0dG9uRm9yTGluayI7czoxOiIwIjtzOjE0OiJidXR0b25MaW5rVGV4dCI7czowOiIiO3M6MTM6InBhZ2VMaXN0VGl0bGUiO3M6MDoiIjtzOjE1OiJmaWx0ZXJCeVJlbGF0ZWQiO3M6MToiMCI7czoxOToiZmlsdGVyQnlDdXN0b21Ub3BpYyI7czoxOiIwIjtzOjE2OiJmaWx0ZXJEYXRlT3B0aW9uIjtzOjA6IiI7czoxNDoiZmlsdGVyRGF0ZURheXMiO3M6MToiMCI7czoxNToiZmlsdGVyRGF0ZVN0YXJ0IjtOO3M6MTM6ImZpbHRlckRhdGVFbmQiO047czozMDoicmVsYXRlZFRvcGljQXR0cmlidXRlS2V5SGFuZGxlIjtzOjA6IiI7czoyOToiY3VzdG9tVG9waWNBdHRyaWJ1dGVLZXlIYW5kbGUiO3M6MDoiIjtzOjIxOiJjdXN0b21Ub3BpY1RyZWVOb2RlSUQiO3M6MToiMCI7czoxMToiaW5jbHVkZU5hbWUiO3M6MToiMSI7czoxODoiaW5jbHVkZURlc2NyaXB0aW9uIjtzOjE6IjEiO3M6MTE6ImluY2x1ZGVEYXRlIjtzOjE6IjAiO3M6MjE6ImluY2x1ZGVBbGxEZXNjZW5kZW50cyI7czoxOiIwIjtzOjg6InBhZ2luYXRlIjtzOjE6IjAiO3M6MTQ6ImRpc3BsYXlBbGlhc2VzIjtzOjE6IjAiO3M6MTc6Imlnbm9yZVBlcm1pc3Npb25zIjtzOjE6IjAiO3M6MjM6ImVuYWJsZUV4dGVybmFsRmlsdGVyaW5nIjtzOjE6IjAiO3M6NDoicHRJRCI7czoxOiIwIjtzOjQ6InBmSUQiO3M6MToiMCI7czoxNzoidHJ1bmNhdGVTdW1tYXJpZXMiO3M6MToiMCI7czoxOToiZGlzcGxheUZlYXR1cmVkT25seSI7czoxOiIwIjtzOjE2OiJub1Jlc3VsdHNNZXNzYWdlIjtzOjA6IiI7czoxNjoiZGlzcGxheVRodW1ibmFpbCI7czoxOiIxIjtzOjEzOiJ0cnVuY2F0ZUNoYXJzIjtzOjE6IjAiO30='),
(305, '', '2017-02-27 10:07:00', '2017-02-27 10:07:00', NULL, '0', 11, 1, 'TzozMjoiQ29uY3JldGVcQ29yZVxMZWdhY3lcQmxvY2tSZWNvcmQiOjExOntzOjM6ImJJRCI7czozOiIzMDUiO3M6OToiACoAX3RhYmxlIjtzOjEyOiJidE5hdmlnYXRpb24iO3M6Nzoib3JkZXJCeSI7czoxMToiZGlzcGxheV9hc2MiO3M6MTI6ImRpc3BsYXlQYWdlcyI7czoxMjoic2Vjb25kX2xldmVsIjtzOjE1OiJkaXNwbGF5UGFnZXNDSUQiO3M6MToiMCI7czoyMzoiZGlzcGxheVBhZ2VzSW5jbHVkZVNlbGYiO3M6MToiMCI7czoxNToiZGlzcGxheVN1YlBhZ2VzIjtzOjM6ImFsbCI7czoyMDoiZGlzcGxheVN1YlBhZ2VMZXZlbHMiO3M6MzoiYWxsIjtzOjIzOiJkaXNwbGF5U3ViUGFnZUxldmVsc051bSI7czoxOiIwIjtzOjIzOiJkaXNwbGF5VW5hdmFpbGFibGVQYWdlcyI7czoxOiIwIjtzOjE4OiJkaXNwbGF5U3lzdGVtUGFnZXMiO3M6MToiMCI7fQ=='),
(306, '', '2017-02-27 10:08:19', '2017-02-27 10:08:19', NULL, '0', 11, 1, 'TzozMjoiQ29uY3JldGVcQ29yZVxMZWdhY3lcQmxvY2tSZWNvcmQiOjExOntzOjM6ImJJRCI7czozOiIzMDYiO3M6OToiACoAX3RhYmxlIjtzOjEyOiJidE5hdmlnYXRpb24iO3M6Nzoib3JkZXJCeSI7czoxMToiZGlzcGxheV9hc2MiO3M6MTI6ImRpc3BsYXlQYWdlcyI7czoxMjoic2Vjb25kX2xldmVsIjtzOjE1OiJkaXNwbGF5UGFnZXNDSUQiO3M6MToiMCI7czoyMzoiZGlzcGxheVBhZ2VzSW5jbHVkZVNlbGYiO3M6MToiMCI7czoxNToiZGlzcGxheVN1YlBhZ2VzIjtzOjM6ImFsbCI7czoyMDoiZGlzcGxheVN1YlBhZ2VMZXZlbHMiO3M6MzoiYWxsIjtzOjIzOiJkaXNwbGF5U3ViUGFnZUxldmVsc051bSI7czoxOiIwIjtzOjIzOiJkaXNwbGF5VW5hdmFpbGFibGVQYWdlcyI7czoxOiIwIjtzOjE4OiJkaXNwbGF5U3lzdGVtUGFnZXMiO3M6MToiMCI7fQ=='),
(307, '', '2017-02-27 13:54:08', '2017-02-27 13:58:19', 'initiatieven.php', '0', 30, 1, 'TzozMjoiQ29uY3JldGVcQ29yZVxMZWdhY3lcQmxvY2tSZWNvcmQiOjI5OntzOjM6ImJJRCI7czozOiIzMDciO3M6OToiACoAX3RhYmxlIjtzOjEwOiJidFBhZ2VMaXN0IjtzOjM6Im51bSI7aTowO3M6Nzoib3JkZXJCeSI7czoxMToiZGlzcGxheV9hc2MiO3M6OToiY1BhcmVudElEIjtzOjM6IjIwMyI7czo1OiJjVGhpcyI7czoxOiIxIjtzOjE2OiJ1c2VCdXR0b25Gb3JMaW5rIjtzOjE6IjAiO3M6MTQ6ImJ1dHRvbkxpbmtUZXh0IjtzOjA6IiI7czoxMzoicGFnZUxpc3RUaXRsZSI7czowOiIiO3M6MTU6ImZpbHRlckJ5UmVsYXRlZCI7czoxOiIwIjtzOjE5OiJmaWx0ZXJCeUN1c3RvbVRvcGljIjtzOjE6IjAiO3M6MTY6ImZpbHRlckRhdGVPcHRpb24iO3M6MDoiIjtzOjMwOiJyZWxhdGVkVG9waWNBdHRyaWJ1dGVLZXlIYW5kbGUiO3M6MDoiIjtzOjI5OiJjdXN0b21Ub3BpY0F0dHJpYnV0ZUtleUhhbmRsZSI7czowOiIiO3M6MjE6ImN1c3RvbVRvcGljVHJlZU5vZGVJRCI7aTowO3M6MTE6ImluY2x1ZGVOYW1lIjtzOjE6IjEiO3M6MTg6ImluY2x1ZGVEZXNjcmlwdGlvbiI7czoxOiIxIjtzOjExOiJpbmNsdWRlRGF0ZSI7czoxOiIwIjtzOjIxOiJpbmNsdWRlQWxsRGVzY2VuZGVudHMiO3M6MToiMCI7czo4OiJwYWdpbmF0ZSI7aTowO3M6MTQ6ImRpc3BsYXlBbGlhc2VzIjtzOjE6IjAiO3M6MjM6ImVuYWJsZUV4dGVybmFsRmlsdGVyaW5nIjtzOjE6IjAiO3M6NDoicHRJRCI7aTowO3M6NDoicGZJRCI7aTowO3M6MTc6InRydW5jYXRlU3VtbWFyaWVzIjtzOjE6IjAiO3M6MTk6ImRpc3BsYXlGZWF0dXJlZE9ubHkiO3M6MToiMCI7czoxNjoibm9SZXN1bHRzTWVzc2FnZSI7czowOiIiO3M6MTY6ImRpc3BsYXlUaHVtYm5haWwiO3M6MToiMSI7czoxMzoidHJ1bmNhdGVDaGFycyI7aTowO30='),
(308, '', '2017-02-27 14:00:53', '2017-02-27 14:01:06', 'about.php', '1', 30, 1, 'TzozMjoiQ29uY3JldGVcQ29yZVxMZWdhY3lcQmxvY2tSZWNvcmQiOjMzOntzOjM6ImJJRCI7czozOiIzMDgiO3M6OToiACoAX3RhYmxlIjtzOjEwOiJidFBhZ2VMaXN0IjtzOjM6Im51bSI7czoxOiIwIjtzOjc6Im9yZGVyQnkiO3M6MTE6ImRpc3BsYXlfYXNjIjtzOjk6ImNQYXJlbnRJRCI7czozOiIyMDMiO3M6NToiY1RoaXMiO3M6MToiMSI7czoxNjoidXNlQnV0dG9uRm9yTGluayI7czoxOiIwIjtzOjE0OiJidXR0b25MaW5rVGV4dCI7czowOiIiO3M6MTM6InBhZ2VMaXN0VGl0bGUiO3M6MDoiIjtzOjE1OiJmaWx0ZXJCeVJlbGF0ZWQiO3M6MToiMCI7czoxOToiZmlsdGVyQnlDdXN0b21Ub3BpYyI7czoxOiIwIjtzOjE2OiJmaWx0ZXJEYXRlT3B0aW9uIjtzOjA6IiI7czoxNDoiZmlsdGVyRGF0ZURheXMiO3M6MToiMCI7czoxNToiZmlsdGVyRGF0ZVN0YXJ0IjtOO3M6MTM6ImZpbHRlckRhdGVFbmQiO047czozMDoicmVsYXRlZFRvcGljQXR0cmlidXRlS2V5SGFuZGxlIjtzOjA6IiI7czoyOToiY3VzdG9tVG9waWNBdHRyaWJ1dGVLZXlIYW5kbGUiO3M6MDoiIjtzOjIxOiJjdXN0b21Ub3BpY1RyZWVOb2RlSUQiO3M6MToiMCI7czoxMToiaW5jbHVkZU5hbWUiO3M6MToiMSI7czoxODoiaW5jbHVkZURlc2NyaXB0aW9uIjtzOjE6IjEiO3M6MTE6ImluY2x1ZGVEYXRlIjtzOjE6IjAiO3M6MjE6ImluY2x1ZGVBbGxEZXNjZW5kZW50cyI7czoxOiIwIjtzOjg6InBhZ2luYXRlIjtzOjE6IjAiO3M6MTQ6ImRpc3BsYXlBbGlhc2VzIjtzOjE6IjAiO3M6MTc6Imlnbm9yZVBlcm1pc3Npb25zIjtzOjE6IjAiO3M6MjM6ImVuYWJsZUV4dGVybmFsRmlsdGVyaW5nIjtzOjE6IjAiO3M6NDoicHRJRCI7czoxOiIwIjtzOjQ6InBmSUQiO3M6MToiMCI7czoxNzoidHJ1bmNhdGVTdW1tYXJpZXMiO3M6MToiMCI7czoxOToiZGlzcGxheUZlYXR1cmVkT25seSI7czoxOiIwIjtzOjE2OiJub1Jlc3VsdHNNZXNzYWdlIjtzOjA6IiI7czoxNjoiZGlzcGxheVRodW1ibmFpbCI7czoxOiIxIjtzOjEzOiJ0cnVuY2F0ZUNoYXJzIjtzOjE6IjAiO30='),
(309, '', '2017-02-27 14:25:32', '2017-02-27 14:25:32', NULL, '1', 12, 1, 'TzozMjoiQ29uY3JldGVcQ29yZVxMZWdhY3lcQmxvY2tSZWNvcmQiOjM6e3M6MzoiYklEIjtzOjM6IjMwOSI7czo5OiIAKgBfdGFibGUiO3M6MTQ6ImJ0Q29udGVudExvY2FsIjtzOjc6ImNvbnRlbnQiO3M6NDIwOiI8cD5WcmllbmRlbiB2YW4gQUtGIEFhcnRzZW5mcnVpdCBLaWRzIEZvdW5kYXRpb24gKEFLRikgaGVscHQga2luZGVyZW4gaHVuIGxldmVuIGVlbiBwb3NpdGlldmUgZHJhYWkgdGUgZ2V2ZW4gdGVuIGJlaG9ldmUgdmFuIGh1biBhbGdlaGVlbCB3ZWxiZXZpbmRlbi4gPC9wPjxwPjxicj48L3A+PHA+QUtGIGxldmVydCBlZW4gZXNzZW50acOrbGUgYmlqZHJhZ2UgYWFuIGhldCBnZXZvZWwgdmFuIGVpZ2Vud2FhcmRlLCB6ZWxmdmVydHJvdXdlbiBlbiB3ZWx6aWpuIGRvb3IgZGl2ZXJzZSBvbmRlcnN0ZXVuZW5kZSAoc2Nob29sKXByb2plY3RlbiB0ZSBpbml0acOrcmVuIGVuIGRvb3Iga2luZGVyZW4gYmV3dXN0IHRlIG1ha2VuIHZhbiBoZXQgYmVsYW5nIHZhbiBnb2VkZSB2b2VkaW5nIGVuIGVlbiBnZXpvbmRlIGxldmVuc3N0aWpsLjwvcD4iO30='),
(310, '', '2017-02-27 14:47:27', '2017-02-27 14:47:27', NULL, '1', 11, 1, 'TzozMjoiQ29uY3JldGVcQ29yZVxMZWdhY3lcQmxvY2tSZWNvcmQiOjEwOntzOjM6ImJJRCI7czozOiIzMTAiO3M6OToiACoAX3RhYmxlIjtzOjEyOiJidE5hdmlnYXRpb24iO3M6Nzoib3JkZXJCeSI7czoxMToiZGlzcGxheV9hc2MiO3M6MTI6ImRpc3BsYXlQYWdlcyI7czozOiJ0b3AiO3M6MTU6ImRpc3BsYXlQYWdlc0NJRCI7aTowO3M6MjM6ImRpc3BsYXlQYWdlc0luY2x1ZGVTZWxmIjtpOjA7czoxNToiZGlzcGxheVN1YlBhZ2VzIjtzOjQ6Im5vbmUiO3M6MjM6ImRpc3BsYXlTdWJQYWdlTGV2ZWxzTnVtIjtpOjA7czoyMzoiZGlzcGxheVVuYXZhaWxhYmxlUGFnZXMiO2k6MDtzOjE4OiJkaXNwbGF5U3lzdGVtUGFnZXMiO2k6MDt9'),
(311, '', '2017-02-27 15:15:38', '2017-02-27 15:15:38', NULL, '1', 12, 1, 'TzozMjoiQ29uY3JldGVcQ29yZVxMZWdhY3lcQmxvY2tSZWNvcmQiOjM6e3M6MzoiYklEIjtzOjM6IjMxMSI7czo5OiIAKgBfdGFibGUiO3M6MTQ6ImJ0Q29udGVudExvY2FsIjtzOjc6ImNvbnRlbnQiO3M6Nzc5OiI8aDI+R2VyZWFsaXNlZXJkZSBwcm9qZWN0ZW48L2gyPjxwPjxicj48L3A+PHA+PHN0cm9uZz5QZXJpb2RlIDIwMDctMjAxNTwvc3Ryb25nPjwvcD48cD5TaW5kcyBkZSBvcHJpY2h0aW5nIGluIDIwMDcgaGVlZnQgZGUgQWFydHNlbmZydWl0IEtpZHMgRm91bmRhdGlvbiB0YWxsb3plIGtpbmRlcmVuIGVuIGh1biBvdWRlcnMgdmVybGljaHRpbmcgZW4gZ2VsdWsgZ2VicmFjaHQuIERvb3IgbWlkZGVsIHZhbiBrbGVpbnNjaGFsaWdlIHByb2plY3RlbiB3ZXJkIGRpcmVjdGUgaHVscCBnZWJvZGVuIGluIGRlIHZvcm0gdmFuIHByb2R1Y3RlbiBlbiBkaWVuc3Rlbi48L3A+PHA+PGJyPjwvcD48cD48c3Ryb25nPlRyb3RzIDwvc3Ryb25nPjwvcD48cD5NZXQgZGUgYW1iaXRpZSBvbSBvcCBncm90ZXJlIHNjaGFhbCBlZW4gaGVscGVuZGUgaGFuZCB0ZSBiaWVkZW4gaXMgZGUgZm9jdXMgdmFuIGRlIHN0aWNodGluZyB2ZXJzY2hvdmVuLiBEZSBodWxwYWFudnJhZ2VuIGhlYmJlbiBwbGFhdHNnZW1hYWt0IHZvb3IgZWlnZW4gcHJvamVjdGVuIHdhYXJtZWUgQUtGIHByb2FjdGllZiBlZW4gZXNzZW50acOrbGUgYmlqZHJhZ2UgbGV2ZXJ0IGFhbiBoZXQgZ2V2b2VsIHZhbiBlaWdlbndhYXJkZSwgemVsZnZlcnRyb3V3ZW4gZW4gd2VsemlqbiB2YW4ga2luZGVyZW4uPC9wPjxwPjxicj48L3A+PHA+TWFhciB2YW56ZWxmc3ByZWtlbmQga2lqa2VuIHdlIGFubm8gMjAxNSB0ZXZyZWRlbiBlbiB0cm90cyB0ZXJ1ZyBvcCBhbGxlcyB3YXQgd2Ugc2FtZW4gYmVyZWlrdCBoZWJiZW4hPC9wPiI7fQ=='),
(312, '', '2017-02-27 15:16:36', '2017-02-27 15:17:47', NULL, '0', 12, 1, 'TzozMjoiQ29uY3JldGVcQ29yZVxMZWdhY3lcQmxvY2tSZWNvcmQiOjM6e3M6MzoiYklEIjtzOjM6IjMxMiI7czo5OiIAKgBfdGFibGUiO3M6MTQ6ImJ0Q29udGVudExvY2FsIjtzOjc6ImNvbnRlbnQiO3M6Nzc5OiI8aDI+R0VSRUFMSVNFRVJERSBQUk9KRUNURU48L2gyPjxwPjxicj48L3A+PHA+PHN0cm9uZz5QZXJpb2RlIDIwMDctMjAxNTwvc3Ryb25nPjwvcD48cD5TaW5kcyBkZSBvcHJpY2h0aW5nIGluIDIwMDcgaGVlZnQgZGUgQWFydHNlbmZydWl0IEtpZHMgRm91bmRhdGlvbiB0YWxsb3plIGtpbmRlcmVuIGVuIGh1biBvdWRlcnMgdmVybGljaHRpbmcgZW4gZ2VsdWsgZ2VicmFjaHQuIERvb3IgbWlkZGVsIHZhbiBrbGVpbnNjaGFsaWdlIHByb2plY3RlbiB3ZXJkIGRpcmVjdGUgaHVscCBnZWJvZGVuIGluIGRlIHZvcm0gdmFuIHByb2R1Y3RlbiBlbiBkaWVuc3Rlbi48L3A+PHA+PGJyPjwvcD48cD48c3Ryb25nPlRyb3RzPC9zdHJvbmc+IDwvcD48cD5NZXQgZGUgYW1iaXRpZSBvbSBvcCBncm90ZXJlIHNjaGFhbCBlZW4gaGVscGVuZGUgaGFuZCB0ZSBiaWVkZW4gaXMgZGUgZm9jdXMgdmFuIGRlIHN0aWNodGluZyB2ZXJzY2hvdmVuLiBEZSBodWxwYWFudnJhZ2VuIGhlYmJlbiBwbGFhdHNnZW1hYWt0IHZvb3IgZWlnZW4gcHJvamVjdGVuIHdhYXJtZWUgQUtGIHByb2FjdGllZiBlZW4gZXNzZW50acOrbGUgYmlqZHJhZ2UgbGV2ZXJ0IGFhbiBoZXQgZ2V2b2VsIHZhbiBlaWdlbndhYXJkZSwgemVsZnZlcnRyb3V3ZW4gZW4gd2VsemlqbiB2YW4ga2luZGVyZW4uPC9wPjxwPjxicj48L3A+PHA+TWFhciB2YW56ZWxmc3ByZWtlbmQga2lqa2VuIHdlIGFubm8gMjAxNSB0ZXZyZWRlbiBlbiB0cm90cyB0ZXJ1ZyBvcCBhbGxlcyB3YXQgd2Ugc2FtZW4gYmVyZWlrdCBoZWJiZW4hPC9wPiI7fQ=='),
(313, '', '2017-02-27 15:18:38', '2017-02-27 15:18:38', NULL, '0', 12, 1, 'TzozMjoiQ29uY3JldGVcQ29yZVxMZWdhY3lcQmxvY2tSZWNvcmQiOjM6e3M6MzoiYklEIjtzOjM6IjMxMyI7czo5OiIAKgBfdGFibGUiO3M6MTQ6ImJ0Q29udGVudExvY2FsIjtzOjc6ImNvbnRlbnQiO3M6MzI5OiI8aDI+UHJvamVjdGVuIDIwMTU8L2gyPjxwPjxicj48L3A+PHA+TWFhcnQgMjAxNQl8CUFLRiBtYWFrdCBoZXQgc25vZXplbGVuIHZvb3IgSmFzbWlqbiBtb2dlbGlqazwvcD48cD5KYW51YXJpIDIwMTUJfAlBbGxlcmdlZW4gd2VyZW5kIGJlZGRlbmdvZWQgdm9vciBKZXJpw6tsPC9wPjxwPlByb2plY3RlbiAyMDE0PC9wPjxwPlByb2plY3RlbiAyMDEzPC9wPjxwPlByb2plY3RlbiAyMDEyPC9wPjxwPlByb2plY3RlbiAyMDExPC9wPjxwPlByb2plY3RlbiAyMDEwPC9wPjxwPlByb2plY3RlbiAyMDA5PC9wPjxwPlByb2plY3RlbiAyMDA4PC9wPjxwPlByb2plY3RlbiAyMDA3PC9wPiI7fQ=='),
(314, '', '2017-02-27 15:19:01', '2017-02-27 15:19:01', NULL, '1', 12, 1, 'TzozMjoiQ29uY3JldGVcQ29yZVxMZWdhY3lcQmxvY2tSZWNvcmQiOjM6e3M6MzoiYklEIjtzOjM6IjMxNCI7czo5OiIAKgBfdGFibGUiO3M6MTQ6ImJ0Q29udGVudExvY2FsIjtzOjc6ImNvbnRlbnQiO3M6MzI5OiI8aDI+UHJvamVjdGVuIDIwMTU8L2gyPjxwPjxicj48L3A+PHA+TWFhcnQgMjAxNQl8CUFLRiBtYWFrdCBoZXQgc25vZXplbGVuIHZvb3IgSmFzbWlqbiBtb2dlbGlqazwvcD48cD5KYW51YXJpIDIwMTUJfAlBbGxlcmdlZW4gd2VyZW5kIGJlZGRlbmdvZWQgdm9vciBKZXJpw6tsPC9wPjxwPlByb2plY3RlbiAyMDE0PC9wPjxwPlByb2plY3RlbiAyMDEzPC9wPjxwPlByb2plY3RlbiAyMDEyPC9wPjxwPlByb2plY3RlbiAyMDExPC9wPjxwPlByb2plY3RlbiAyMDEwPC9wPjxwPlByb2plY3RlbiAyMDA5PC9wPjxwPlByb2plY3RlbiAyMDA4PC9wPjxwPlByb2plY3RlbiAyMDA3PC9wPiI7fQ=='),
(315, '', '2017-02-27 15:19:13', '2017-02-27 15:19:13', NULL, '1', 12, 1, 'TzozMjoiQ29uY3JldGVcQ29yZVxMZWdhY3lcQmxvY2tSZWNvcmQiOjM6e3M6MzoiYklEIjtzOjM6IjMxNSI7czo5OiIAKgBfdGFibGUiO3M6MTQ6ImJ0Q29udGVudExvY2FsIjtzOjc6ImNvbnRlbnQiO3M6MzI5OiI8aDI+UHJvamVjdGVuIDIwMTU8L2gyPjxwPjxicj48L3A+PHA+TWFhcnQgMjAxNQl8CUFLRiBtYWFrdCBoZXQgc25vZXplbGVuIHZvb3IgSmFzbWlqbiBtb2dlbGlqazwvcD48cD5KYW51YXJpIDIwMTUJfAlBbGxlcmdlZW4gd2VyZW5kIGJlZGRlbmdvZWQgdm9vciBKZXJpw6tsPC9wPjxwPlByb2plY3RlbiAyMDE0PC9wPjxwPlByb2plY3RlbiAyMDEzPC9wPjxwPlByb2plY3RlbiAyMDEyPC9wPjxwPlByb2plY3RlbiAyMDExPC9wPjxwPlByb2plY3RlbiAyMDEwPC9wPjxwPlByb2plY3RlbiAyMDA5PC9wPjxwPlByb2plY3RlbiAyMDA4PC9wPjxwPlByb2plY3RlbiAyMDA3PC9wPiI7fQ=='),
(316, '', '2017-02-27 15:22:11', '2017-02-27 15:22:11', NULL, '1', 12, 1, 'TzozMjoiQ29uY3JldGVcQ29yZVxMZWdhY3lcQmxvY2tSZWNvcmQiOjM6e3M6MzoiYklEIjtzOjM6IjMxNiI7czo5OiIAKgBfdGFibGUiO3M6MTQ6ImJ0Q29udGVudExvY2FsIjtzOjc6ImNvbnRlbnQiO3M6MzI5OiI8aDI+UHJvamVjdGVuIDIwMTU8L2gyPjxwPjxicj48L3A+PHA+TWFhcnQgMjAxNQl8CUFLRiBtYWFrdCBoZXQgc25vZXplbGVuIHZvb3IgSmFzbWlqbiBtb2dlbGlqazwvcD48cD5KYW51YXJpIDIwMTUJfAlBbGxlcmdlZW4gd2VyZW5kIGJlZGRlbmdvZWQgdm9vciBKZXJpw6tsPC9wPjxwPlByb2plY3RlbiAyMDE0PC9wPjxwPlByb2plY3RlbiAyMDEzPC9wPjxwPlByb2plY3RlbiAyMDEyPC9wPjxwPlByb2plY3RlbiAyMDExPC9wPjxwPlByb2plY3RlbiAyMDEwPC9wPjxwPlByb2plY3RlbiAyMDA5PC9wPjxwPlByb2plY3RlbiAyMDA4PC9wPjxwPlByb2plY3RlbiAyMDA3PC9wPiI7fQ=='),
(317, '', '2017-02-27 15:22:26', '2017-02-27 15:28:34', NULL, '1', 12, 1, 'TzozMjoiQ29uY3JldGVcQ29yZVxMZWdhY3lcQmxvY2tSZWNvcmQiOjM6e3M6MzoiYklEIjtzOjM6IjMxNyI7czo5OiIAKgBfdGFibGUiO3M6MTQ6ImJ0Q29udGVudExvY2FsIjtzOjc6ImNvbnRlbnQiO3M6MjcwOiI8aDI+UHJvamVjdGVuIDIwMTU8L2gyPjxwPjxicj48L3A+PHA+PHN0cm9uZz5NYWFydCAyMDE1PC9zdHJvbmc+PC9wPjxwPjxhIGhyZWY9IntDQ006Q0lEXzI0OX0iPkFLRiBtYWFrdCBoZXQgc25vZXplbGVuIHZvb3IgSmFzbWlqbiBtb2dlbGlqazwvYT48L3A+PHA+PGJyPjwvcD48cD48c3Ryb25nPkphbnVhcmkgMjAxNTwvc3Ryb25nPjwvcD48cD48YSBocmVmPSJ7Q0NNOkNJRF8yNTB9Ij5BbGxlcmdlZW4gd2VyZW5kIGJlZGRlbmdvZWQgdm9vciBKZXJpw6tsPC9hPjwvcD4iO30='),
(318, '', '2017-02-27 15:26:22', '2017-02-27 15:26:22', NULL, '1', 12, 1, 'TzozMjoiQ29uY3JldGVcQ29yZVxMZWdhY3lcQmxvY2tSZWNvcmQiOjM6e3M6MzoiYklEIjtzOjM6IjMxOCI7czo5OiIAKgBfdGFibGUiO3M6MTQ6ImJ0Q29udGVudExvY2FsIjtzOjc6ImNvbnRlbnQiO3M6MTA4MjoiPHA+RGUgZHJpZWphcmlnZSBKYXNtaWpuIGhlZWZ0IGVlbiB6ZWxkemFtZSBvbmdlbmVlc2xpamtlIHN0b2Z3aXNzZWxpbmcgemlla3RlLiBHTTMgZ2VuYWFtZC4gQmVoYWx2ZSBlZW4gc2xlY2h0ZSBwcm9nbm9zZSB2b29yIGhhYXIgdG9la29tc3QgYnJlbmd0IGRlemUgemlla3RlIGhhYXIgem93ZWwgbWVudGFsZSBhbHMgbGljaGFtZWxpamtlIGJlcGVya2luZ2VuIHpvYWxzIG8uYS4gaGV0IG5pZXQga3VubmVuIGtydWlwZW4sIHppdHRlbiBlbiBsb3BlbiwgaGV0IHpvIGdvZWQgYWxzIGRvb2YgZW4gYmxpbmQgemlqbiwgaGV0IG5pZXQga3VubmVuIHByYXRlbiBlbiBtZWRlIGRhYXJvbSBhbHRpamQgdmVyem9yZ2QgemFsIG1vZXRlbiBibGlqdmVuLjwvcD48cD48YnI+SGFhciBvdWRlcnMga3JpamdlbiB2YW4gaGV0IFNvcGhpYSBLaW5kZXJ6aWVrZW5odWlzIGRlIGJvb2RzY2hhcCwgbWFhayBoZXQgdm9vciBKYXNtaWpuIHpvIGNvbWZvcnRhYmVsIG1vZ2VsaWprLjwvcD48cD48YnI+TWV0IGRlemUgYm9vZHNjaGFwIGRvZW4gaGFhciBvdWRlcnMgZW4gZ3Jvb3RvdWRlcnMgYWxsZXMgd2F0IGluIGh1biBtYWNodCBsaWd0IG9tIGhldCBKYXNtaWpuIHpvIGFhbmdlbmFhbSBtb2dlbGlqayB0ZSBtYWtlbiB0aWpkZW5zIGRlemUgemVlciBtb2VpbGlqa2Ugd2VnLiBOYSBkZSBub29kZ2Vkd29uZ2VuIHZlcmh1aXppbmcgd2V0ZW4gemlqIHZvb3IgSmFzbWlqbiBvLmEuIGVlbiBhYW5nZXBhc3RlIGthbWVyIHRlIHJlYWxpc2VyZW4gb3AgZGUgYmVnYW5lIGdyb25kIHZhbiBodW4gbmlldXdlIHdvbmluZy48L3A+PHA+PGJyPkFscyBkZSBBS0YgdmVybmVlbXQgZGF0IEphc21pam4gZXJnIGdlaG9scGVuIGlzIGJpaiBoZXQgc25vZXplbGVuICg9IGhldCBvbnRzcGFubmVuIGluIGVlbiBydWltdGUgd2FhcmluIHZvb3J3ZXJwZW4sIGJlZWxkZW4sIGtsZXVyZW4sIGdldXJlbiBlbiBnZWx1aWRlbiBkZSB6aW50dWlnZW4gYWFuZ2VuYWFtIHByaWtrZWxlbikgYmVzbHVpdGVuIHdpaiBkZSBzbm9lemVsIGJlbm9kaWdkaGVkZW4gYWFuIHRlIHNjaGFmZmVuIHZvb3IgaGFhciBhYW5nZXBhc3RlIGthbWVyLjwvcD4iO30='),
(319, '', '2017-02-27 15:26:37', '2017-02-27 15:26:37', NULL, '0', 27, 1, 'TzozMjoiQ29uY3JldGVcQ29yZVxMZWdhY3lcQmxvY2tSZWNvcmQiOjEwOntzOjM6ImJJRCI7czozOiIzMTkiO3M6OToiACoAX3RhYmxlIjtzOjE0OiJidENvbnRlbnRJbWFnZSI7czozOiJmSUQiO3M6MjoiNDgiO3M6MTA6ImZPbnN0YXRlSUQiO3M6MToiMCI7czo4OiJtYXhXaWR0aCI7aTowO3M6OToibWF4SGVpZ2h0IjtpOjA7czoxMjoiZXh0ZXJuYWxMaW5rIjtzOjA6IiI7czoxNToiaW50ZXJuYWxMaW5rQ0lEIjtpOjA7czo3OiJhbHRUZXh0IjtzOjA6IiI7czo1OiJ0aXRsZSI7czowOiIiO30='),
(320, '', '2017-02-27 15:28:03', '2017-02-27 15:28:03', NULL, '1', 12, 1, 'TzozMjoiQ29uY3JldGVcQ29yZVxMZWdhY3lcQmxvY2tSZWNvcmQiOjM6e3M6MzoiYklEIjtzOjM6IjMyMCI7czo5OiIAKgBfdGFibGUiO3M6MTQ6ImJ0Q29udGVudExvY2FsIjtzOjc6ImNvbnRlbnQiO3M6ODY3OiI8cD5EZSA4IGphcmlnZSBKZXJpw6tsIGxpamR0IGFhbiBlZW4ga29lbWVsa2FsbGVyZ2llIGVuIGlzIGFsbGVyZ2lzY2ggdm9vciBodWlzc3RvZm1panQuIEhpaiBoZWVmdCByZWdlbG1hdGlnIHp3YXJlIGFzdG1hdGlzY2hlIGFhbnZhbGxlbiBlbiBtb2V0IHJlZ2VsbWF0aWcgZGFhcnZvb3Igb3BnZW5vbWVuIHdvcmRlbiBpbiBoZXQgemlla2VuaHVpcy48L3A+PHA+PGJyPlZvbGdlbnMgZGUgbG9uZ3ZlcnBsZWVna3VuZGlnZSBpcyBoZXQgdm9vciBKZXJpw6tsIHZhbiBiZWxhbmcgZGF0IGhpaiBzbGFhcHQgb25kZXIgYWxsZXJnZWVuIHdlcmVuZCBiZWRkZW5nb2VkLiBEaXQgd29yZHQgZWNodGVyIG5pZXQgdmVyZ29lZCBkb29yIGRlIHppZWt0ZWtvc3RlbiB2ZXJ6ZWtlcmluZyBlbiBoZXQgZ2V6aW4ga2FuIG9vayBnZWVuIGJlcm9lcCBtZWVyIGRvZW4gb3AgYW5kZXJlbiByZWdlbGluZ2VuLjwvcD48cD48YnI+T21kYXQgaGV0IGVlbiBtZWVyd2FhcmRlIGlzIHZvb3IgemlqbiBnZXpvbmRoZWlkIGJlc2x1aXQgZGUgQUtGIGhldCBhbGxlcmdlZW4gd2VyZW5kZSBiZWRkZW5nb2VkIHZvb3IgSmVyacOrbCBhYW4gdGUgc2NoYWZmZW4uIFRldmVucyBoZWVmdCBkZSBBS0YgZXIgb29rIHZvb3IgZ2V6b3JnZCBkYXQgemlqbiBkcmllIGpvbmdlcmUgYnJvZXJ0amVzIGVyIHZvb3J0YWFuIG9vayB3YXJtcGplcyBiaWogbGlnZ2VuIHRpamRlbnMgZGUga291ZGUgbWFhbmRlbi48L3A+PHA+PGJyPkFscyBleHRyYWF0amUgdmVycmFzdGVuIHdpaiBoZXQgZ2V6aW5uZXRqZSBtZXQgZWVuIGdvZWQgZ2V2dWxkZSBib29kc2NoYXBwZW50YXMgZW4gbWFha3RlbiB3aWogZGUgam9uZ2VucyBibGlqIG1ldCB3YXQgc3BlZWxnb2VkLjwvcD4iO30='),
(321, '', '2017-02-27 15:28:22', '2017-02-27 15:28:22', NULL, '0', 27, 1, 'TzozMjoiQ29uY3JldGVcQ29yZVxMZWdhY3lcQmxvY2tSZWNvcmQiOjEwOntzOjM6ImJJRCI7czozOiIzMjEiO3M6OToiACoAX3RhYmxlIjtzOjE0OiJidENvbnRlbnRJbWFnZSI7czozOiJmSUQiO3M6MjoiNDkiO3M6MTA6ImZPbnN0YXRlSUQiO3M6MToiMCI7czo4OiJtYXhXaWR0aCI7aTowO3M6OToibWF4SGVpZ2h0IjtpOjA7czoxMjoiZXh0ZXJuYWxMaW5rIjtzOjA6IiI7czoxNToiaW50ZXJuYWxMaW5rQ0lEIjtpOjA7czo3OiJhbHRUZXh0IjtzOjA6IiI7czo1OiJ0aXRsZSI7czowOiIiO30='),
(322, '', '2017-02-27 15:30:27', '2017-02-27 15:30:27', NULL, '1', 12, 1, 'TzozMjoiQ29uY3JldGVcQ29yZVxMZWdhY3lcQmxvY2tSZWNvcmQiOjM6e3M6MzoiYklEIjtzOjM6IjMyMiI7czo5OiIAKgBfdGFibGUiO3M6MTQ6ImJ0Q29udGVudExvY2FsIjtzOjc6ImNvbnRlbnQiO3M6MTQ3NjoiPHA+PHN0cm9uZz5IZWxwZW5kZSBoYW5kPC9zdHJvbmc+PC9wPjxwPkluIGRlIGVlcnN0ZSBqYXJlbiB2YW4gaGFhciBiZXN0YWFuIHdhcyBBYXJ0c2VuZnJ1aXQgS2lkcyBGb3VuZGF0aW9uIHZvb3JhbCBlZW4gJ2RvZS1zdGljaHRpbmcnLiBTYW1lbiBtZXQgZGUgbWVkZXdlcmtlcnMgdmFuIEFhcnRzZW5mcnVpdCBzdGFrIGRlIEFLRiBsZXR0ZXJsaWprIGRlIGhlbHBlbmRlIGhhbmQgdWl0IG5hYXIgZGllIDxicj48L3A+PHA+a2luZGVyZW4gZGllIGVlbiBzdGV1bnRqZSBpbiBkZSBydWcga29uZGVuIGdlYnJ1aWtlbi48L3A+PHA+PGJyPjwvcD48cD48c3Ryb25nPkh1bHB2cmFnZW48L3N0cm9uZz48L3A+PHA+QWFuIHRpZW50YWxsZW4gaHVscGFhbnZyYWdlbiB3ZXJkIGluIGRlIHBlcmlvZGUgMjAwNyB0b3QgZW4gbWV0IDIwMTQgZ2Vob29yIGdlZ2V2ZW4uIFdlIHN0YWtlbiBkZSBoYW5kZW4gdWl0IGRlIG1vdXdlbiBhbHMgZXIgZXJnZW5zIGlldHMgb3BnZWtuYXB0IG1vZXN0IHdvcmRlbi4gT2YgaGllbHBlbiBpbiBtYXRlcmnDq2xlIHppbiBhbHMgZWVuIHZvb3J6aWVuaW5nIHZvb3IgZGUgb3VkZXJzIG9mIGVlbiBvcmdhbmlzYXRpZSBvbm1vZ2VsaWprIGxlZWsuIEFubm8gMjAxNSBtb2dlbiB3ZSB0cm90cyBlbiB0ZXZyZWRlbiB0ZXJ1Z2tpamtlbiBvcCBkZSBodWxwIGVuIGRlIG9wbG9zc2luZ2VuIGRpZSB3ZSBrb25kZW4gYmllZGVuLjwvcD48cD48YnI+PC9wPjxwPjxicj48L3A+PGgyPlByb2plY3RlbjwvaDI+PHA+PHN0cm9uZz48YnI+PC9zdHJvbmc+PC9wPjxwPjxzdHJvbmc+T25kZXJzdGV1bmVuZGUgcHJvamVjdGVuPC9zdHJvbmc+PC9wPjxwPkFLRiBpcyBlZW4gc2FtZW53ZXJraW5nIGFhbmdlZ2FhbiBtZXQgaGV0IENlbnRydW0gSmV1Z2QgZW4gR2V6aW4gKENKRykuIEJpaiBkZXplIGxhbmRlbGlqa2Ugb3JnYW5pc2F0aWUga3VubmVuIG91ZGVycyB0ZXJlY2h0IG1ldCBhbGxlcmhhbmRlIHZyYWdlbiBvdmVyIGRlIG9wdm9lZGluZywgaGV0IG9wZ3JvZWllbiBlbiBkZSBnZXpvbmRoZWlkIHZhbiBodW4ga2luZC4gQWFuZ2V6aWVuIGhldCBDSkcgaW4gbmF1dyBjb250YWN0IHN0YWF0IG1ldCB2ZWxlIHNjaG9sZW4gZW4gZ2V6aW5uZW4gemlqbiB6aWogZGUgb3JlbiBlbiBvZ2VuIHZvb3IgQUtGLiBJbmdldmFsIHppaiBodWxwdnJhZ2VuIHNpZ25hbGVyZW4gd2FhcnZvb3IgZ2VlbiBvZiBvbnZvbGRvZW5kZSBmb25kc2VuIGJlc2NoaWtiYWFyIHppam4sIGthbiBkb29yIGhldCBDSkcgZWVuIGJlcm9lcCB3b3JkZW4gZ2VkYWFuIG9wIGRpdmVyc2Ugb25kZXJzdGV1bmVuZGUgcHJvamVjdGVuIHZhbiBBS0YuIERlIG9uZGVyc3RhYW5kZSBwcm9qZWN0ZW4gemlqbiBwcmltYWlyIGdlcmljaHQgb3AgaGV0IHZvb3Jrb21lbiB2YW4gZWVuIHNvY2lhYWwgaXNvbGVtZW50IGVuIGRlIGJldm9yZGVyaW5nIHZhbiBoZXQgZW1vdGlvbmVlbCB3ZWx6aWpuIHZhbiBraW5kZXJlbi48L3A+Ijt9'),
(323, '', '2017-02-27 15:31:44', '2017-02-27 15:31:44', NULL, '1', 12, 1, 'TzozMjoiQ29uY3JldGVcQ29yZVxMZWdhY3lcQmxvY2tSZWNvcmQiOjM6e3M6MzoiYklEIjtzOjM6IjMyMyI7czo5OiIAKgBfdGFibGUiO3M6MTQ6ImJ0Q29udGVudExvY2FsIjtzOjc6ImNvbnRlbnQiO3M6MTE4OiI8cD5Eb3dubG9hZCA8YSBocmVmPSJ7Q0NNOkZJRF9ETF81MH0iIHRhcmdldD0iX2JsYW5rIj5oaWVyPC9hPiBoZXQgQmVsZWlkc3BsYW4gdmFuIGRlIEFhcnRzZW5mcnVpdCBLaWRzIEZvdW5kYXRpb248L3A+Ijt9');
INSERT INTO `Blocks` (`bID`, `bName`, `bDateAdded`, `bDateModified`, `bFilename`, `bIsActive`, `btID`, `uID`, `btCachedBlockRecord`) VALUES
(324, '', '2017-02-27 15:32:08', '2017-02-27 15:32:08', NULL, '0', 27, 1, 'TzozMjoiQ29uY3JldGVcQ29yZVxMZWdhY3lcQmxvY2tSZWNvcmQiOjEwOntzOjM6ImJJRCI7czozOiIzMjQiO3M6OToiACoAX3RhYmxlIjtzOjE0OiJidENvbnRlbnRJbWFnZSI7czozOiJmSUQiO3M6MjoiMzIiO3M6MTA6ImZPbnN0YXRlSUQiO3M6MToiMCI7czo4OiJtYXhXaWR0aCI7aTowO3M6OToibWF4SGVpZ2h0IjtpOjA7czoxMjoiZXh0ZXJuYWxMaW5rIjtzOjA6IiI7czoxNToiaW50ZXJuYWxMaW5rQ0lEIjtpOjA7czo3OiJhbHRUZXh0IjtzOjA6IiI7czo1OiJ0aXRsZSI7czowOiIiO30='),
(325, '', '2017-02-27 15:34:11', '2017-02-27 15:34:11', NULL, '0', 12, 1, 'TzozMjoiQ29uY3JldGVcQ29yZVxMZWdhY3lcQmxvY2tSZWNvcmQiOjM6e3M6MzoiYklEIjtzOjM6IjMyNSI7czo5OiIAKgBfdGFibGUiO3M6MTQ6ImJ0Q29udGVudExvY2FsIjtzOjc6ImNvbnRlbnQiO3M6MTc2MToiPGgyPlZyaWVuZCB3b3JkZW4gdmFuIEFLRjxicj48L2gyPg0KPHA+PGJyPg0KPC9wPg0KPGgzPidBbGxlZW4gZG9lIGplIHdlaW5pZywgc2FtZW4gc3RhYW4gd2Ugc3RlcmshJzwvaDM+DQo8cD5HZWx1a2tpZyBzdGFhdCBkZSBBYXJ0c2VuZnJ1aXQgS2lkcyBGb3VuZGF0aW9uIGVyIG5pZXQgYWxsZWVuIHZvb3IgZW4gb250dmFuZ3QgZGUgc3RpY2h0aW5nIGZpbmFuY2nDq2xlIHN0ZXVuIHZhbiBvbnplIHZyaWVuZGVuLiBXb3JkIG9vayB2cmllbmQgdmFuIEFLRiBvZiBiZXN0ZWwg4oCYT29nYXBwZWx0amXigJkgb256ZSBtYXNjb3R0ZS4gV2lqIHdpbGxlbiB1IGJpaiBkZXplIGFsdmFzdCBiZWRhbmtlbiB2b29yIGFsbGUgc3RldW4gYWFuIGRlIEFhcnRzZW5mcnVpdCBLaWRzIEZvdW5kYXRpb24hDQo8L3A+DQo8cD48YnI+DQo8L3A+DQo8aDM+TWVlcmphcmlnIGRvbmF0ZXVyc2NoYXA8L2gzPg0KPHA+VSBrdW50IG9ucyBhbHMg4oCYVnJpZW5kIHZhbiBBS0bigJkgc3RldW5lbiBkb29yIGVlbiB2YXN0ZSBqYWFybGlqa3NlIGRvbmF0aWUuIE1hYWsgaW4gaGV0IGRvbmF0aWVmb3JtdWxpZXIgdXcga2V1emUgdWl0IGRlIGhvb2d0ZSB2YW4gdXcgYmlqZHJhZ2UgKHZhbmFmICDigqwgMTAwLDAwKSBlbiBiZXBhYWwgemVsZiBkZSBkdXVyIHZhbiB1dyBkb25hdGV1cnNjaGFwIChrZXV6ZSB0dXNzZW4gMywgNCBvZiA1IGphYXIpLiBVIG9udHZhbmd0IGF1dG9tYXRpc2NoIGphYXJsaWprcyBlZW4gZmFjdHV1ci48YnI+DQo8L3A+DQo8cD48YnI+DQo8L3A+DQo8cD5XYW5uZWVyIHUgbWVlcmphcmlnIGRvbmF0ZXVyIHdvcmR0LCBkYW4gaGVlZnQgdSBhbHMgVnJpZW5kIHZhbiBBS0YgcmVjaHQgb3AgZWVuIHZlcm1lbGRpbmcgdmFuIHV3IChiZWRyaWpmcyluYWFtIGVuIGxvZ28gb3Agb256ZSB3ZWJzaXRlLiBUZXZlbnMgb250dmFuZ3QgdSBlZW4gc3BlY2lhbGUg4oCYVnJpZW5kZW4gV2ViLWJhbm5lcuKAmSBtZXQgaGV0IGxvZ28gdmFuIEFLRiB2b29yIHV3IGVpZ2VuIGNvbW11bmljYXRpZS4NCjwvcD4NCjxwPjxicj4NCjwvcD4NCjxoMz5FZW5tYWxpZ2UgZG9uYXRpZTwvaDM+DQo8cD5WYW56ZWxmc3ByZWtlbmQga3VudCB1IG9vayBraWV6ZW4gdm9vciBlZW4gw6nDqW5tYWxpZ2UgZG9uYXRpZSBhYW4gZGUgQUtGLiBPb2sgdm9vciBlZW5tYWxpZ2UgZG9uYXRpZXMga3VudCB1IGdlYnJ1aWsgbWFrZW4gdmFuIGhldCBvbmxpbmUgZG9uYXRpZWZvcm11bGllci4gSG9lIHUgb25zIG9vayBzdGV1bnQsIHdlIGhvdWRlbiB1IGFscyB2cmllbmQgb2YgZG9uYXRldXIgZ3JhYWcgb3AgZGUgaG9vZ3RlIHZhbiBvbnplIGFjdGl2aXRlaXRlbi4NCjwvcD4NCjxwPjxicj4NCjwvcD4NCjxwPjxzdHJvbmc+RG9uYXRpZWZvcm11bGllcjwvc3Ryb25nPjxicj5Eb3dubG9hZCBoZXQgPGEgaHJlZj0iaHR0cDovL3d3dy5mb3J6YS1kaWdpdGFsLmNvbS9kZW1vL2FhcnRzZW5mcnVpdC1raWRzLWZvdW5kYXRpb24vZG93bmxvYWRfZmlsZS92aWV3LzM0IiB0YXJnZXQ9Il9ibGFuayI+PHU+ZG9uYXRpZWZvcm11bGllcjwvdT48L2E+Ljxicj4NCjwvcD4NCjxwPjxicj4NCjwvcD4NCjxwIGRhdGEtcmVkYWN0b3ItaW5zZXJ0ZWQtaW1hZ2U9InRydWUiIHN0eWxlPSJ0ZXh0LWFsaWduOiBjZW50ZXI7Ij48aW1nIHNyYz0iaHR0cDovL3d3dy5mb3J6YS1kaWdpdGFsLmNvbS9kZW1vL2FhcnRzZW5mcnVpdC1raWRzLWZvdW5kYXRpb24vZG93bmxvYWRfZmlsZS92aWV3X2lubGluZS8yNSIgaWQ9ImltYWdlLW1hcmtlciI+DQo8L3A+Ijt9'),
(326, '', '2017-02-27 15:34:26', '2017-02-27 15:34:26', NULL, '0', 12, 1, 'TzozMjoiQ29uY3JldGVcQ29yZVxMZWdhY3lcQmxvY2tSZWNvcmQiOjM6e3M6MzoiYklEIjtzOjM6IjMyNiI7czo5OiIAKgBfdGFibGUiO3M6MTQ6ImJ0Q29udGVudExvY2FsIjtzOjc6ImNvbnRlbnQiO3M6MTk4MjoiPGgyPk9vZ2FwcGVsdGplPC9oMj4NCjxwPjxzdHJvbmc+PGJyPjwvc3Ryb25nPg0KPC9wPg0KPHA+PHN0cm9uZz5Pb2dhcHBlbHRqZSBiZXN0ZWxsZW48L3N0cm9uZz48YnI+VSBrdW50IGRlIHByb2plY3RlbiBkaWUgQUtGIGluaXRpw6tlcnQgc3RldW5lbiBkb29yIG9uemUgbWFzY290dGUg4oCYT29nYXBwZWx0amXigJkqIHRlIGtvcGVuLiBEZSB2b2xsZWRpZ2Ugb3BicmVuZ3QgdmFuIGRlemUgYWFuc2NoYWYga29tdCB0ZW4gZ29lZGUgYWFuIG9uemUgcHJvamVjdGVuIQ0KPC9wPg0KPHA+PGJyPg0KPC9wPg0KPHA+VSBiZXN0ZWx0IOKAmE9vZ2FwcGVsdGpl4oCZIGFsIHZvb3Ig4oKsIDcsNTAgcGVyIHN0dWsgKGV4Y2x1c2llZiB2ZXJ6ZW5ka29zdGVuKSBkb29yIG9uZGVyc3RhYW5kIGJlc3RlbGZvcm11bGllciBpbiB0ZSB2dWxsZW4uIEJlcmVrZW4gZGUgdmVyemVuZGtvc3RlbiBlZW52b3VkaWcgemVsZiBhYW4gZGUgaGFuZCB2YW4gb25kZXJzdGFhbmQgc2NoZW1hLg0KPC9wPg0KPHA+PGJyPg0KPC9wPg0KPHA+Wm9kcmEgaGV0IHRvdGFhbGJlZHJhZyB2YW4gdXcgYmVzdGVsbGluZyAoaW5jbHVzaWVmIGRlIGJpamJlaG9yZW5kZSB2ZXJ6ZW5ka29zdGVuKSB6aWpuIGJpamdlc2NocmV2ZW4gb3Agb25zIGJhbmtyZWtlbmluZ251bW1lciBvbnR2YW5ndCB1IHV3IOKAmE9vZ2FwcGVsdGplKHMp4oCZIHBlciBwb3N0Lg0KPC9wPg0KPHA+PGJyPg0KPC9wPg0KPHA+PGVtPiog4oCYT29nYXBwZWx0amUnIGlzIGluIE5lZGVybGFuZCB2ZXJ2YWFyZGlnZCB2b2xnZW5zIGRlIGdlbGRlbmRlIENFIG5vcm1lbjwvZW0+Lg0KPC9wPg0KPHA+PGJyPg0KPC9wPg0KPHAgZGF0YS1yZWRhY3Rvci1pbnNlcnRlZC1pbWFnZT0idHJ1ZSIgc3R5bGU9InRleHQtYWxpZ246IGNlbnRlcjsiPjxpbWcgc3JjPSJodHRwOi8vd3d3LmZvcnphLWRpZ2l0YWwuY29tL2RlbW8vYWFydHNlbmZydWl0LWtpZHMtZm91bmRhdGlvbi9kb3dubG9hZF9maWxlL3ZpZXdfaW5saW5lLzM1IiBpZD0iaW1hZ2UtbWFya2VyIj4NCjwvcD4NCjxwIGRhdGEtcmVkYWN0b3ItaW5zZXJ0ZWQtaW1hZ2U9InRydWUiIHN0eWxlPSJ0ZXh0LWFsaWduOiBjZW50ZXI7Ij48YnI+DQo8L3A+DQo8cD48c3Ryb25nPkJlcmVrZW4gZGUgdmVyemVuZGtvc3Rlbjwvc3Ryb25nPg0KPC9wPg0KPHA+PHN0cm9uZz48YnI+PC9zdHJvbmc+DQo8L3A+DQo8cD48dT5OZWRlcmxhbmQ8L3U+PGJyPi0gMSBvZiAyIE9vZ2FwcGVsdGplcyDigqwgMiw0NDxicj4tIG1lZXIgZGFuIDIgT29nYXBwZWx0amVzICh0b3QgZW4gbWV0IDEwIGtnKSDigqwgNiw5NQ0KPC9wPg0KPHA+PHU+PGJyPjwvdT4NCjwvcD4NCjxwPjx1PkV1cm9wYTwvdT48YnI+LSAxIG9mIDIgT29nYXBwZWx0amVzIOKCrCA1LDA5PGJyPi0gMyB0b3QgMTUgT29nYXBwZWx0amVzICDigqwgMTksNTAgKGluY2wudHJhY2sgYW5kIHRyYWNlKQ0KPC9wPg0KPHA+PHU+PGJyPjwvdT4NCjwvcD4NCjxwPjx1PkJ1aXRlbiBFdXJvcGE8L3U+PGJyPi0gMSBvZiAyIE9vZ2FwcGVsdGplcyDigqwgNSwwOTxicj4tIDMgdG90IDE1IE9vZ2FwcGVsdGplcyDigqwgMjQsMzANCjwvcD4NCjxwPjxzdHJvbmc+PGJyPjwvc3Ryb25nPg0KPC9wPg0KPHA+PHN0cm9uZz5CYW5rZ2VnZXZlbnM8L3N0cm9uZz48YnI+UmVrZW5pbmdudW1tZXIgUmFib2JhbmsgQnJlZGE6IE5MMzRSQUJPMDE1LjIzLjIyLjEzMjxicj5JYmFuOiBOTDM0UkFCTzAxNS4yMy4yMi4xMzI8YnI+QklDIENvZGU6IFJBQk9OTDJVPGJyPjxicj48ZW0+QmVzdGVsbGluZ2VuIHQubi52LiBTdGljaHRpbmcgQWFydHNlbmZydWl0IEtpZHMgRm91bmRhdGlvbiB0ZSBCcmVkYSBvLnYudi4g4oCYT29nYXBwZWx0amXigJk8L2VtPg0KPC9wPg0KPHA+PGVtPjxicj48L2VtPg0KPC9wPg0KPHA+PGVtPjxicj48L2VtPg0KPC9wPg0KPHA+PGVtPjwvZW0+DQo8L3A+DQo8aDI+QmVzdGVsIG51IGpvdXcgT29nYXBwZWx0amUocykhPC9oMj4NCjxwPjxicj4NCjwvcD4iO30='),
(327, '', '2017-02-27 15:37:08', '2017-02-27 15:37:08', NULL, '0', 17, 1, NULL),
(328, '', '2017-02-27 15:40:28', '2017-02-27 15:40:28', NULL, '1', 12, 1, 'TzozMjoiQ29uY3JldGVcQ29yZVxMZWdhY3lcQmxvY2tSZWNvcmQiOjM6e3M6MzoiYklEIjtzOjM6IjMyOCI7czo5OiIAKgBfdGFibGUiO3M6MTQ6ImJ0Q29udGVudExvY2FsIjtzOjc6ImNvbnRlbnQiO3M6MTU1MDoiPGgyPldhYXJvbSBzdE9lckdlbHVra2lnPC9oMj4NCjxwPjxzdHJvbmc+PGJyPjwvc3Ryb25nPg0KPC9wPg0KPHA+PHN0cm9uZz4nS2luZGVyZW4gaGViYmVuIGhldCByZWNodCBvbSB0ZSB3ZXRlbiEnPC9zdHJvbmc+PGJyPg0KPC9wPg0KPHA+QUtGIHdpbCBiZXJlaWtlbiBkYXQga2luZGVyZW4gLSBkZSB2b2x3YXNzZW5lbiB2YW4gZGUgdG9la29tc3QgLSBiZXd1c3Qgd29yZGVuIGluIHdhdCB6ZSBkb2VuLCBpbiBob2UgemUgb21nYWFuIG1ldCBhbmRlcmVuIMOpbiBtZXQgemljaHplbGYuIEtpbmRlcmVuIGhlYmJlbiBoZXQgcmVjaHQgdGUgd2V0ZW4gaG9lIHZvZWRpbmcsIG5hdHV1ciBlbiB3ZWx6aWpuIG1ldCBlbGthYXIgdmVyYm9uZGVuIHppam4uIERvb3IgaW4gYmVncmlqcGVsaWprZSBraW5kZXJ0YWFsIC0gem9uZGVyIG9wZ2VzdG9rZW4gd2lqc3ZpbmdlciAtIGluemljaHQgdGUgZ2V2ZW4gaW4gby5hLiBoZXQgYmVsYW5nIHZhbiBnb2VkZSB2b2VkaW5nIGVuIGVlbiBnZXpvbmRlIGxldmVuc3N0aWpsLCBrdW5uZW4gemUgbGF0ZXIgYmV3dXN0ZXJlIGVuIGRhYXJtZWUgYmV0ZXJlIGtldXplcyBtYWtlbiB2b29yIHppY2h6ZWxmIGVuIGh1biBvbWdldmluZy4NCjwvcD4NCjxwPjxicj4NCjwvcD4NCjxwIGRhdGEtcmVkYWN0b3ItaW5zZXJ0ZWQtaW1hZ2U9InRydWUiIHN0eWxlPSJ0ZXh0LWFsaWduOiBjZW50ZXI7Ij48Y29uY3JldGUtcGljdHVyZSBmSUQ9IjI1IiBpZD0iaW1hZ2UtbWFya2VyIiAvPg0KPC9wPg0KPHAgZGF0YS1yZWRhY3Rvci1pbnNlcnRlZC1pbWFnZT0idHJ1ZSIgc3R5bGU9InRleHQtYWxpZ246IGNlbnRlcjsiPjxicj4NCjwvcD4NCjxwIGRhdGEtcmVkYWN0b3ItaW5zZXJ0ZWQtaW1hZ2U9InRydWUiPjxzdHJvbmc+J0hldCBpcyBzdG9lciBvbSBPZXIgR2VsdWtraWcgdGUgemlqbiEnPC9zdHJvbmc+PGJyPkJpaiBkZSB2ZXJkZXJlIG9udHdpa2tlbGluZyB2YW4gaGFhciBnZWRhY2h0ZWdvZWQgcmFha3RlIEFLRiBnZcOvbnNwaXJlZXJkIGRvb3IgaGV0IGJvZWsg4oCYT2Vyc3RlcmvigJkgdmFuIFJpY2hhcmQgZGUgTGV0aC4gR2VzdGVya3QgZG9vciB6aWpuIGluemljaHRlbiBvbnRzcHJvb3QgZGUgZ2VkYWNodGUg4oCYaGV0IGlzIHN0b2VyIG9tIE9lciBHZWx1a2tpZyB0ZSB6aWpuIeKAmS4gT2Z3ZWwg4oCYc3RPZXJHZWx1a2tpZ+KAmS4gT25kZXIgZGV6ZSBuYWFtIGVuIG1ldCBkZXplIGZpbG9zb2ZpZSBvbnR3aWtrZWx0IGRlIHN0aWNodGluZyBkaXZlcnNlIHByb2plY3RlbiBlbiBhY3Rpdml0ZWl0ZW4uIDxicj4NCjwvcD4NCjxwIGRhdGEtcmVkYWN0b3ItaW5zZXJ0ZWQtaW1hZ2U9InRydWUiPjxicj4NCjwvcD4NCjxwPjxzdHJvbmc+VHJhamVjdGVuPC9zdHJvbmc+PGJyPuKAmHN0T2VyR2VsdWtraWfigJkgdmVydGFhbHQgemljaCBuYWFyIGRyaWUgdHJhamVjdGVuOg0KPC9wPg0KPHVsPg0KCTxsaT5TY2hvb2xwcm9qZWN0ZW48L2xpPg0KCTxsaT5PbmRlcnN0ZXVuZW5kZSBwcm9qZWN0ZW48L2xpPg0KCTxsaT5TcG9uc29yaW5nIHZhbiBncm9lbnRlICYgZnJ1aXQ8L2xpPg0KPC91bD4iO30='),
(329, '', '2017-02-27 15:40:47', '2017-02-27 15:40:47', NULL, '1', 12, 1, 'TzozMjoiQ29uY3JldGVcQ29yZVxMZWdhY3lcQmxvY2tSZWNvcmQiOjM6e3M6MzoiYklEIjtzOjM6IjMyOSI7czo5OiIAKgBfdGFibGUiO3M6MTQ6ImJ0Q29udGVudExvY2FsIjtzOjc6ImNvbnRlbnQiO3M6NjQ5OiI8aDE+T05TIEdFREFDSFRFR09FRDxicj48L2gxPjxwPjxicj48L3A+PHA+S2luZGVyZW4gaGViYmVuIGhldCByZWNodCBvbSB0ZSB3ZXRlbi48L3A+PHA+PGJyPjwvcD48cD5BS0Ygd2lsIGJlcmVpa2VuIGRhdCBraW5kZXJlbiAtIGRlIHZvbHdhc3NlbmVuIHZhbiBkZSB0b2Vrb21zdCAtIGJld3VzdCB3b3JkZW4gaW4gd2F0IHplIGRvZW4sIGluIGhvZSB6ZSBvbWdhYW4gbWV0IGFuZGVyZW4gw6luIG1ldCB6aWNoemVsZi4gS2luZGVyZW4gaGViYmVuIGhldCByZWNodCB0ZSB3ZXRlbiBob2Ugdm9lZGluZywgbmF0dXVyIGVuIHdlbHppam4gbWV0IGVsa2FhciB2ZXJib25kZW4gemlqbi4gRG9vciBpbiBiZWdyaWpwZWxpamtlIGtpbmRlcnRhYWwgLSB6b25kZXIgb3BnZXN0b2tlbiB3aWpzdmluZ2VyIC0gaW56aWNodCB0ZSBnZXZlbiBpbiBvLmEuIGhldCBiZWxhbmcgdmFuIGdvZWRlIHZvZWRpbmcgZW4gZWVuIGdlem9uZGUgbGV2ZW5zc3RpamwsIGt1bm5lbiB6ZSBsYXRlciBiZXd1c3RlcmUgZW4gZGFhcm1lZSBiZXRlcmUga2V1emVzIG1ha2VuIHZvb3IgemljaHplbGYgZW4gaHVuIG9tZ2V2aW5nLjwvcD48cD48YnI+PC9wPjxwPnN0T2VyR2VsdWtraWcgdmVydGFhbHQgemljaCBuYWFyIGRlIHZvbGdlbmRlIEluaXRpYXRpZXZlbi48L3A+Ijt9');

-- --------------------------------------------------------

--
-- Tabelstructuur voor tabel `BlockTypePermissionBlockTypeAccessList`
--

CREATE TABLE `BlockTypePermissionBlockTypeAccessList` (
  `paID` int(10) UNSIGNED NOT NULL DEFAULT '0',
  `peID` int(10) UNSIGNED NOT NULL DEFAULT '0',
  `permission` varchar(1) COLLATE utf8_unicode_ci NOT NULL DEFAULT '1'
) ENGINE=InnoDB DEFAULT CHARSET=utf8 COLLATE=utf8_unicode_ci;

-- --------------------------------------------------------

--
-- Tabelstructuur voor tabel `BlockTypePermissionBlockTypeAccessListCustom`
--

CREATE TABLE `BlockTypePermissionBlockTypeAccessListCustom` (
  `paID` int(10) UNSIGNED NOT NULL DEFAULT '0',
  `peID` int(10) UNSIGNED NOT NULL DEFAULT '0',
  `btID` int(10) UNSIGNED NOT NULL DEFAULT '0'
) ENGINE=InnoDB DEFAULT CHARSET=utf8 COLLATE=utf8_unicode_ci;

-- --------------------------------------------------------

--
-- Tabelstructuur voor tabel `BlockTypes`
--

CREATE TABLE `BlockTypes` (
  `btID` int(10) UNSIGNED NOT NULL,
  `btHandle` varchar(128) COLLATE utf8_unicode_ci NOT NULL,
  `btName` varchar(128) COLLATE utf8_unicode_ci NOT NULL,
  `btDescription` text COLLATE utf8_unicode_ci,
  `btCopyWhenPropagate` tinyint(1) NOT NULL DEFAULT '0',
  `btIncludeAll` tinyint(1) NOT NULL DEFAULT '0',
  `btIsInternal` tinyint(1) NOT NULL DEFAULT '0',
  `btSupportsInlineAdd` tinyint(1) NOT NULL DEFAULT '0',
  `btSupportsInlineEdit` tinyint(1) NOT NULL DEFAULT '0',
  `btIgnorePageThemeGridFrameworkContainer` tinyint(1) NOT NULL DEFAULT '0',
  `btDisplayOrder` int(10) UNSIGNED NOT NULL DEFAULT '0',
  `btInterfaceWidth` int(10) UNSIGNED NOT NULL DEFAULT '400',
  `btInterfaceHeight` int(10) UNSIGNED NOT NULL DEFAULT '400',
  `pkgID` int(10) UNSIGNED NOT NULL DEFAULT '0'
) ENGINE=InnoDB DEFAULT CHARSET=utf8 COLLATE=utf8_unicode_ci;

--
-- Gegevens worden geëxporteerd voor tabel `BlockTypes`
--

INSERT INTO `BlockTypes` (`btID`, `btHandle`, `btName`, `btDescription`, `btCopyWhenPropagate`, `btIncludeAll`, `btIsInternal`, `btSupportsInlineAdd`, `btSupportsInlineEdit`, `btIgnorePageThemeGridFrameworkContainer`, `btDisplayOrder`, `btInterfaceWidth`, `btInterfaceHeight`, `pkgID`) VALUES
(1, 'core_area_layout', 'Area Layout', 'Proxy block for area layouts.', 0, 0, 1, 1, 1, 0, 0, 400, 400, 0),
(2, 'core_page_type_composer_control_output', 'Composer Control', 'Proxy block for blocks that need to be output through composer.', 0, 0, 1, 0, 0, 0, 0, 400, 400, 0),
(3, 'core_scrapbook_display', 'Scrapbook Display', 'Proxy block for blocks pasted through the scrapbook.', 0, 0, 1, 0, 0, 0, 0, 400, 400, 0),
(4, 'core_stack_display', 'Stack Display', 'Proxy block for stacks added through the UI.', 0, 0, 1, 0, 0, 0, 0, 400, 400, 0),
(5, 'core_conversation', 'Conversation', 'Displays conversations on a page.', 1, 0, 0, 0, 0, 0, 0, 400, 400, 0),
(6, 'dashboard_featured_addon', 'Dashboard Featured Add-On', 'Features an add-on from concrete5.org.', 0, 0, 1, 0, 0, 0, 0, 300, 100, 0),
(7, 'dashboard_featured_theme', 'Dashboard Featured Theme', 'Features a theme from concrete5.org.', 0, 0, 1, 0, 0, 0, 0, 300, 100, 0),
(8, 'dashboard_newsflow_latest', 'Dashboard Newsflow Latest', 'Grabs the latest newsflow data from concrete5.org.', 0, 0, 1, 0, 0, 0, 0, 400, 400, 0),
(9, 'dashboard_app_status', 'Dashboard App Status', 'Displays update and welcome back information on your dashboard.', 0, 0, 1, 0, 0, 0, 0, 400, 400, 0),
(10, 'dashboard_site_activity', 'Dashboard Site Activity', 'Displays a summary of website activity.', 0, 0, 1, 0, 0, 0, 0, 400, 400, 0),
(11, 'autonav', 'Auto-Nav', 'Creates navigation trees and sitemaps.', 0, 0, 0, 0, 0, 0, 0, 800, 350, 0),
(12, 'content', 'Content', 'HTML/WYSIWYG Editor Content.', 0, 0, 0, 1, 1, 0, 0, 600, 465, 0),
(13, 'date_navigation', 'Date Navigation', 'Displays a list of months to filter a page list by.', 0, 0, 0, 0, 0, 0, 0, 400, 450, 0),
(14, 'external_form', 'External Form', 'Include external forms in the filesystem and place them on pages.', 0, 0, 0, 0, 0, 0, 0, 370, 175, 0),
(15, 'file', 'File', 'Link to files stored in the asset library.', 0, 0, 0, 0, 0, 0, 0, 300, 320, 0),
(16, 'page_attribute_display', 'Page Attribute Display', 'Displays the value of a page attribute for the current page.', 0, 0, 0, 0, 0, 0, 0, 500, 365, 0),
(17, 'form', 'Form', 'Build simple forms and surveys.', 1, 0, 0, 0, 0, 0, 0, 420, 430, 0),
(18, 'page_title', 'Page Title', 'Displays a Page''s Title', 0, 0, 0, 0, 0, 0, 0, 400, 400, 0),
(19, 'feature', 'Feature', 'Displays an icon, a title, and a short paragraph description.', 0, 0, 0, 0, 0, 0, 0, 400, 520, 0),
(20, 'topic_list', 'Topic List', 'Displays a list of your site''s topics, allowing you to click on them to filter a page list.', 0, 0, 0, 0, 0, 0, 0, 400, 400, 0),
(21, 'social_links', 'Social Links', 'Allows users to add social icons to their website', 0, 0, 0, 0, 0, 0, 0, 400, 400, 0),
(22, 'testimonial', 'Testimonial', 'Displays a quote or paragraph next to biographical information and a person''s picture.', 0, 0, 0, 0, 0, 0, 0, 450, 560, 0),
(23, 'share_this_page', 'Share This Page', 'Allows users to share this page with social networks.', 0, 0, 0, 0, 0, 0, 0, 400, 400, 0),
(24, 'google_map', 'Google Map', 'Enter an address and a Google Map of that location will be placed in your page.', 0, 0, 0, 0, 0, 0, 0, 400, 460, 0),
(25, 'html', 'HTML', 'For adding HTML by hand.', 0, 0, 0, 0, 0, 1, 0, 600, 500, 0),
(26, 'horizontal_rule', 'Horizontal Rule', 'Adds a thin hairline horizontal divider to the page.', 0, 0, 0, 0, 0, 1, 0, 400, 400, 0),
(27, 'image', 'Image', 'Adds images and onstates from the library to pages.', 0, 0, 0, 0, 0, 0, 0, 400, 550, 0),
(28, 'faq', 'FAQ', 'Frequently Asked Questions Block', 0, 0, 0, 0, 0, 0, 0, 600, 465, 0),
(29, 'next_previous', 'Next & Previous Nav', 'Navigate through sibling pages.', 0, 0, 0, 0, 0, 0, 0, 430, 400, 0),
(30, 'page_list', 'Page List', 'List pages based on type, area.', 0, 0, 0, 0, 0, 0, 0, 800, 350, 0),
(31, 'rss_displayer', 'RSS Displayer', 'Fetch, parse and display the contents of an RSS or Atom feed.', 0, 0, 0, 0, 0, 0, 0, 400, 550, 0),
(32, 'search', 'Search', 'Add a search box to your site.', 0, 0, 0, 0, 0, 0, 0, 400, 420, 0),
(33, 'image_slider', 'Image Slider', 'Display your images and captions in an attractive slideshow format.', 0, 0, 0, 0, 0, 1, 0, 600, 550, 0),
(34, 'survey', 'Survey', 'Provide a simple survey, along with results in a pie chart format.', 0, 0, 0, 0, 0, 0, 0, 420, 400, 0),
(35, 'switch_language', 'Switch Language', 'Adds a front-end language switcher to your website.', 0, 0, 0, 0, 0, 0, 0, 500, 150, 0),
(36, 'tags', 'Tags', 'List pages based on type, area.', 0, 0, 0, 0, 0, 0, 0, 450, 439, 0),
(37, 'video', 'Video Player', 'Embeds uploaded video into a web page. Supports WebM, Ogg, and Quicktime/MPEG4 formats.', 0, 0, 0, 0, 0, 0, 0, 320, 270, 0),
(38, 'youtube', 'YouTube Video', 'Embeds a YouTube Video in your web page.', 0, 0, 0, 0, 0, 0, 0, 400, 490, 0);

-- --------------------------------------------------------

--
-- Tabelstructuur voor tabel `BlockTypeSetBlockTypes`
--

CREATE TABLE `BlockTypeSetBlockTypes` (
  `btID` int(10) UNSIGNED NOT NULL DEFAULT '0',
  `btsID` int(10) UNSIGNED NOT NULL DEFAULT '0',
  `displayOrder` int(10) UNSIGNED NOT NULL DEFAULT '0'
) ENGINE=InnoDB DEFAULT CHARSET=utf8 COLLATE=utf8_unicode_ci;

--
-- Gegevens worden geëxporteerd voor tabel `BlockTypeSetBlockTypes`
--

INSERT INTO `BlockTypeSetBlockTypes` (`btID`, `btsID`, `displayOrder`) VALUES
(12, 1, 0),
(25, 1, 1),
(27, 1, 2),
(15, 1, 3),
(26, 1, 4),
(19, 1, 5),
(11, 2, 0),
(18, 2, 1),
(28, 2, 2),
(30, 2, 3),
(29, 2, 4),
(13, 2, 5),
(36, 2, 6),
(20, 2, 7),
(31, 2, 8),
(35, 2, 9),
(17, 3, 0),
(32, 3, 1),
(14, 3, 2),
(34, 4, 0),
(5, 4, 1),
(21, 4, 2),
(22, 4, 3),
(23, 4, 4),
(16, 5, 0),
(33, 5, 1),
(37, 5, 2),
(38, 5, 3),
(24, 5, 4);

-- --------------------------------------------------------

--
-- Tabelstructuur voor tabel `BlockTypeSets`
--

CREATE TABLE `BlockTypeSets` (
  `btsID` int(10) UNSIGNED NOT NULL,
  `btsName` varchar(255) COLLATE utf8_unicode_ci DEFAULT NULL,
  `btsHandle` varchar(255) COLLATE utf8_unicode_ci NOT NULL,
  `pkgID` int(10) UNSIGNED NOT NULL DEFAULT '0',
  `btsDisplayOrder` int(10) UNSIGNED NOT NULL DEFAULT '0'
) ENGINE=InnoDB DEFAULT CHARSET=utf8 COLLATE=utf8_unicode_ci;

--
-- Gegevens worden geëxporteerd voor tabel `BlockTypeSets`
--

INSERT INTO `BlockTypeSets` (`btsID`, `btsName`, `btsHandle`, `pkgID`, `btsDisplayOrder`) VALUES
(1, 'Basic', 'basic', 0, 0),
(2, 'Navigation', 'navigation', 0, 0),
(3, 'Forms', 'form', 0, 0),
(4, 'Social Networking', 'social', 0, 0),
(5, 'Multimedia', 'multimedia', 0, 0);

-- --------------------------------------------------------

--
-- Tabelstructuur voor tabel `btContentFile`
--

CREATE TABLE `btContentFile` (
  `bID` int(10) UNSIGNED NOT NULL,
  `fID` int(10) UNSIGNED DEFAULT NULL,
  `fileLinkText` varchar(255) COLLATE utf8_unicode_ci DEFAULT NULL,
  `filePassword` varchar(255) COLLATE utf8_unicode_ci DEFAULT NULL,
  `forceDownload` tinyint(1) NOT NULL DEFAULT '0'
) ENGINE=InnoDB DEFAULT CHARSET=utf8 COLLATE=utf8_unicode_ci;

--
-- Gegevens worden geëxporteerd voor tabel `btContentFile`
--

INSERT INTO `btContentFile` (`bID`, `fID`, `fileLinkText`, `filePassword`, `forceDownload`) VALUES
(255, 43, 'Financieel overzicht', NULL, 0);

-- --------------------------------------------------------

--
-- Tabelstructuur voor tabel `btContentImage`
--

CREATE TABLE `btContentImage` (
  `bID` int(10) UNSIGNED NOT NULL,
  `fID` int(10) UNSIGNED DEFAULT '0',
  `fOnstateID` int(10) UNSIGNED DEFAULT '0',
  `maxWidth` int(10) UNSIGNED DEFAULT '0',
  `maxHeight` int(10) UNSIGNED DEFAULT '0',
  `externalLink` varchar(255) COLLATE utf8_unicode_ci DEFAULT NULL,
  `internalLinkCID` int(10) UNSIGNED DEFAULT '0',
  `altText` varchar(255) COLLATE utf8_unicode_ci DEFAULT NULL,
  `title` varchar(255) COLLATE utf8_unicode_ci DEFAULT NULL
) ENGINE=InnoDB DEFAULT CHARSET=utf8 COLLATE=utf8_unicode_ci;

--
-- Gegevens worden geëxporteerd voor tabel `btContentImage`
--

INSERT INTO `btContentImage` (`bID`, `fID`, `fOnstateID`, `maxWidth`, `maxHeight`, `externalLink`, `internalLinkCID`, `altText`, `title`) VALUES
(110, 5, 0, 0, 0, '', 0, 'Blank Image', 'Blank Image'),
(125, 7, 0, 0, 0, '', 0, '', NULL),
(132, 4, 0, 0, 0, '', 0, '', NULL),
(139, 4, 0, 0, 0, '', 0, '', NULL),
(143, 5, 0, 0, 0, '', 0, '', NULL),
(146, 9, 0, 0, 0, '', 0, '', NULL),
(164, 16, 0, 0, 0, '', 0, 'Hero', 'Hero'),
(165, 16, 0, 0, 0, '', 0, 'Hero', 'Hero'),
(168, 16, 0, 0, 0, '', 0, '', ''),
(169, 16, 0, 0, 0, '', 0, '', ''),
(170, 16, 0, 0, 0, '', 0, '', ''),
(171, 16, 0, 0, 0, '', 0, '', ''),
(172, 16, 0, 0, 0, '', 0, '', ''),
(173, 17, 0, 0, 0, '', 0, '', ''),
(180, 25, 0, 0, 0, '', 0, 'Quote', 'Quote'),
(206, 25, 0, 0, 0, '', 0, '', ''),
(256, 41, 0, 0, 0, 'http://aartsenfruit-kids-foundation.dev/application/files/4914/8793/7028/Jaarrekening_2015-2016_St_Aartsenfruit_Kids_Foundation.pdf', 0, '', ''),
(257, 40, 0, 0, 0, 'http://aartsenfruit-kids-foundation.dev/application/files/9414/8793/7028/Beleidsplan-AKF.pdf', 0, '', ''),
(258, 41, 0, 0, 0, 'http://aartsenfruit-kids-foundation.dev/application/files/4914/8793/7028/Jaarrekening_2015-2016_St_Aartsenfruit_Kids_Foundation.pdf', 0, '', ''),
(259, 38, 0, 0, 0, '', 236, '', ''),
(260, 39, 0, 0, 0, '', 237, '', ''),
(261, 41, 0, 0, 0, 'http://aartsenfruit-kids-foundation.dev/application/files/4914/8793/7028/Jaarrekening_2015-2016_St_Aartsenfruit_Kids_Foundation.pdf', 0, '', ''),
(262, 40, 0, 0, 0, 'http://aartsenfruit-kids-foundation.dev/application/files/9414/8793/7028/Beleidsplan-AKF.pdf', 0, '', ''),
(263, 38, 0, 0, 0, '', 236, '', ''),
(264, 39, 0, 0, 0, '', 237, '', ''),
(265, 41, 0, 0, 0, 'http://aartsenfruit-kids-foundation.dev/application/files/4914/8793/7028/Jaarrekening_2015-2016_St_Aartsenfruit_Kids_Foundation.pdf', 0, 'Financieel overzicht', 'Financieel overzicht'),
(266, 40, 0, 0, 0, 'http://aartsenfruit-kids-foundation.dev/application/files/9414/8793/7028/Beleidsplan-AKF.pdf', 0, 'Beleidsplan', 'Beleidsplan'),
(267, 38, 0, 0, 0, '', 236, 'Hoe het begon', 'Hoe het begon'),
(268, 39, 0, 0, 0, '', 237, 'Terugblik', 'Terugblik'),
(269, 41, 46, 0, 0, 'http://aartsenfruit-kids-foundation.dev/application/files/4914/8793/7028/Jaarrekening_2015-2016_St_Aartsenfruit_Kids_Foundation.pdf', 0, 'Financieel overzicht', 'Financieel overzicht'),
(270, 41, 0, 0, 0, 'http://aartsenfruit-kids-foundation.dev/application/files/4914/8793/7028/Jaarrekening_2015-2016_St_Aartsenfruit_Kids_Foundation.pdf', 0, 'Financieel overzicht', 'Financieel overzicht'),
(271, 33, 0, 0, 0, '', 0, '', ''),
(272, 33, 0, 0, 0, '', 0, '', ''),
(273, 33, 0, 0, 0, '', 0, '', ''),
(274, 33, 0, 0, 0, '', 0, '', ''),
(275, 33, 0, 0, 0, '', 0, '', ''),
(276, 33, 0, 0, 0, '', 0, '', ''),
(277, 33, 0, 0, 0, '', 0, '', ''),
(278, 33, 0, 0, 0, '', 0, '', ''),
(279, 33, 0, 0, 0, '', 0, '', ''),
(280, 33, 0, 0, 0, '', 0, '', ''),
(281, 33, 0, 0, 0, '', 0, '', ''),
(282, 33, 0, 0, 0, '', 0, '', ''),
(283, 33, 0, 0, 0, '', 0, '', ''),
(284, 33, 0, 0, 0, '', 0, '', ''),
(285, 33, 0, 0, 0, '', 0, '', 'Naam'),
(286, 33, 0, 0, 0, '', 0, '', 'Naam'),
(287, 33, 0, 0, 0, '', 0, '', 'Naam'),
(288, 33, 0, 0, 0, '', 0, '', 'Naam'),
(289, 33, 0, 0, 0, '', 0, '', 'Naam'),
(290, 33, 0, 0, 0, '', 0, '', 'Naam'),
(291, 33, 0, 0, 0, '', 0, '', 'Naam'),
(298, 38, 44, 0, 0, '', 236, 'Hoe het begon', 'Hoe het begon'),
(299, 39, 47, 0, 0, '', 237, 'Terugblik', 'Terugblik'),
(300, 38, 44, 0, 0, '', 236, 'Hoe het begon', 'Hoe het begon'),
(301, 41, 46, 0, 0, 'http://aartsenfruit-kids-foundation.dev/application/files/4914/8793/7028/Jaarrekening_2015-2016_St_Aartsenfruit_Kids_Foundation.pdf', 0, 'Financieel overzicht', 'Financieel overzicht'),
(302, 40, 45, 0, 0, 'http://aartsenfruit-kids-foundation.dev/application/files/9414/8793/7028/Beleidsplan-AKF.pdf', 0, 'Beleidsplan', 'Beleidsplan'),
(319, 48, 0, 0, 0, '', 0, '', ''),
(321, 49, 0, 0, 0, '', 0, '', ''),
(324, 32, 0, 0, 0, '', 0, '', '');

-- --------------------------------------------------------

--
-- Tabelstructuur voor tabel `btContentLocal`
--

CREATE TABLE `btContentLocal` (
  `bID` int(10) UNSIGNED NOT NULL,
  `content` longtext COLLATE utf8_unicode_ci
) ENGINE=InnoDB DEFAULT CHARSET=utf8 COLLATE=utf8_unicode_ci;

--
-- Gegevens worden geëxporteerd voor tabel `btContentLocal`
--

INSERT INTO `btContentLocal` (`bID`, `content`) VALUES
(1, '<div style="padding: 40px; text-align: center">\n<iframe width="853" height="480" src="//www.youtube.com/embed/VB-R71zk06U" frameborder="0" allowfullscreen></iframe>\n                                    </div>'),
(19, '\n                                                    <p><a href="{CCM:CID_175}" style="background-color: rgb(255, 255, 255);"><i class="fa fa-arrow-left"></i> Back to Careers</a></p>'),
(20, '<h3>Department</h3>'),
(22, '<h3>Location</h3>'),
(24, '<h3>Job Information</h3>'),
(26, '\n                                                    <br/><br/>'),
(43, '\n                                    <p>1234 SE StreetView</p><p>Suite 301</p><p>Portland, OR 98101</p><p><a href="{CCM:CID_161}">View on Google Maps</a></p>'),
(44, '\n                                    <p>© 2016 Elemental Theme</p>'),
(45, '\n                                    \n                                    <p><a href="{CCM:CID_176}">FAQ / Help</a></p>\n                                    <p><a href="{CCM:CID_156}">Case Studies</a></p>\n                                    <p><a href="{CCM:CID_159}">Blog</a></p>\n                                    <p><a href="{CCM:CID_1}">Another Link</a></p>\n                                    '),
(46, '<a href="{CCM:CID_1}" id="footer-site-title">Elemental</a>'),
(50, '<a href="{CCM:CID_1}" id="header-site-title">Elemental</a>'),
(57, '<p style="text-align: center"><span class="title-caps-bold">Presenting your Business has never been so easy</span></p><p style="text-align: center;">Pellentesque ultricies ligula vel neque dictum, eu mollis tortor adipiscing.</p><p style="text-align: center;">Etiam congue, est vel tincidunt vestibulum, nunc nunc porta nulla, at adipiscing neque tellus quis urna. </p>'),
(61, '<h5>Latest Blog Post</h5>'),
(62, '<h5>Now Open For Business</h5>'),
(66, '<p>  <span class="title-thin">We specialize in making your concepts a reality.</span>  </p>  <p>    Sed cursus facilisis dignissim. Aliquam rhoncus enim et pellentesque varius. Nulla sodales nibh lorem, sit amet imperdiet arcu commodo sit amet. Mauris sed scelerisque nisl. Ut auctor ipsum tellus, vel viverra massa elementum sit amet.  </p>  <p>    Sed adipiscing tempus sem eu molestie. Aenean laoreet pretium ante vitae ultrices. Aenean eu gravida magna, vel aliquet magna. In auctor convallis gravida.<br>  </p>  <br/>  <p>  <a href="{CCM:CID_161}"><span class="btn btn-success">Contact Us Today</span></a>  </p>'),
(67, '<p style="text-align: center"><span class="title-caps">Customizable footer area with accent class.</span></p>'),
(76, '<h3>Awesome Features</h3><p>Curabitur sagittis elementum felis at sodales. Nullam fermentum at urna quis accumsan. Nam bibendum leo nisi, lacinia molestie arcu consequat quis. Morbi at suscipit risus. Sed consequat eleifend metus, vitae malesuada eros elementum sed. </p><h3>Guide Books</h3><p>Fusce risus felis, viverra et dignissim at, lobortis non est. Lorem ipsum dolor sit amet, consectetur adipiscing elit. Nullam sit amet consectetur lacus. Vestibulum neque lectus, egestas non cursus vitae, aliquam at magna. Etiam aliquam, justo et varius eleifend, dui lectus egestas nunc, vel malesuada nisl purus nec metus. </p><h3>Admin Accounts</h3><p>Fusce risus felis, viverra et dignissim at, lobortis non est. Lorem ipsum dolor sit amet, consectetur adipiscing elit. Nullam sit amet consectetur lacus. Vestibulum neque lectus, egestas non cursus vitae, aliquam at magna. Etiam aliquam, justo et varius eleifend, dui lectus egestas nunc, vel malesuada nisl purus nec metus. </p>'),
(77, '<h3>Support</h3><p>Curabitur sagittis elementum felis at sodales. Nullam fermentum at urna quis accumsan. Nam bibendum leo nisi, lacinia molestie arcu consequat quis. Morbi at suscipit risus. Sed consequat eleifend metus, vitae malesuada eros elementum sed. </p><h3>Additional Options</h3><p>Fusce risus felis, viverra et dignissim at, lobortis non est. Lorem ipsum dolor sit amet, consectetur adipiscing elit. Nullam sit amet consectetur lacus. Vestibulum neque lectus, egestas non cursus vitae, aliquam at magna. </p><p>Etiam aliquam, justo et varius eleifend, dui lectus egestas nunc, vel malesuada nisl purus nec metus. In gravida turpis a pharetra commodo. Donec non turpis vulputate, faucibus metus a, consectetur nunc. Morbi tortor nisi, hendrerit sed laoreet eget, fermentum et justo. Suspendisse potenti.</p>'),
(78, '<p style="text-align: center"><span class="title-caps">What Clients Are Saying About Us</span></p>'),
(85, '<blockquote>Lorem ipsum dolor sit amet, consectetur adipiscing elit. Morbi tempus nibh a laoreet cursus. Phasellus malesuada vulputate bibendum. Ut vitae justo nisi. Sed consectetur vestibulum tortor, in bibendum diam lacinia vitae. Nullam volutpat risus quis orci consectetur adipiscing. In commodo vulputate arcu sit amet ornare. Vivamus ut iaculis velit.</blockquote><p>Pellentesque euismod lacus sed accumsan luctus. Suspendisse urna felis, lacinia vel tempor id, ultricies rutrum nisl. Nunc ultrices nulla et bibendum molestie. Phasellus porttitor sit amet libero vel fermentum. Sed sapien risus, eleifend vel hendrerit eu, porta vel tellus. Duis faucibus odio et magna varius, quis accumsan tellus vestibulum. Nam nunc nulla, convallis at elementum pharetra, adipiscing quis enim. Donec feugiat porttitor dolor, nec porttitor mi auctor eget. Fusce iaculis varius diam non dictum. Fusce elementum a nunc vel tincidunt. Morbi nec est elementum, vehicula odio nec, lobortis lacus. Nulla ultricies vitae nunc ut lacinia. Proin mattis felis sem, eu consectetur arcu varius et. Duis at lectus eu lorem elementum aliquet nec in elit. Vestibulum non metus ac risus adipiscing pellentesque sed sit amet lorem. Donec viverra, metus in varius pulvinar, augue nunc accumsan eros, a pulvinar est elit vitae nulla.</p><p>Duis non leo in enim laoreet pretium. Nullam vitae neque nec libero pharetra tempor at faucibus lectus. Cum sociis natoque penatibus et magnis dis parturient montes, nascetur ridiculus mus. Sed imperdiet convallis arcu. Nam sollicitudin sollicitudin lacus non dictum. Aliquam erat volutpat. Nulla sapien quam, consequat non dui ut, eleifend sodales orci. Praesent quis lorem accumsan, volutpat lectus a, sollicitudin erat. Donec faucibus mi in sapien volutpat, ac auctor lorem mollis. Proin eget turpis non lacus bibendum porta non ac justo. Aliquam aliquam viverra lorem ac rutrum. In et sapien sit amet diam vestibulum cursus ut tristique tellus.</p><p>Ut in purus mi. Etiam ac aliquet ipsum. Pellentesque faucibus diam dui. Morbi a semper orci. Ut nec malesuada urna. Vestibulum aliquet ante ac lacus dictum, sit amet pulvinar leo laoreet. Maecenas ut est commodo, commodo quam nec, dignissim est. Quisque rutrum molestie nunc, sed mollis nulla volutpat et. Donec dignissim ornare augue eu aliquam. Aliquam in tincidunt velit. In at fermentum mauris, ut accumsan nisl. Interdum et malesuada fames ac ante ipsum primis in faucibus.</p><p>Integer ac nulla at nisi sodales ullamcorper id in justo. Cum sociis natoque penatibus et magnis dis parturient montes, nascetur ridiculus mus. Etiam pharetra elit odio, ac mattis turpis consequat ac. Pellentesque tincidunt sed enim nec auctor. Quisque varius, felis a hendrerit faucibus, nunc lorem varius nibh, vel dignissim velit dolor ut elit. Mauris ut vulputate neque. Donec at est vitae massa egestas fringilla. Praesent a tristique nibh. Nunc blandit dui risus, quis rhoncus nisi consectetur vel.</p>'),
(87, '<blockquote>Lorem ipsum dolor sit amet, consectetur adipiscing elit. Morbi tempus nibh a laoreet cursus. Phasellus malesuada vulputate bibendum. Ut vitae justo nisi. Sed consectetur vestibulum tortor, in bibendum diam lacinia vitae. Nullam volutpat risus quis orci consectetur adipiscing. In commodo vulputate arcu sit amet ornare. Vivamus ut iaculis velit.</blockquote><p>Pellentesque euismod lacus sed accumsan luctus. Suspendisse urna felis, lacinia vel tempor id, ultricies rutrum nisl. Nunc ultrices nulla et bibendum molestie. Phasellus porttitor sit amet libero vel fermentum. Sed sapien risus, eleifend vel hendrerit eu, porta vel tellus. Duis faucibus odio et magna varius, quis accumsan tellus vestibulum. Nam nunc nulla, convallis at elementum pharetra, adipiscing quis enim. Donec feugiat porttitor dolor, nec porttitor mi auctor eget. Fusce iaculis varius diam non dictum. Fusce elementum a nunc vel tincidunt. Morbi nec est elementum, vehicula odio nec, lobortis lacus. Nulla ultricies vitae nunc ut lacinia. Proin mattis felis sem, eu consectetur arcu varius et. Duis at lectus eu lorem elementum aliquet nec in elit. Vestibulum non metus ac risus adipiscing pellentesque sed sit amet lorem. Donec viverra, metus in varius pulvinar, augue nunc accumsan eros, a pulvinar est elit vitae nulla.</p><p>Duis non leo in enim laoreet pretium. Nullam vitae neque nec libero pharetra tempor at faucibus lectus. Cum sociis natoque penatibus et magnis dis parturient montes, nascetur ridiculus mus. Sed imperdiet convallis arcu. Nam sollicitudin sollicitudin lacus non dictum. Aliquam erat volutpat. Nulla sapien quam, consequat non dui ut, eleifend sodales orci. Praesent quis lorem accumsan, volutpat lectus a, sollicitudin erat. Donec faucibus mi in sapien volutpat, ac auctor lorem mollis. Proin eget turpis non lacus bibendum porta non ac justo. Aliquam aliquam viverra lorem ac rutrum. In et sapien sit amet diam vestibulum cursus ut tristique tellus.</p><p>Ut in purus mi. Etiam ac aliquet ipsum. Pellentesque faucibus diam dui. Morbi a semper orci. Ut nec malesuada urna. Vestibulum aliquet ante ac lacus dictum, sit amet pulvinar leo laoreet. Maecenas ut est commodo, commodo quam nec, dignissim est. Quisque rutrum molestie nunc, sed mollis nulla volutpat et. Donec dignissim ornare augue eu aliquam. Aliquam in tincidunt velit. In at fermentum mauris, ut accumsan nisl. Interdum et malesuada fames ac ante ipsum primis in faucibus.</p><p>Integer ac nulla at nisi sodales ullamcorper id in justo. Cum sociis natoque penatibus et magnis dis parturient montes, nascetur ridiculus mus. Etiam pharetra elit odio, ac mattis turpis consequat ac. Pellentesque tincidunt sed enim nec auctor. Quisque varius, felis a hendrerit faucibus, nunc lorem varius nibh, vel dignissim velit dolor ut elit. Mauris ut vulputate neque. Donec at est vitae massa egestas fringilla. Praesent a tristique nibh. Nunc blandit dui risus, quis rhoncus nisi consectetur vel.</p>'),
(89, '<blockquote>Lorem ipsum dolor sit amet, consectetur adipiscing elit. Morbi tempus nibh a laoreet cursus. Phasellus malesuada vulputate bibendum. Ut vitae justo nisi. Sed consectetur vestibulum tortor, in bibendum diam lacinia vitae. Nullam volutpat risus quis orci consectetur adipiscing. In commodo vulputate arcu sit amet ornare. Vivamus ut iaculis velit.</blockquote><p>Pellentesque euismod lacus sed accumsan luctus. Suspendisse urna felis, lacinia vel tempor id, ultricies rutrum nisl. Nunc ultrices nulla et bibendum molestie. Phasellus porttitor sit amet libero vel fermentum. Sed sapien risus, eleifend vel hendrerit eu, porta vel tellus. Duis faucibus odio et magna varius, quis accumsan tellus vestibulum. Nam nunc nulla, convallis at elementum pharetra, adipiscing quis enim. Donec feugiat porttitor dolor, nec porttitor mi auctor eget. Fusce iaculis varius diam non dictum. Fusce elementum a nunc vel tincidunt. Morbi nec est elementum, vehicula odio nec, lobortis lacus. Nulla ultricies vitae nunc ut lacinia. Proin mattis felis sem, eu consectetur arcu varius et. Duis at lectus eu lorem elementum aliquet nec in elit. Vestibulum non metus ac risus adipiscing pellentesque sed sit amet lorem. Donec viverra, metus in varius pulvinar, augue nunc accumsan eros, a pulvinar est elit vitae nulla.</p><p>Duis non leo in enim laoreet pretium. Nullam vitae neque nec libero pharetra tempor at faucibus lectus. Cum sociis natoque penatibus et magnis dis parturient montes, nascetur ridiculus mus. Sed imperdiet convallis arcu. Nam sollicitudin sollicitudin lacus non dictum. Aliquam erat volutpat. Nulla sapien quam, consequat non dui ut, eleifend sodales orci. Praesent quis lorem accumsan, volutpat lectus a, sollicitudin erat. Donec faucibus mi in sapien volutpat, ac auctor lorem mollis. Proin eget turpis non lacus bibendum porta non ac justo. Aliquam aliquam viverra lorem ac rutrum. In et sapien sit amet diam vestibulum cursus ut tristique tellus.</p><p>Ut in purus mi. Etiam ac aliquet ipsum. Pellentesque faucibus diam dui. Morbi a semper orci. Ut nec malesuada urna. Vestibulum aliquet ante ac lacus dictum, sit amet pulvinar leo laoreet. Maecenas ut est commodo, commodo quam nec, dignissim est. Quisque rutrum molestie nunc, sed mollis nulla volutpat et. Donec dignissim ornare augue eu aliquam. Aliquam in tincidunt velit. In at fermentum mauris, ut accumsan nisl. Interdum et malesuada fames ac ante ipsum primis in faucibus.</p><p>Integer ac nulla at nisi sodales ullamcorper id in justo. Cum sociis natoque penatibus et magnis dis parturient montes, nascetur ridiculus mus. Etiam pharetra elit odio, ac mattis turpis consequat ac. Pellentesque tincidunt sed enim nec auctor. Quisque varius, felis a hendrerit faucibus, nunc lorem varius nibh, vel dignissim velit dolor ut elit. Mauris ut vulputate neque. Donec at est vitae massa egestas fringilla. Praesent a tristique nibh. Nunc blandit dui risus, quis rhoncus nisi consectetur vel.</p>'),
(91, '<blockquote>Lorem ipsum dolor sit amet, consectetur adipiscing elit. Morbi tempus nibh a laoreet cursus. Phasellus malesuada vulputate bibendum. Ut vitae justo nisi. Sed consectetur vestibulum tortor, in bibendum diam lacinia vitae. Nullam volutpat risus quis orci consectetur adipiscing. In commodo vulputate arcu sit amet ornare. Vivamus ut iaculis velit.</blockquote><p>Pellentesque euismod lacus sed accumsan luctus. Suspendisse urna felis, lacinia vel tempor id, ultricies rutrum nisl. Nunc ultrices nulla et bibendum molestie. Phasellus porttitor sit amet libero vel fermentum. Sed sapien risus, eleifend vel hendrerit eu, porta vel tellus. Duis faucibus odio et magna varius, quis accumsan tellus vestibulum. Nam nunc nulla, convallis at elementum pharetra, adipiscing quis enim. Donec feugiat porttitor dolor, nec porttitor mi auctor eget. Fusce iaculis varius diam non dictum. Fusce elementum a nunc vel tincidunt. Morbi nec est elementum, vehicula odio nec, lobortis lacus. Nulla ultricies vitae nunc ut lacinia. Proin mattis felis sem, eu consectetur arcu varius et. Duis at lectus eu lorem elementum aliquet nec in elit. Vestibulum non metus ac risus adipiscing pellentesque sed sit amet lorem. Donec viverra, metus in varius pulvinar, augue nunc accumsan eros, a pulvinar est elit vitae nulla.</p><p>Duis non leo in enim laoreet pretium. Nullam vitae neque nec libero pharetra tempor at faucibus lectus. Cum sociis natoque penatibus et magnis dis parturient montes, nascetur ridiculus mus. Sed imperdiet convallis arcu. Nam sollicitudin sollicitudin lacus non dictum. Aliquam erat volutpat. Nulla sapien quam, consequat non dui ut, eleifend sodales orci. Praesent quis lorem accumsan, volutpat lectus a, sollicitudin erat. Donec faucibus mi in sapien volutpat, ac auctor lorem mollis. Proin eget turpis non lacus bibendum porta non ac justo. Aliquam aliquam viverra lorem ac rutrum. In et sapien sit amet diam vestibulum cursus ut tristique tellus.</p><p>Ut in purus mi. Etiam ac aliquet ipsum. Pellentesque faucibus diam dui. Morbi a semper orci. Ut nec malesuada urna. Vestibulum aliquet ante ac lacus dictum, sit amet pulvinar leo laoreet. Maecenas ut est commodo, commodo quam nec, dignissim est. Quisque rutrum molestie nunc, sed mollis nulla volutpat et. Donec dignissim ornare augue eu aliquam. Aliquam in tincidunt velit. In at fermentum mauris, ut accumsan nisl. Interdum et malesuada fames ac ante ipsum primis in faucibus.</p><p>Integer ac nulla at nisi sodales ullamcorper id in justo. Cum sociis natoque penatibus et magnis dis parturient montes, nascetur ridiculus mus. Etiam pharetra elit odio, ac mattis turpis consequat ac. Pellentesque tincidunt sed enim nec auctor. Quisque varius, felis a hendrerit faucibus, nunc lorem varius nibh, vel dignissim velit dolor ut elit. Mauris ut vulputate neque. Donec at est vitae massa egestas fringilla. Praesent a tristique nibh. Nunc blandit dui risus, quis rhoncus nisi consectetur vel.</p>'),
(93, '<blockquote>Lorem ipsum dolor sit amet, consectetur adipiscing elit. Morbi tempus nibh a laoreet cursus. Phasellus malesuada vulputate bibendum. Ut vitae justo nisi. Sed consectetur vestibulum tortor, in bibendum diam lacinia vitae. Nullam volutpat risus quis orci consectetur adipiscing. In commodo vulputate arcu sit amet ornare. Vivamus ut iaculis velit.</blockquote><p>Pellentesque euismod lacus sed accumsan luctus. Suspendisse urna felis, lacinia vel tempor id, ultricies rutrum nisl. Nunc ultrices nulla et bibendum molestie. Phasellus porttitor sit amet libero vel fermentum. Sed sapien risus, eleifend vel hendrerit eu, porta vel tellus. Duis faucibus odio et magna varius, quis accumsan tellus vestibulum. Nam nunc nulla, convallis at elementum pharetra, adipiscing quis enim. Donec feugiat porttitor dolor, nec porttitor mi auctor eget. Fusce iaculis varius diam non dictum. Fusce elementum a nunc vel tincidunt. Morbi nec est elementum, vehicula odio nec, lobortis lacus. Nulla ultricies vitae nunc ut lacinia. Proin mattis felis sem, eu consectetur arcu varius et. Duis at lectus eu lorem elementum aliquet nec in elit. Vestibulum non metus ac risus adipiscing pellentesque sed sit amet lorem. Donec viverra, metus in varius pulvinar, augue nunc accumsan eros, a pulvinar est elit vitae nulla.</p><p>Duis non leo in enim laoreet pretium. Nullam vitae neque nec libero pharetra tempor at faucibus lectus. Cum sociis natoque penatibus et magnis dis parturient montes, nascetur ridiculus mus. Sed imperdiet convallis arcu. Nam sollicitudin sollicitudin lacus non dictum. Aliquam erat volutpat. Nulla sapien quam, consequat non dui ut, eleifend sodales orci. Praesent quis lorem accumsan, volutpat lectus a, sollicitudin erat. Donec faucibus mi in sapien volutpat, ac auctor lorem mollis. Proin eget turpis non lacus bibendum porta non ac justo. Aliquam aliquam viverra lorem ac rutrum. In et sapien sit amet diam vestibulum cursus ut tristique tellus.</p><p>Ut in purus mi. Etiam ac aliquet ipsum. Pellentesque faucibus diam dui. Morbi a semper orci. Ut nec malesuada urna. Vestibulum aliquet ante ac lacus dictum, sit amet pulvinar leo laoreet. Maecenas ut est commodo, commodo quam nec, dignissim est. Quisque rutrum molestie nunc, sed mollis nulla volutpat et. Donec dignissim ornare augue eu aliquam. Aliquam in tincidunt velit. In at fermentum mauris, ut accumsan nisl. Interdum et malesuada fames ac ante ipsum primis in faucibus.</p><p>Integer ac nulla at nisi sodales ullamcorper id in justo. Cum sociis natoque penatibus et magnis dis parturient montes, nascetur ridiculus mus. Etiam pharetra elit odio, ac mattis turpis consequat ac. Pellentesque tincidunt sed enim nec auctor. Quisque varius, felis a hendrerit faucibus, nunc lorem varius nibh, vel dignissim velit dolor ut elit. Mauris ut vulputate neque. Donec at est vitae massa egestas fringilla. Praesent a tristique nibh. Nunc blandit dui risus, quis rhoncus nisi consectetur vel.</p>'),
(95, '<blockquote>Lorem ipsum dolor sit amet, consectetur adipiscing elit. Morbi tempus nibh a laoreet cursus. Phasellus malesuada vulputate bibendum. Ut vitae justo nisi. Sed consectetur vestibulum tortor, in bibendum diam lacinia vitae. Nullam volutpat risus quis orci consectetur adipiscing. In commodo vulputate arcu sit amet ornare. Vivamus ut iaculis velit.</blockquote><p>Pellentesque euismod lacus sed accumsan luctus. Suspendisse urna felis, lacinia vel tempor id, ultricies rutrum nisl. Nunc ultrices nulla et bibendum molestie. Phasellus porttitor sit amet libero vel fermentum. Sed sapien risus, eleifend vel hendrerit eu, porta vel tellus. Duis faucibus odio et magna varius, quis accumsan tellus vestibulum. Nam nunc nulla, convallis at elementum pharetra, adipiscing quis enim. Donec feugiat porttitor dolor, nec porttitor mi auctor eget. Fusce iaculis varius diam non dictum. Fusce elementum a nunc vel tincidunt. Morbi nec est elementum, vehicula odio nec, lobortis lacus. Nulla ultricies vitae nunc ut lacinia. Proin mattis felis sem, eu consectetur arcu varius et. Duis at lectus eu lorem elementum aliquet nec in elit. Vestibulum non metus ac risus adipiscing pellentesque sed sit amet lorem. Donec viverra, metus in varius pulvinar, augue nunc accumsan eros, a pulvinar est elit vitae nulla.</p><p>Duis non leo in enim laoreet pretium. Nullam vitae neque nec libero pharetra tempor at faucibus lectus. Cum sociis natoque penatibus et magnis dis parturient montes, nascetur ridiculus mus. Sed imperdiet convallis arcu. Nam sollicitudin sollicitudin lacus non dictum. Aliquam erat volutpat. Nulla sapien quam, consequat non dui ut, eleifend sodales orci. Praesent quis lorem accumsan, volutpat lectus a, sollicitudin erat. Donec faucibus mi in sapien volutpat, ac auctor lorem mollis. Proin eget turpis non lacus bibendum porta non ac justo. Aliquam aliquam viverra lorem ac rutrum. In et sapien sit amet diam vestibulum cursus ut tristique tellus.</p><p>Ut in purus mi. Etiam ac aliquet ipsum. Pellentesque faucibus diam dui. Morbi a semper orci. Ut nec malesuada urna. Vestibulum aliquet ante ac lacus dictum, sit amet pulvinar leo laoreet. Maecenas ut est commodo, commodo quam nec, dignissim est. Quisque rutrum molestie nunc, sed mollis nulla volutpat et. Donec dignissim ornare augue eu aliquam. Aliquam in tincidunt velit. In at fermentum mauris, ut accumsan nisl. Interdum et malesuada fames ac ante ipsum primis in faucibus.</p><p>Integer ac nulla at nisi sodales ullamcorper id in justo. Cum sociis natoque penatibus et magnis dis parturient montes, nascetur ridiculus mus. Etiam pharetra elit odio, ac mattis turpis consequat ac. Pellentesque tincidunt sed enim nec auctor. Quisque varius, felis a hendrerit faucibus, nunc lorem varius nibh, vel dignissim velit dolor ut elit. Mauris ut vulputate neque. Donec at est vitae massa egestas fringilla. Praesent a tristique nibh. Nunc blandit dui risus, quis rhoncus nisi consectetur vel.</p>'),
(111, '\n                                                    <p class="title-thin">Get in Touch</p><p>Sed cursus facilisis dignissim. Aliquam rhoncus enim et pellentesque varius. Nulla sodales nibh lorem, sit amet imperdiet arcu commodo sit amet.<br><br></p><p><a class="btn btn-success" href="{CCM:CID_161}">Contact Us</a></p>'),
(113, '<blockquote>Fusce volutpat sodales mauris quis dapibus. Maecenas convallis, libero eu ultrices interdum, leo mauris commodo diam, sed cursus sapien ligula nec leo.</blockquote><p>Curabitur sagittis elementum felis at sodales. Nullam fermentum at urna quis accumsan. Nam bibendum leo nisi, lacinia molestie arcu consequat quis. Morbi at suscipit risus. Sed consequat eleifend metus, vitae malesuada eros elementum sed. Fusce risus felis, viverra et dignissim at, lobortis non est. Lorem ipsum dolor sit amet, consectetur adipiscing elit. Nullam sit amet consectetur lacus. Vestibulum neque lectus, egestas non cursus vitae, aliquam at magna. Etiam aliquam, justo et varius eleifend, dui lectus egestas nunc, vel malesuada nisl purus nec metus. In gravida turpis a pharetra commodo. Donec non turpis vulputate, faucibus metus a, consectetur nunc. Morbi tortor nisi, hendrerit sed laoreet eget, fermentum et justo. Suspendisse potenti.</p><p><a href="{CCM:FID_DL_2}" data-concrete5-link-lightbox="image"><concrete-picture fid="2" /></a></p><h2>Heading 2</h2><p>Curabitur sagittis elementum felis at sodales. Nullam fermentum at urna quis accumsan. Nam bibendum leo nisi, lacinia molestie arcu consequat quis. Morbi at suscipit risus. Sed consequat eleifend metus, vitae malesuada eros elementum sed. Fusce risus felis, viverra et dignissim at, lobortis non est. Lorem ipsum dolor sit amet, consectetur adipiscing elit. Nullam sit amet consectetur lacus. Vestibulum neque lectus, egestas non cursus vitae, aliquam at magna. Etiam aliquam, justo et varius eleifend, dui lectus egestas nunc, vel malesuada nisl purus nec metus. In gravida turpis a pharetra commodo. Donec non turpis vulputate, faucibus metus a, consectetur nunc. Morbi tortor nisi, hendrerit sed laoreet eget, fermentum et justo. Suspendisse potenti.</p><h3>Heading 3</h3><p>Pellentesque ultricies ligula vel neque dictum, eu mollis tortor adipiscing. Etiam congue, est vel tincidunt vestibulum, nunc nunc porta nulla, at adipiscing neque tellus quis urna. Quisque dignissim neque a ipsum sodales, mattis aliquam ante dictum. Vestibulum elementum pellentesque tortor ac congue. Mauris vel nibh id metus tincidunt eleifend. In interdum gravida ligula, at venenatis odio fermentum at. Donec dapibus enim lectus, quis venenatis tellus volutpat in. Nullam in velit tortor.</p><h3>Heading 3</h3><p>Donec blandit lectus nec neque ullamcorper rhoncus. Sed adipiscing tempus sem eu molestie. Aenean laoreet pretium ante vitae ultrices. Aenean eu gravida magna, vel aliquet magna. In auctor convallis gravida. Phasellus est erat, adipiscing nec lobortis quis, eleifend at sem. Curabitur fringilla viverra dolor, in rutrum ipsum rutrum sit amet. Vestibulum feugiat porttitor ipsum vel condimentum. Suspendisse at tempus libero. Sed eu tempor enim. Etiam convallis eleifend rutrum. Donec porta diam quis tellus feugiat dignissim. Cras posuere, massa eget laoreet laoreet, urna libero lobortis dolor, sed consequat elit urna eget massa. Donec aliquet pellentesque consectetur.</p>'),
(115, '<p>Curabitur sagittis elementum felis at sodales. Nullam fermentum at urna quis accumsan. Nam bibendum leo nisi, lacinia molestie arcu consequat quis. Morbi at suscipit risus. Sed consequat eleifend metus, vitae malesuada eros elementum sed. Fusce risus felis, viverra et dignissim at, lobortis non est. Lorem ipsum dolor sit amet, consectetur adipiscing elit. </p><p><span class="title-thin">CMS To the Rescue!</span></p><p>Nullam sit amet consectetur lacus. Vestibulum neque lectus, egestas non cursus vitae, aliquam at magna. Etiam aliquam, justo et varius eleifend, dui lectus egestas nunc, vel malesuada nisl purus nec metus. In gravida turpis a pharetra commodo. Donec non turpis vulputate, faucibus metus a, consectetur nunc. Morbi tortor nisi, hendrerit sed laoreet eget, fermentum et justo. Suspendisse potenti.</p><p><a href="http://www.concrete5.org">Learn more at concrete5.org </a><br></p>'),
(117, '<p>Curabitur sagittis elementum felis at sodales. Nullam fermentum at urna quis accumsan. Nam bibendum leo nisi, lacinia molestie arcu consequat quis. Morbi at suscipit risus. Sed consequat eleifend metus, vitae malesuada eros elementum sed. Fusce risus felis, viverra et dignissim at, lobortis non est. Lorem ipsum dolor sit amet, consectetur adipiscing elit. Nullam sit amet consectetur lacus. Vestibulum neque lectus, egestas non cursus vitae, aliquam at magna. Etiam aliquam, justo et varius eleifend, dui lectus egestas nunc, vel malesuada nisl purus nec metus. In gravida turpis a pharetra commodo. Donec non turpis vulputate, faucibus metus a, consectetur nunc. Morbi tortor nisi, hendrerit sed laoreet eget, fermentum et justo. Suspendisse potenti.</p><p><span class="title-caps-bold">Heading 3</span></p><p>Pellentesque ultricies ligula vel neque dictum, eu mollis tortor adipiscing. Etiam congue, est vel tincidunt vestibulum, nunc nunc porta nulla, at adipiscing neque tellus quis urna. Quisque dignissim neque a ipsum sodales, mattis aliquam ante dictum. Vestibulum elementum pellentesque tortor ac congue. Mauris vel nibh id metus tincidunt eleifend. In interdum gravida ligula, at venenatis odio fermentum at. Donec dapibus enim lectus, quis venenatis tellus volutpat in. Nullam in velit tortor.</p><p><a href="{CCM:FID_DL_11}" data-concrete5-link-lightbox="image"><concrete-picture fid="11" /></a></p><p><span class="image-caption">Look at my beautiful image. Don''t you to look more?</span></p><p>Pellentesque ultricies ligula vel neque dictum, eu mollis tortor adipiscing. Etiam congue, est vel tincidunt vestibulum, nunc nunc porta nulla, at adipiscing neque tellus quis urna. Quisque dignissim neque a ipsum sodales, mattis aliquam ante dictum. Vestibulum elementum pellentesque tortor ac congue. Mauris vel nibh id metus tincidunt eleifend. In interdum gravida ligula, at venenatis odio fermentum at. Donec dapibus enim lectus, quis venenatis tellus volutpat in. Nullam in velit tortor.</p>'),
(122, '\n                                                    <h5>Headquarters</h5><p>1234 SE Street View<br>Suite 301<br>Portland, OR 98101</p><h5>HOURS</h5><p> <strong>M-F</strong>:  10 AM - 7 PM<br><strong>Sat</strong>: Noon - Midnight<br><strong>Sun</strong>: Closed</p>'),
(126, '\n                                                    <h2>Choosing Us</h2><p>Pellentesque ultricies ligula vel neque dictum, eu mollis tortor adipiscing. Etiam congue, est vel tincidunt vestibulum, nunc nunc porta nulla, at adipiscing neque tellus quis urna. Quisque dignissim neque a ipsum sodales, mattis aliquam ante dictum. Vestibulum elementum pellentesque tortor ac congue. Mauris vel nibh id metus tincidunt eleifend. In interdum gravida ligula, at venenatis odio fermentum at. Donec dapibus enim lectus, quis venenatis tellus volutpat in. Nullam in velit tortor.</p>'),
(127, '<h5>We would love to hear from you!</h5>'),
(129, '<p>This is my empty content block on my blank page.</p>'),
(133, '\n                                                    <blockquote>Fusce volutpat sodales mauris quis dapibus. Maecenas convallis, libero eu ultrices interdum.</blockquote>'),
(134, '\n                                                    <p>Pellentesque ultricies ligula vel neque dictum, eu mollis tortor adipiscing. Etiam congue, est vel tincidunt vestibulum, nunc nunc porta nulla, at adipiscing neque tellus quis urna. </p><p><a href="http://www.yahoo.com">Quisque dignissim</a> neque a ipsum sodales, mattis aliquam ante dictum. Vestibulum elementum pellentesque tortor ac congue. Mauris vel nibh id metus tincidunt eleifend.</p>'),
(137, '\n                                                    <h1>Heading 1</h1><h2>Heading 2</h2><h3>Heading 3</h3><h4>Heading 4</h4><h5>Heading 5</h5><h6>Heading 6</h6>'),
(138, '\n                                                    <p>Curabitur sagittis elementum felis at sodales. Nullam fermentum at urna quis accumsan. Nam bibendum leo nisi, lacinia molestie arcu consequat quis. Morbi at suscipit risus. Sed consequat eleifend metus, vitae malesuada eros elementum sed. Fusce risus felis, viverra et dignissim at, lobortis non est. Lorem ipsum dolor sit amet, consectetur adipiscing elit. Nullam sit amet consectetur lacus. Vestibulum neque lectus, egestas non cursus vitae, aliquam at magna. Etiam aliquam, justo et varius eleifend, dui lectus egestas nunc, vel malesuada nisl purus nec metus. In gravida turpis a pharetra commodo. Donec non turpis vulputate, faucibus metus a, consectetur nunc. Morbi tortor nisi, hendrerit sed laoreet eget, fermentum et justo. Suspendisse potenti.<br><br><br></p>'),
(140, '\n                                                    <p><br><br>Curabitur sagittis elementum felis at sodales. Nullam fermentum at urna quis accumsan. Nam bibendum leo nisi, lacinia molestie arcu consequat quis. Morbi at suscipit risus. Sed consequat eleifend metus, vitae malesuada eros elementum sed. Fusce risus felis, viverra et dignissim at, lobortis non est. Lorem ipsum dolor sit amet, consectetur adipiscing elit. Nullam sit amet consectetur lacus. Vestibulum neque lectus, egestas non cursus vitae, aliquam at magna. Etiam aliquam, justo et varius eleifend, dui lectus egestas nunc, vel malesuada nisl purus nec metus. In gravida turpis a pharetra commodo. Donec non turpis vulputate, faucibus metus a, consectetur nunc. Morbi tortor nisi, hendrerit sed laoreet eget, fermentum et justo. Suspendisse potenti.</p>'),
(144, '\n                                                    <p class="title-thin">Get in Touch</p><p>Sed cursus facilisis dignissim. Aliquam rhoncus enim et pellentesque varius. Nulla sodales nibh lorem, sit amet imperdiet arcu commodo sit amet.<br><br></p><p><a class="btn btn-success" href="{CCM:CID_161}">Contact Us</a></p>'),
(147, '<div style="height: 50px"></div>'),
(157, '\n                                                    <div class="title-thin">Open Positions</div>'),
(159, '\n                                    <p>Quisque accumsan leo sit amet neque pretium consectetur. Sed blandit nulla at justo volutpat rhoncus. Sed risus orci, luctus sit amet fringilla faucibus, congue nec dui. Phasellus mattis lobortis magna sed dapibus. Donec sagittis nunc sed accumsan eleifend. Ut porttitor sapien eu nisl volutpat, vitae interdum est mollis. Sed laoreet sit amet elit in eleifend. Sed a tincidunt velit, nec posuere urna. In eget metus non est varius viverra. Quisque accumsan odio sem, in consequat nunc lobortis ac.</p><p>Cras dignissim nulla ut euismod adipiscing. Mauris non eros sem. Cras at lacinia nulla. Maecenas nec magna arcu. Aenean iaculis, augue sed pretium semper, odio tellus volutpat risus, quis consectetur nibh mauris ut odio. Integer convallis, augue a accumsan condimentum, sem nisl congue lorem, consectetur lacinia neque tortor eu neque. Aenean convallis arcu vitae enim dignissim vestibulum. Phasellus tincidunt dolor id enim gravida ullamcorper. Nullam ut lorem auctor, congue quam non, auctor arcu. Morbi ac aliquam ipsum, at aliquet ligula.</p><p>Cras adipiscing tellus non nulla suscipit congue. Pellentesque id neque euismod, elementum augue vel, volutpat turpis. Pellentesque sit amet tortor non lorem hendrerit pellentesque ac in nisi. Sed aliquet tincidunt arcu, eu lacinia lorem fringilla id. Integer ut ornare orci. Donec scelerisque vulputate est a condimentum. Morbi tellus sapien, vehicula vel ipsum non, luctus ullamcorper mi. Phasellus felis tortor, egestas quis felis sit amet, malesuada auctor nibh. Sed mollis mi sit amet tristique scelerisque. Cras elementum mauris urna, ullamcorper consectetur orci vehicula ut.</p>'),
(160, '\n                                    <p>Quisque accumsan leo sit amet neque pretium consectetur. Sed blandit nulla at justo volutpat rhoncus. Sed risus orci, luctus sit amet fringilla faucibus, congue nec dui. Phasellus mattis lobortis magna sed dapibus. Donec sagittis nunc sed accumsan eleifend. Ut porttitor sapien eu nisl volutpat, vitae interdum est mollis. Sed laoreet sit amet elit in eleifend. Sed a tincidunt velit, nec posuere urna. In eget metus non est varius viverra. Quisque accumsan odio sem, in consequat nunc lobortis ac.</p><p>Cras dignissim nulla ut euismod adipiscing. Mauris non eros sem. Cras at lacinia nulla. Maecenas nec magna arcu. Aenean iaculis, augue sed pretium semper, odio tellus volutpat risus, quis consectetur nibh mauris ut odio. Integer convallis, augue a accumsan condimentum, sem nisl congue lorem, consectetur lacinia neque tortor eu neque. Aenean convallis arcu vitae enim dignissim vestibulum. Phasellus tincidunt dolor id enim gravida ullamcorper. Nullam ut lorem auctor, congue quam non, auctor arcu. Morbi ac aliquam ipsum, at aliquet ligula.</p><p>Cras adipiscing tellus non nulla suscipit congue. Pellentesque id neque euismod, elementum augue vel, volutpat turpis. Pellentesque sit amet tortor non lorem hendrerit pellentesque ac in nisi. Sed aliquet tincidunt arcu, eu lacinia lorem fringilla id. Integer ut ornare orci. Donec scelerisque vulputate est a condimentum. Morbi tellus sapien, vehicula vel ipsum non, luctus ullamcorper mi. Phasellus felis tortor, egestas quis felis sit amet, malesuada auctor nibh. Sed mollis mi sit amet tristique scelerisque. Cras elementum mauris urna, ullamcorper consectetur orci vehicula ut.</p>'),
(166, '<h1>Ons gedachtegoed</h1>\r\n<p><br>\r\n</p>\r\n<p>Kinderen hebben het recht om te weten.\r\n</p>\r\n<p><br>\r\n</p>\r\n<p>AKF wil bereiken dat kinderen - de volwassenen van de toekomst - bewust worden in wat ze doen, in hoe ze omgaan met anderen én met zichzelf. Kinderen hebben het recht te weten hoe voeding, natuur en welzijn met elkaar verbonden zijn. Door in begrijpelijke kindertaal - zonder opgestoken wijsvinger - inzicht te geven in o.a. het belang van goede voeding en een gezonde levensstijl, kunnen ze later bewustere en daarmee betere keuzes maken voor zichzelf en hun omgeving.\r\n</p>\r\n<p><br>\r\n</p>\r\n<p>StOerGelukkig vertaalt zich naar de volgende Initiatieven.\r\n</p>'),
(176, '<p>Aartsenfruit Kids Foundation</p>'),
(177, '<p>Disclaimer</p>'),
(178, '<p><a href="{CCM:CID_203}">Aartsenfruit Kids Foundation</a>\r\n</p>'),
(179, '<p><a href="{CCM:CID_203}">Disclaimer</a></p>'),
(181, '<p><a href="{CCM:CID_203}">Aartsenfruit Kids Foundation</a>\r\n</p>'),
(182, '<p><a href="{CCM:CID_203}">Disclaimer</a>\r\n</p>'),
(183, '<p><a href="{CCM:CID_203}">Aartsenfruit Kids Foundation</a>\r\n</p>'),
(184, '<p><a href="{CCM:CID_203}">Disclaimer</a>\r\n</p>'),
(185, '<p><a href="{CCM:CID_203}">Aartsenfruit Kids Foundation</a>\r\n</p>'),
(186, '<p><a href="{CCM:CID_203}">Disclaimer</a>\r\n</p>'),
(187, '<p><a href="{CCM:CID_203}">Aartsenfruit Kids Foundation</a>\r\n</p>'),
(188, '<p><a href="{CCM:CID_203}">Disclaimer</a>\r\n</p>'),
(189, '<p><a href="{CCM:CID_203}">Disclaimer</a>\r\n</p>'),
(190, '<p><a href="{CCM:CID_203}">Aartsenfruit Kids Foundation</a>\r\n</p>'),
(191, '<p><a href="{CCM:CID_203}">Aartsenfruit Kids Foundation</a>\r\n</p>'),
(192, '<p><a href="{CCM:CID_203}">Disclaimer</a>\r\n</p>'),
(193, '<p><a href="{CCM:CID_203}">Disclaimer</a>\r\n</p>'),
(194, '<p><a href="{CCM:CID_203}">Aartsenfruit Kids Foundation</a>\r\n</p>'),
(195, '<p><a href="{CCM:CID_203}">Aartsenfruit Kids Foundation</a>\r\n</p>'),
(196, '<p><a href="{CCM:CID_203}">Disclaimer</a>\r\n</p>'),
(197, '<p><a href="{CCM:CID_203}">Disclaimer</a>\r\n</p>'),
(198, '<p><a href="{CCM:CID_203}">Aartsenfruit Kids Foundation</a>\r\n</p>'),
(199, '<p><a href="{CCM:CID_203}">Aartsenfruit Kids Foundation</a>\r\n</p>'),
(200, '<p><a href="{CCM:CID_203}">Disclaimer</a>\r\n</p>'),
(201, '<p><a href="{CCM:CID_203}">Disclaimer</a>\r\n</p>'),
(202, '<p><a href="{CCM:CID_203}">Aartsenfruit Kids Foundation</a>\r\n</p>'),
(203, '<p><a href="{CCM:CID_203}">Aartsenfruit Kids Foundation</a>\r\n</p>'),
(204, '<p><a href="{CCM:CID_203}">Disclaimer</a>\r\n</p>'),
(205, '<p>hgsdjhgsadsad</p>'),
(207, '<h1>ONS GEDACHTEGOED</h1><p>Kinderen hebben het recht om te weten.</p><p>AKF wil bereiken dat kinderen - de volwassenen van de toekomst - bewust worden in wat ze doen, in hoe ze omgaan met anderen én met zichzelf. Kinderen hebben het recht te weten hoe voeding, natuur en welzijn met elkaar verbonden zijn. Door in begrijpelijke kindertaal - zonder opgestoken wijsvinger - inzicht te geven in o.a. het belang van goede voeding en een gezonde levensstijl, kunnen ze later bewustere en daarmee betere keuzes maken voor zichzelf en hun omgeving.</p><p>StOerGelukkig vertaalt zich naar de volgende Initiatieven.</p>'),
(208, '<h1>ONS GEDACHTEGOED</h1><p>Kinderen hebben het recht om te weten.</p><p>AKF wil bereiken dat kinderen - de volwassenen van de toekomst - bewust worden in wat ze doen, in hoe ze omgaan met anderen én met zichzelf. Kinderen hebben het recht te weten hoe voeding, natuur en welzijn met elkaar verbonden zijn. Door in begrijpelijke kindertaal - zonder opgestoken wijsvinger - inzicht te geven in o.a. het belang van goede voeding en een gezonde levensstijl, kunnen ze later bewustere en daarmee betere keuzes maken voor zichzelf en hun omgeving.</p><p>StOerGelukkig vertaalt zich naar de volgende Initiatieven.</p>'),
(209, '<h1>ONS GEDACHTEGOED<br></h1><p><br></p><p>Kinderen hebben het recht om te weten.</p><p><br></p><p>AKF wil bereiken dat kinderen - de volwassenen van de toekomst - bewust worden in wat ze doen, in hoe ze omgaan met anderen én met zichzelf. Kinderen hebben het recht te weten hoe voeding, natuur en welzijn met elkaar verbonden zijn. Door in begrijpelijke kindertaal - zonder opgestoken wijsvinger - inzicht te geven in o.a. het belang van goede voeding en een gezonde levensstijl, kunnen ze later bewustere en daarmee betere keuzes maken voor zichzelf en hun omgeving.</p><p><br></p><p>StOerGelukkig vertaalt zich naar de volgende Initiatieven.</p>'),
(211, '<h2>Oog voor kinderen</h2><p><br></p><h3>Oprichting AKF </h3><p>Aartsenfruit Kids Foundation is ontstaan naar aanleiding van het honderdjarige jubileum van AGF importbedrijf Aartsenfruit BV. De stichting werd in 2007 opgericht door Jack en Hellen Aartsen en wordt gevormd door zeven enthousiaste bestuursleden en betrokken mensen die verbonden zijn met Aartsenfruit.</p><p><br></p><h3>Kinderen zijn onze toekomst </h3><p>Niet alleen terugblikken, maar vooral ook vooruit kijken naar de komende generaties: dat was ons motto ten tijde van dit feestelijke jubileumjaar. En dat is het nog altijd. Want kinderen zijn belangrijk en hebben recht op liefde en een goede ondergrond, waardoor ze later goed in het leven kunnen staan. Iets wat niet voor elk kind vanzelfsprekend is.<br></p><p><br></p><p data-redactor-inserted-image="true" style="text-align: center;"><concrete-picture fID="26" id="image-marker" /></p>'),
(212, '<h2>Hoe het begon</h2><p><br></p><h3>Helpende hand</h3><p>In de eerste jaren van haar bestaan was Aartsenfruit Kids Foundation vooral een ''doe-stichting''. Samen met de medewerkers van Aartsenfruit stak de AKF letterlijk de helpende hand uit naar die kinderen die een steuntje in de rug konden gebruiken.</p><p><br></p><h3>Hulpvragen</h3><p>Aan tientallen hulpaanvragen werd in de periode 2007 tot en met 2014 gehoor gegeven. We staken de handen uit de mouwen als er ergens iets opgeknapt moest worden. Of hielpen in materiële zin als een voorziening voor de ouders of een organisatie onmogelijk leek. Anno 2015 mogen we trots en tevreden terugkijken op de hulp en de oplossingen die we konden bieden.</p><p><br></p><h2>Nieuwe focus</h2><p><br></p><h3>Eigen projecten</h3><p>AKF heeft zich voor nu en de toekomst tot doel gesteld op een grotere schaal bij te dragen aan de gezondheid en het welzijn van kinderen in het algemeen. Om dit te kunnen realiseren is de focus van AKF verschoven - van directe hulp in goederen en diensten - naar het opzetten en uitvoeren van eigen projecten.</p><p><br></p><p data-redactor-inserted-image="true"><concrete-picture fID="17" id="image-marker" /></p><p data-redactor-inserted-image="true"><br></p><h3>stOerGelukkig</h3><p>De ambities van AKF kregen tijdens een periode van refocus verder vorm en inhoud en ontwikkelden zich tot het gedachtegoed ''stOerGelukkig''. Onder deze overkoepelende naam worden door AKF sinds 2015 diverse projecten geïnitieerd. </p>'),
(213, '<h2>Hoe het begon</h2>\r\n<p><br>\r\n</p>\r\n<h3>Helpende hand</h3>\r\n<p>In de eerste jaren van haar bestaan was Aartsenfruit Kids Foundation vooral een ''doe-stichting''. Samen met de medewerkers van Aartsenfruit stak de AKF letterlijk de helpende hand uit naar die kinderen die een steuntje in de rug konden gebruiken.\r\n</p>\r\n<p><br>\r\n</p>\r\n<h3>Hulpvragen</h3>\r\n<p>Aan tientallen hulpaanvragen werd in de periode 2007 tot en met 2014 gehoor gegeven. We staken de handen uit de mouwen als er ergens iets opgeknapt moest worden. Of hielpen in materiële zin als een voorziening voor de ouders of een organisatie onmogelijk leek. Anno 2015 mogen we trots en tevreden terugkijken op de hulp en de oplossingen die we konden bieden.\r\n</p>\r\n<p><br>\r\n</p>\r\n<h2>Nieuwe focus</h2>\r\n<p><br>\r\n</p>\r\n<h3>Eigen projecten</h3>\r\n<p>AKF heeft zich voor nu en de toekomst tot doel gesteld op een grotere schaal bij te dragen aan de gezondheid en het welzijn van kinderen in het algemeen. Om dit te kunnen realiseren is de focus van AKF verschoven - van directe hulp in goederen en diensten - naar het opzetten en uitvoeren van eigen projecten.\r\n</p>\r\n<p><br>\r\n</p>\r\n<p data-redactor-inserted-image="true"><concrete-picture fID="17" id="image-marker" alt="banner" style="display: block; margin: auto; width: 100%; height: auto;" />\r\n</p>\r\n<p data-redactor-inserted-image="true"><br>\r\n</p>\r\n<h3>stOerGelukkig</h3>\r\n<p>De ambities van AKF kregen tijdens een periode van refocus verder vorm en inhoud en ontwikkelden zich tot het gedachtegoed ''stOerGelukkig''. Onder deze overkoepelende naam worden door AKF sinds 2015 diverse projecten geïnitieerd.\r\n</p>'),
(214, '<p>Plaats hier de content</p>'),
(215, '<p>Plaats hier de content</p>'),
(216, '<p>Plaats hier de content</p>'),
(222, '<p>Steeds meer ouders hebben bij gebrek aan financiële middelen helaas niet de mogelijkheid om hun kinderen een verjaardagsfeestje te bieden. Soms dreigen kinderen hierdoor zelfs in een sociaal isolement te belanden. Het project ‘Kinderfeestjes’ is daarom gericht op die kinderen van 5 t/m 12 jaar waarvoor een kinderfeestje niet vanzelfsprekend is. Door middel van diverse leuke arrangementen maakt AKF een op de kinderwens afgestemd feestje weer mogelijk.</p>'),
(223, '<p>Steeds meer ouders hebben bij gebrek aan financiële middelen helaas niet de mogelijkheid om hun kinderen een verjaardagsfeestje te bieden. Soms dreigen kinderen hierdoor zelfs in een sociaal isolement te belanden. Het project ‘Kinderfeestjes’ is daarom gericht op die kinderen van 5 t/m 12 jaar waarvoor een kinderfeestje niet vanzelfsprekend is. Door middel van diverse leuke arrangementen maakt AKF een op de kinderwens afgestemd feestje weer mogelijk.</p><p><br></p><p data-redactor-inserted-image="true" style="text-align: center;"><concrete-picture fID="27" id="image-marker" /></p>'),
(224, '<p>Stichting Zomerkampen Breda organiseert vakantiekampen voor Bredase kinderen in de leeftijd van 6 t/m 16 jaar. Door voor de kinderen een onvergetelijke vakantie te organiseren, wil SZB bevorderen dat zij tot maximale ontplooiing kunnen komen. AKF sponsort de deelname van kinderen met minder financiële middelen die zich via de Voedselbank en BredaPas aanmelden. Jaarlijks staat AKF voor de deelname van circa 120 kinderen garant. Ook zorgt AKF voor een gezonde bijdrage door de sponsoring van groente en fruit.\r\n</p><p><br></p><p data-redactor-inserted-image="true" style="text-align: center;"><concrete-picture fID="28" id="image-marker" /></p>'),
(225, '<p>AKF is een samenwerking aangegaan met stichting Happy Hippo. Deze stichting richt zich op kinderen in de leeftijd van 1 tot en met 12 jaar, waarvan de ouders afhankelijk zijn van de Voedselbank in Breda. Wanneer deze kinderen naar de brugklas gaan, dienen zij diverse schoolbenodigdheden aan te schaffen zoals schriften, tassen, scharen, usb-sticks en schrijfbenodigdheden. Voor hun ouders vaak een kostbare zaak. Met het project ‘BUSY BEE’ voorzien AKF en Happy Hippo hen in deze schoolbenodigdheden.</p><p><br>Met dank aan Monsi Office Breda voor de donatie van diverse schoolmaterialen.</p><p><em>Meer informatie: <a href="http://www.happyhippo.nl">www.happyhippo.nl</a> / <a href="http://www.monsioffice.nl">www.monsioffice.nl</a></em></p>'),
(226, '<p>AKF is een samenwerking aangegaan met stichting Happy Hippo. Deze stichting richt zich op kinderen in de leeftijd van 1 tot en met 12 jaar, waarvan de ouders afhankelijk zijn van de Voedselbank in Breda. Wanneer deze kinderen naar de brugklas gaan, dienen zij diverse schoolbenodigdheden aan te schaffen zoals schriften, tassen, scharen, usb-sticks en schrijfbenodigdheden. Voor hun ouders vaak een kostbare zaak. Met het project ‘BUSY BEE’ voorzien AKF en Happy Hippo hen in deze schoolbenodigdheden.</p><p><br>Met dank aan Monsi Office Breda voor de donatie van diverse schoolmaterialen.</p><p><br></p><p><em>Meer informatie: <a href="http://www.happyhippo.nl">www.happyhippo.nl</a> / <a href="http://www.monsioffice.nl">www.monsioffice.nl</a></em></p>'),
(227, '<p>De lesmodules worden aangeboden via een website. Elke les wordt ingeleid door een animatiefilmpje met ''het Fruitzooitje'' in de hoofdrol. Geïnspireerd door de verhalen en belevenissen gaan ze aan het werk en bedenken ze hun eigen stoere fruittraktaties. Ter afsluiting van het project ontvangen alle kinderen een ''Stoere Traktaties'' verjaardagskalender. Voor de kinderen een leuke herinnering met bewaarwaarde. Voor de basisscholen de communicatietool bij uitstek om hun traktatiebeleid zichtbaar te maken en te ondersteunen. Voor AKF is ''Stoere Traktaties'' een belangrijk middel om de bewustwording van het belang van gezonde voeding bij kinderen en hun ouders te prikkelen.\r\n</p><p style="text-align: center;"><br>\r\n</p><iframe src="https://player.vimeo.com/video/174510383" width="640" height="360" frameborder="0" webkitallowfullscreen="" mozallowfullscreen="" allowfullscreen=""></iframe><h2><br>Meer informatie & aanmelden</h2><p>''Stoere Traktaties'' is het eerste schoolproject van AKF. Met uiteindelijk een landelijk ambitieniveau hoopt AKF dat dergelijke korte interventies - die geheel belangeloos en tegen geringe vergoeding worden aangeboden - op de basisschool net zo belangrijk worden als de vakken schrijven, lezen en rekenen. </p><p><br></p><p><em>Wenst u meer informatie of een presentatie van het project of wilt u uw groep(en) aanmelden voor het schoolproject? Neem contact op met Aartsenfruit Kids Foundation of neem eens een kijkje op: <a href="http://www.stoeretraktaties.nl/">www.stoeretraktaties.nl</a>.</em></p>');
INSERT INTO `btContentLocal` (`bID`, `content`) VALUES
(228, '<p>De lesmodules worden aangeboden via een website. Elke les wordt ingeleid door een animatiefilmpje met ''het Fruitzooitje'' in de hoofdrol. Geïnspireerd door de verhalen en belevenissen gaan ze aan het werk en bedenken ze hun eigen stoere fruittraktaties. Ter afsluiting van het project ontvangen alle kinderen een ''Stoere Traktaties'' verjaardagskalender. Voor de kinderen een leuke herinnering met bewaarwaarde. Voor de basisscholen de communicatietool bij uitstek om hun traktatiebeleid zichtbaar te maken en te ondersteunen. Voor AKF is ''Stoere Traktaties'' een belangrijk middel om de bewustwording van het belang van gezonde voeding bij kinderen en hun ouders te prikkelen.</p><p><br></p><p data-redactor-inserted-image="true" style="text-align: center;"><concrete-picture fID="29" id="image-marker" /></p>'),
(229, '<iframe src="https://player.vimeo.com/video/174510383" width="500" height="360" frameborder="0" webkitallowfullscreen="" mozallowfullscreen="" allowfullscreen="">&amp;amp;amp;lt;span id="selection-marker-1" class="redactor-selection-marker" data-verified="redactor"&amp;amp;amp;gt;&amp;amp;amp;lt;/span&amp;amp;amp;gt;\r\n</iframe><p><br>\r\n</p><h2>Meer informatie & aanmelden<br><br></h2><p>''Stoere Traktaties'' is het eerste schoolproject van AKF. Met uiteindelijk een landelijk ambitieniveau hoopt AKF dat dergelijke korte interventies - die geheel belangeloos en tegen geringe vergoeding worden aangeboden - op de basisschool net zo belangrijk worden als de vakken schrijven, lezen en rekenen.\r\n</p><p><br>\r\n</p><p><em>Wenst u meer informatie of een presentatie van het project of wilt u uw groep(en) aanmelden voor het schoolproject? Neem contact op met Aartsenfruit Kids Foundation of neem eens een kijkje op: <a href="http://www.stoeretraktaties.nl/">www.stoeretraktaties.nl</a>.</em>\r\n</p>'),
(230, '<iframe src="https://player.vimeo.com/video/174510383" width="100%" height="300" frameborder="0" webkitallowfullscreen="" mozallowfullscreen="" allowfullscreen="">&amp;amp;amp;lt;span id="selection-marker-1" class="redactor-selection-marker" data-verified="redactor"&amp;amp;amp;gt;&amp;amp;amp;lt;/span&amp;amp;amp;gt;&amp;amp;amp;amp;amp;amp;amp;lt;span id="selection-marker-1" class="redactor-selection-marker" data-verified="redactor"&amp;amp;amp;amp;amp;amp;amp;gt;&amp;amp;amp;amp;amp;amp;amp;lt;/span&amp;amp;amp;amp;amp;amp;amp;gt;&amp;amp;amp;amp;amp;amp;amp;amp;amp;amp;amp;lt;span id="selection-marker-1" class="redactor-selection-marker" data-verified="redactor"&amp;amp;amp;amp;amp;amp;amp;amp;amp;amp;amp;gt;&amp;amp;amp;amp;amp;amp;amp;amp;amp;amp;amp;lt;/span&amp;amp;amp;amp;amp;amp;amp;amp;amp;amp;amp;gt;&amp;amp;amp;amp;amp;amp;amp;amp;amp;amp;amp;amp;amp;amp;amp;amp;amp;amp;amp;lt;span id="selection-marker-1" class="redactor-selection-marker" data-verified="redactor"&amp;amp;amp;amp;amp;amp;amp;amp;amp;amp;amp;amp;amp;amp;amp;amp;amp;amp;amp;gt;&amp;amp;amp;amp;amp;amp;amp;amp;amp;amp;amp;amp;amp;amp;amp;amp;amp;amp;amp;lt;/span&amp;amp;amp;amp;amp;amp;amp;amp;amp;amp;amp;amp;amp;amp;amp;amp;amp;amp;amp;gt;\r\n</iframe><p><br>\r\n</p><h2>Meer informatie & aanmelden<br><br></h2><p>''Stoere Traktaties'' is het eerste schoolproject van AKF. Met uiteindelijk een landelijk ambitieniveau hoopt AKF dat dergelijke korte interventies - die geheel belangeloos en tegen geringe vergoeding worden aangeboden - op de basisschool net zo belangrijk worden als de vakken schrijven, lezen en rekenen.\r\n</p><p><br>\r\n</p><p><em>Wenst u meer informatie of een presentatie van het project of wilt u uw groep(en) aanmelden voor het schoolproject? Neem contact op met Aartsenfruit Kids Foundation of neem eens een kijkje op: <a href="http://www.stoeretraktaties.nl/">www.stoeretraktaties.nl</a>.</em>\r\n</p>'),
(231, '<iframe src="https://player.vimeo.com/video/174510383?byline=0" width="100%" height="300" frameborder="0" webkitallowfullscreen="" mozallowfullscreen="" allowfullscreen="">\r\n</iframe>\r\n<p><br>\r\n</p>\r\n<h2>Meer informatie & aanmelden<br><br></h2>\r\n<p>''Stoere Traktaties'' is het eerste schoolproject van AKF. Met uiteindelijk een landelijk ambitieniveau hoopt AKF dat dergelijke korte interventies - die geheel belangeloos en tegen geringe vergoeding worden aangeboden - op de basisschool net zo belangrijk worden als de vakken schrijven, lezen en rekenen.\r\n</p>\r\n<p><br>\r\n</p>\r\n<p><em>Wenst u meer informatie of een presentatie van het project of wilt u uw groep(en) aanmelden voor het schoolproject? Neem contact op met Aartsenfruit Kids Foundation of neem eens een kijkje op: <a href="http://www.stoeretraktaties.nl/">www.stoeretraktaties.nl</a>.</em>\r\n</p>'),
(232, '<p>Wanneer Sinterklaas, bij gebrek aan financiële middelen van je ouders, jouw huis voorbij dreigt te rijden is 5 december geen feestelijke datum. In samenwerking met CJG en de Bredase basisscholen maakt AKF het vieren van het Sinterklaasfeest thuis weer mogelijk.</p>'),
(233, '<p>Steeds meer basisscholen propageren het gezond trakteren. Een fantastische ontwikkeling die geheel in lijn ligt met de ambitie van AKF om kinderen en hun ouders extra bewust te maken van het belang van goede voeding en een gezonde levensstijl. Toch ervaren de scholen weerstand, niet in de laatste plaats door de kinderen zelf die gezond trakteren onterecht associëren met ''suf'' en ''niet stoer''.\r\n</p><p><br>\r\n</p><p data-redactor-inserted-image="true"><concrete-picture fID="30" id="image-marker" />\r\n</p><h2>Gezond trakteren is lekker en stoer!<br><br></h2><p>Voor AKF reden te meer het gezond trakteren met beide handen aan te pakken en met een eerste schoolproject die gedachte om te buigen. Inmiddels is het pilotproject ''Stoere Traktaties'' van start gegaan in 11 klassen van 5 basisscholen in Breda.</p><p><br></p><p><br></p><h2 data-redactor-inserted-image="true">Belevingsconcept<br><br></h2><p data-redactor-inserted-image="true">Door te communiceren door middel van ''een beleving'' stel je kinderen extra open voor een boodschap. Zo ook tijdens het project ''Stoere Traktaties'' waarmee AKF kinderen in de leeftijd van 7 tot en met 9 jaar laat ervaren hoe leuk, lekker en stoer gezond trakteren kan zijn. Bij aanvang van het project wordt de klas getrakteerd op een big-size fruitkist. Met deze kist vol groente en fruit, lesmaterialen zoals werkboekjes en spelletjes, verhalen en (smaak)belevingen neemt AKF de kinderen mee op de reis die groenten en fruit aflegt ''van land tot klant''. Achtergronden als ''waarom is fruit gezond en wat doet het in een lichaam'' komen vanzelfsprekend aan de orde, maar tijdens het project wordt vooral eigen inbreng van de kinderen verlangd.<br>\r\n</p><p data-redactor-inserted-image="true"><br></p><p data-redactor-inserted-image="true" style="text-align: center;"><concrete-picture fID="31" id="image-marker" /></p><br>'),
(234, '<iframe src="https://player.vimeo.com/video/174510383?byline=0" width="100%" height="300" frameborder="0" webkitallowfullscreen="" mozallowfullscreen="" allowfullscreen="">\r\n</iframe><p><br>\r\n</p><h2>Traktaties maken<br style="font-family: arial, sans-serif; font-size: 11px; background-color: rgb(255, 255, 255);"><br></h2><p>De lesmodules worden aangeboden via een website. Elke les wordt ingeleid door een animatiefilmpje met ''het Fruitzooitje'' in de hoofdrol. Geïnspireerd door de verhalen en belevenissen gaan ze aan het werk en bedenken ze hun eigen stoere fruittraktaties. Ter afsluiting van het project ontvangen alle kinderen een ''Stoere Traktaties'' verjaardagskalender. Voor de kinderen een leuke herinnering met bewaarwaarde. Voor de basisscholen de communicatietool bij uitstek om hun traktatiebeleid zichtbaar te maken en te ondersteunen. Voor AKF is ''Stoere Traktaties'' een belangrijk middel om de bewustwording van het belang van gezonde voeding bij kinderen en hun ouders te prikkelen.<br></p><h2><br></h2><h2>Meer informatie & aanmelden<br><br></h2><p>''Stoere Traktaties'' is het eerste schoolproject van AKF. Met uiteindelijk een landelijk ambitieniveau hoopt AKF dat dergelijke korte interventies - die geheel belangeloos en tegen geringe vergoeding worden aangeboden - op de basisschool net zo belangrijk worden als de vakken schrijven, lezen en rekenen.\r\n</p><p><br>\r\n</p><p><em>Wenst u meer informatie of een presentatie van het project of wilt u uw groep(en) aanmelden voor het schoolproject? Neem contact op met Aartsenfruit Kids Foundation of neem eens een kijkje op: <a href="http://www.stoeretraktaties.nl/">www.stoeretraktaties.nl</a>.</em>\r\n</p>'),
(235, '<p>Steeds meer basisscholen propageren het gezond trakteren. Een fantastische ontwikkeling die geheel in lijn ligt met de ambitie van AKF om kinderen en hun ouders extra bewust te maken van het belang van goede voeding en een gezonde levensstijl. Toch ervaren de scholen weerstand, niet in de laatste plaats door de kinderen zelf die gezond trakteren onterecht associëren met ''suf'' en ''niet stoer''.\r\n</p><p><br>\r\n</p><p data-redactor-inserted-image="true" style="text-align: center;"><concrete-picture fID="30" id="image-marker" />\r\n</p><h2 style="text-align: center;"><br></h2><h2>Gezond trakteren is lekker en stoer!<br><br></h2><p>Voor AKF reden te meer het gezond trakteren met beide handen aan te pakken en met een eerste schoolproject die gedachte om te buigen. Inmiddels is het pilotproject ''Stoere Traktaties'' van start gegaan in 11 klassen van 5 basisscholen in Breda.</p><p><br></p><p><br></p><h2 data-redactor-inserted-image="true">Belevingsconcept<br><br></h2><p data-redactor-inserted-image="true">Door te communiceren door middel van ''een beleving'' stel je kinderen extra open voor een boodschap. Zo ook tijdens het project ''Stoere Traktaties'' waarmee AKF kinderen in de leeftijd van 7 tot en met 9 jaar laat ervaren hoe leuk, lekker en stoer gezond trakteren kan zijn. Bij aanvang van het project wordt de klas getrakteerd op een big-size fruitkist. Met deze kist vol groente en fruit, lesmaterialen zoals werkboekjes en spelletjes, verhalen en (smaak)belevingen neemt AKF de kinderen mee op de reis die groenten en fruit aflegt ''van land tot klant''. Achtergronden als ''waarom is fruit gezond en wat doet het in een lichaam'' komen vanzelfsprekend aan de orde, maar tijdens het project wordt vooral eigen inbreng van de kinderen verlangd.<br>\r\n</p><p data-redactor-inserted-image="true"><br></p><p data-redactor-inserted-image="true" style="text-align: center;"><concrete-picture fID="31" id="image-marker" /></p><br>'),
(236, '<h2>Meer informatie<br></h2><p><br>\r\n</p><p>Voor algemene informatie of vragen over AKF en onze projecten kunt u contact met ons opnemen:\r\n</p><p><br>\r\n</p><p><strong>Contactpersoon </strong><br>Annick Bezemer<br><strong>T.</strong>  +31 (0)6 - 11 25 64 31<br><strong>E.       </strong>akf@aartsenfruitkidsfoundation.nl<br><strong>W. </strong><a href="mailto:www.aartsenfruitkidsfoundation.nl">www.aartsenfruitkidsfoundation.nl</a><br><br><strong>Bezoekadres  </strong><br>Heilaar-Noordweg 9, 4814 RR - Breda<br><br><strong>Postadres  </strong><br>Postbus 9555, 4801 LN - Breda\r\n</p><p><br></p><p data-redactor-inserted-image="true" style="text-align: center;"><concrete-picture fID="32" id="image-marker" /></p><p data-redactor-inserted-image="true" style="text-align: center;"><br></p><h2>Bankgegevens</h2><p><br></p><p><strong>Rekeningnummer</strong>        </p><p>Rabobank Breda NL34RABO015.23.22.132</p><p>(t.n.v. Stichting Aartsenfruit Kids Foundation te Breda)</p><p><br></p><p><strong>Iban</strong></p><p>NL34RABO015.23.22.132</p><p><br></p><p><strong>BIC Code</strong></p><p>RABONL2U</p>'),
(237, '<h2>Het AKF bestuur</h2><p><br></p><p>De AKF wordt gevormd door 7 enthousiaste bestuursleden en betrokken mensen die verbonden zijn met Aartsenfruit:</p><p><br></p><p data-redactor-inserted-image="true" style="text-align: center;"><concrete-picture fID="33" id="image-marker" /></p><p data-redactor-inserted-image="true" style="text-align: center;"><br></p><p data-redactor-inserted-image="true"><strong>Voorzitter</strong><br>Hellen Aartsen<br><br><strong>Bestuursleden</strong><br>Lisette Aarts<br>Marion van den Bemd<br>Annick Bezemer<br>Guanita Geutjes<br>Marlies Knevels<br>Enzo Zeekaf<br></p>'),
(238, '<h2>Vriend worden van AKF<br></h2><p><br></p><h3>''Alleen doe je weinig, samen staan we sterk!''</h3><p>Gelukkig staat de Aartsenfruit Kids Foundation er niet alleen voor en ontvangt de stichting financiële steun van onze vrienden. Word ook vriend van AKF of bestel ‘Oogappeltje’ onze mascotte. Wij willen u bij deze alvast bedanken voor alle steun aan de Aartsenfruit Kids Foundation!</p><p><br></p><h3>Meerjarig donateurschap</h3><p>U kunt ons als ‘Vriend van AKF’ steunen door een vaste jaarlijkse donatie. Maak in het donatieformulier uw keuze uit de hoogte van uw bijdrage (vanaf  € 100,00) en bepaal zelf de duur van uw donateurschap (keuze tussen 3, 4 of 5 jaar). U ontvangt automatisch jaarlijks een factuur.<br></p><p><br></p><p>Wanneer u meerjarig donateur wordt, dan heeft u als Vriend van AKF recht op een vermelding van uw (bedrijfs)naam en logo op onze website. Tevens ontvangt u een speciale ‘Vrienden Web-banner’ met het logo van AKF voor uw eigen communicatie.</p><p><br></p><h3>Eenmalige donatie</h3><p>Vanzelfsprekend kunt u ook kiezen voor een éénmalige donatie aan de AKF. Ook voor eenmalige donaties kunt u gebruik maken van het online donatieformulier. Hoe u ons ook steunt, we houden u als vriend of donateur graag op de hoogte van onze activiteiten.</p><p><br></p><p><strong>Donatieformulier</strong><br>Download het <a href="{CCM:FID_DL_34}" target="_blank"><u>donatieformulier</u></a>.<br></p><p><br></p><p data-redactor-inserted-image="true" style="text-align: center;"><concrete-picture fID="25" id="image-marker" /></p>'),
(239, '<h2>Oogappeltje</h2><p><strong><br></strong></p><p><strong>Oogappeltje bestellen</strong><br>U kunt de projecten die AKF initiëert steunen door onze mascotte ‘Oogappeltje’* te kopen. De volledige opbrengt van deze aanschaf komt ten goede aan onze projecten!</p><p><br></p><p>U bestelt ‘Oogappeltje’ al voor € 7,50 per stuk (exclusief verzendkosten) door onderstaand bestelformulier in te vullen. Bereken de verzendkosten eenvoudig zelf aan de hand van onderstaand schema.</p><p><br></p><p>Zodra het totaalbedrag van uw bestelling (inclusief de bijbehorende verzendkosten) zijn bijgeschreven op ons bankrekeningnummer ontvangt u uw ‘Oogappeltje(s)’ per post.</p><p><br></p><p><em>* ‘Oogappeltje'' is in Nederland vervaardigd volgens de geldende CE normen</em>.</p><p><br></p><p data-redactor-inserted-image="true" style="text-align: center;"><concrete-picture fID="35" id="image-marker" /></p><p data-redactor-inserted-image="true" style="text-align: center;"><br></p><p><strong>Bereken de verzendkosten</strong></p><p><strong><br></strong></p><p><u>Nederland</u><br>- 1 of 2 Oogappeltjes € 2,44<br>- meer dan 2 Oogappeltjes (tot en met 10 kg) € 6,95</p><p><u><br></u></p><p><u>Europa</u><br>- 1 of 2 Oogappeltjes € 5,09<br>- 3 tot 15 Oogappeltjes  € 19,50 (incl.track and trace)</p><p><u><br></u></p><p><u>Buiten Europa</u><br>- 1 of 2 Oogappeltjes € 5,09<br>- 3 tot 15 Oogappeltjes € 24,30</p><p><strong><br></strong></p><p><strong>Bankgegevens</strong><br>Rekeningnummer Rabobank Breda: NL34RABO015.23.22.132<br>Iban: NL34RABO015.23.22.132<br>BIC Code: RABONL2U<br><br><em>Bestellingen t.n.v. Stichting Aartsenfruit Kids Foundation te Breda o.v.v. ‘Oogappeltje’</em></p>'),
(241, '<h2>Oogappeltje</h2><p><strong><br></strong>\r\n</p><p><strong>Oogappeltje bestellen</strong><br>U kunt de projecten die AKF initiëert steunen door onze mascotte ‘Oogappeltje’* te kopen. De volledige opbrengt van deze aanschaf komt ten goede aan onze projecten!\r\n</p><p><br>\r\n</p><p>U bestelt ‘Oogappeltje’ al voor € 7,50 per stuk (exclusief verzendkosten) door onderstaand bestelformulier in te vullen. Bereken de verzendkosten eenvoudig zelf aan de hand van onderstaand schema.\r\n</p><p><br>\r\n</p><p>Zodra het totaalbedrag van uw bestelling (inclusief de bijbehorende verzendkosten) zijn bijgeschreven op ons bankrekeningnummer ontvangt u uw ‘Oogappeltje(s)’ per post.\r\n</p><p><br>\r\n</p><p><em>* ‘Oogappeltje'' is in Nederland vervaardigd volgens de geldende CE normen</em>.\r\n</p><p><br>\r\n</p><p data-redactor-inserted-image="true" style="text-align: center;"><concrete-picture fID="35" id="image-marker" />\r\n</p><p data-redactor-inserted-image="true" style="text-align: center;"><br>\r\n</p><p><strong>Bereken de verzendkosten</strong>\r\n</p><p><strong><br></strong>\r\n</p><p><u>Nederland</u><br>- 1 of 2 Oogappeltjes € 2,44<br>- meer dan 2 Oogappeltjes (tot en met 10 kg) € 6,95\r\n</p><p><u><br></u>\r\n</p><p><u>Europa</u><br>- 1 of 2 Oogappeltjes € 5,09<br>- 3 tot 15 Oogappeltjes  € 19,50 (incl.track and trace)\r\n</p><p><u><br></u>\r\n</p><p><u>Buiten Europa</u><br>- 1 of 2 Oogappeltjes € 5,09<br>- 3 tot 15 Oogappeltjes € 24,30\r\n</p><p><strong><br></strong>\r\n</p><p><strong>Bankgegevens</strong><br>Rekeningnummer Rabobank Breda: NL34RABO015.23.22.132<br>Iban: NL34RABO015.23.22.132<br>BIC Code: RABONL2U<br><br><em>Bestellingen t.n.v. Stichting Aartsenfruit Kids Foundation te Breda o.v.v. ‘Oogappeltje’</em>\r\n</p><p><em><br></em>\r\n</p><p><em><br></em></p><p><em></em>\r\n</p><h2>Bestel nu jouw Oogappeltje(s)!</h2><p><br></p>'),
(242, '<p>De Aartsenfruit Kids Foundation is door de Nederlandse Belastingdienst aangemerkt als een algemeen nut beogende instelling zoals bedoeld in artikel 32 lid 1, onderdeel 3 en artikel 33 lid 1, onderdeel 4 Successiewet 1956 RSIN-nummer 8176.94.742.</p><p><br><br><strong>Aftrekbaarheid giften voor privépersonen</strong><br>Door deze officiële erkenning zijn giften aan de AKF voor de verstrekker fiscaal aftrekbaar. De mate van aftrekbaarheid is aan wettelijke normen gebonden. Via bijgevoegde link kunt U dit voor uw eigen situatie zelf bepalen.</p><p><br></p><p><a href="{CCM:FID_DL_36}"><em>Download belastingdienst aftrek giften</em></a><br></p>'),
(243, '<p>De Aartsenfruit Kids Foundation is door de Nederlandse Belastingdienst aangemerkt als een algemeen nut beogende instelling zoals bedoeld in artikel 32 lid 1, onderdeel 3 en artikel 33 lid 1, onderdeel 4 Successiewet 1956 RSIN-nummer 8176.94.742.</p><p><br><strong>Aftrekbaarheid giften voor privépersonen</strong><br>Door deze officiële erkenning zijn giften aan de AKF voor de verstrekker fiscaal aftrekbaar. De mate van aftrekbaarheid is aan wettelijke normen gebonden. Via bijgevoegde link kunt U dit voor uw eigen situatie zelf bepalen.</p><p><br></p><p><em><a href="{CCM:FID_DL_36}">Download belastingdienst aftrek giften</a></em><br></p><p><br></p><p data-redactor-inserted-image="true" style="text-align: center;"><concrete-picture fID="30" id="image-marker" /></p>'),
(244, '<h2>Ons gedachtegoed</h2><p><strong><br></strong></p><p><strong>''Kinderen hebben het recht om te weten!''</strong><br></p><p>AKF wil bereiken dat kinderen - de volwassenen van de toekomst - bewust worden in wat ze doen, in hoe ze omgaan met anderen én met zichzelf. Kinderen hebben het recht te weten hoe voeding, natuur en welzijn met elkaar verbonden zijn. Door in begrijpelijke kindertaal - zonder opgestoken wijsvinger - inzicht te geven in o.a. het belang van goede voeding en een gezonde levensstijl, kunnen ze later bewustere en daarmee betere keuzes maken voor zichzelf en hun omgeving.</p><p><br></p><p data-redactor-inserted-image="true" style="text-align: center;"><concrete-picture fID="25" id="image-marker" /></p><p data-redactor-inserted-image="true" style="text-align: center;"><br></p><p data-redactor-inserted-image="true"><strong>''Het is stoer om Oer Gelukkig te zijn!''</strong><br>Bij de verdere ontwikkeling van haar gedachtegoed raakte AKF geïnspireerd door het boek ‘Oersterk’ van Richard de Leth. Gesterkt door zijn inzichten ontsproot de gedachte ‘het is stoer om Oer Gelukkig te zijn!’. Ofwel ‘stOerGelukkig’. Onder deze naam en met deze filosofie ontwikkelt de stichting diverse projecten en activiteiten. <br></p>'),
(245, '<h2>Ons gedachtegoed</h2><p><strong><br></strong></p><p><strong>''Kinderen hebben het recht om te weten!''</strong><br></p><p>AKF wil bereiken dat kinderen - de volwassenen van de toekomst - bewust worden in wat ze doen, in hoe ze omgaan met anderen én met zichzelf. Kinderen hebben het recht te weten hoe voeding, natuur en welzijn met elkaar verbonden zijn. Door in begrijpelijke kindertaal - zonder opgestoken wijsvinger - inzicht te geven in o.a. het belang van goede voeding en een gezonde levensstijl, kunnen ze later bewustere en daarmee betere keuzes maken voor zichzelf en hun omgeving.</p><p><br></p><p data-redactor-inserted-image="true" style="text-align: center;"><concrete-picture fID="25" id="image-marker" /></p><p data-redactor-inserted-image="true" style="text-align: center;"><br></p><p data-redactor-inserted-image="true"><strong>''Het is stoer om Oer Gelukkig te zijn!''</strong><br>Bij de verdere ontwikkeling van haar gedachtegoed raakte AKF geïnspireerd door het boek ‘Oersterk’ van Richard de Leth. Gesterkt door zijn inzichten ontsproot de gedachte ‘het is stoer om Oer Gelukkig te zijn!’. Ofwel ‘stOerGelukkig’. Onder deze naam en met deze filosofie ontwikkelt de stichting diverse projecten en activiteiten. <br></p><p data-redactor-inserted-image="true"><br></p><p><strong>Trajecten</strong><br>‘stOerGelukkig’ vertaalt zich naar drie trajecten:</p><ul><li>Schoolprojecten</li><li>Ondersteunende projecten</li><li>Sponsoring van groente & fruit</li></ul>'),
(246, '<h2>Schoolprojecten</h2><p><strong><br></strong></p><p><strong>Bewustwording door beleving</strong><br>Bewustwording willen we creëren door verschillende korte interventies te ontwikkelen voor diverse groepen van basisscholen. De beleving staat daarbij centraal. Door ''te laten beleven'' wordt de boodschap veel krachtiger en aansprekender op kinderen overgebracht.Met voor de langere termijn een landelijk ambitieniveau en een basisschool-breed projectaanbod, is AKF met het scholenproject ''Stoere Traktaties'' van start gegaan bij groepen 4/5 van diverse basisscholen in de regio Breda. Onze inzet is dat deze belevingsprojecten uiteindelijk net zo gewoon worden als rekenen en schrijven op school, en dat ouders de onderwerpen en projecten zullen ervaren als noodzakelijk voor een gezonde ontwikkeling van hun kinderen.</p><p><br></p><p data-redactor-inserted-image="true" style="text-align: center;"><concrete-picture fID="37" id="image-marker" /></p><p data-redactor-inserted-image="true" style="text-align: center;"><br></p><h2>Ondersteunende projecten</h2><p><strong><br></strong></p><p><strong>Schaalvergroting door partnerships</strong><br>Om met ''stOerGelukkig'' een grotere kinder- en jongeren doelgroep te willen bereiken is AKF een samenwerking aangegaan met CJG Breda (Centrum Jeugd en Gezin). Hulpbehoevende kinderen worden door CJG geselecteerd en doorverwezen naar de ondersteunende projecten van AKF. Een voorbeeld hiervan is het project ''Kinderfeestjes''. In het kader van het project ''Playing for Succes'' is AKF een samenwerking aangegaan met Jupiler League voetbalvereniging NAC Breda.<br><br></p><h2>Sponsoring groente & fruit</h2><p><strong><br></strong></p><p><strong>Gezonder door gratis vitaminen</strong><br>Door het sponsoren van groente en fruit op scholen en tijdens sportgerelateerde evenementen zoals de Avond Vierdaagse, probeert AKF op directe wijze bij te dragen aan de gezondheid van kinderen. Als tegenprestatie vraagt AKF aandacht voor de stichting en haar projecten d.m.v. (aan de organisaties ter beschikking gestelde) posters, flyers, banieren en web-banners.</p>'),
(247, '<h2>Ondersteunende projecten</h2><p><br></p><p>AKF is een samenwerking aangegaan met het Centrum Jeugd en Gezin (CJG). Bij deze landelijke organisatie kunnen ouders terecht met allerhande vragen over de opvoeding, het opgroeien en de gezondheid van hun kind. Aangezien het CJG in nauw contact staat met vele scholen en gezinnen zijn zij de oren en ogen voor AKF. Ingeval zij hulpvragen signaleren waarvoor geen of onvoldoende fondsen beschikbaar zijn, kan door het CJG een beroep worden gedaan op diverse ondersteunende projecten van AKF. De onderstaande projecten zijn primair gericht op het voorkomen van een sociaal isolement en de bevordering van het emotioneel welzijn van kinderen.</p>'),
(248, '<iframe src="https://player.vimeo.com/video/174510383?byline=0" width="100%" height="600" frameborder="0" webkitallowfullscreen="" mozallowfullscreen="" allowfullscreen="">&amp;amp;amp;lt;span id="selection-marker-1" class="redactor-selection-marker" data-verified="redactor"&amp;amp;amp;gt;&amp;amp;amp;lt;/span&amp;amp;amp;gt;&amp;amp;amp;amp;amp;amp;amp;lt;span id="selection-marker-1" class="redactor-selection-marker" data-verified="redactor"&amp;amp;amp;amp;amp;amp;amp;gt;&amp;amp;amp;amp;amp;amp;amp;lt;/span&amp;amp;amp;amp;amp;amp;amp;gt;\r\n</iframe>'),
(249, '<p>Steeds meer basisscholen propageren het gezond trakteren. Een fantastische ontwikkeling die geheel in lijn ligt met de ambitie van AKF om kinderen en hun ouders extra bewust te maken van het belang van goede voeding en een gezonde levensstijl. Toch ervaren de scholen weerstand, niet in de laatste plaats door de kinderen zelf die gezond trakteren onterecht associëren met ''suf'' en ''niet stoer''.</p><h2 style="text-align: center;"><br></h2><h2>Gezond trakteren is lekker en stoer!<br><br></h2><p>Voor AKF reden te meer het gezond trakteren met beide handen aan te pakken en met een eerste schoolproject die gedachte om te buigen. Inmiddels is het pilotproject ''Stoere Traktaties'' van start gegaan in 11 klassen van 5 basisscholen in Breda.\r\n</p><p data-redactor-inserted-image="true" style="text-align: center;"><img src="http://www.forza-digital.com/demo/aartsenfruit-kids-foundation/download_file/view_inline/30" id="image-marker">\r\n</p>'),
(250, '<h2>Traktaties maken<br style="font-family: arial, sans-serif; font-size: 11px; background-color: rgb(255, 255, 255);"><br></h2><p>De lesmodules worden aangeboden via een website. Elke les wordt ingeleid door een animatiefilmpje met ''het Fruitzooitje'' in de hoofdrol. Geïnspireerd door de verhalen en belevenissen gaan ze aan het werk en bedenken ze hun eigen stoere fruittraktaties. Ter afsluiting van het project ontvangen alle kinderen een ''Stoere Traktaties'' verjaardagskalender. Voor de kinderen een leuke herinnering met bewaarwaarde. Voor de basisscholen de communicatietool bij uitstek om hun traktatiebeleid zichtbaar te maken en te ondersteunen. Voor AKF is ''Stoere Traktaties'' een belangrijk middel om de bewustwording van het belang van gezonde voeding bij kinderen en hun ouders te prikkelen.<br>\r\n</p><h2><br></h2><h2>BELEVINGSCONCEPT<br><br></h2><p>Door te communiceren door middel van ''een beleving'' stel je kinderen extra open voor een boodschap. Zo ook tijdens het project ''Stoere Traktaties'' waarmee AKF kinderen in de leeftijd van 7 tot en met 9 jaar laat ervaren hoe leuk, lekker en stoer gezond trakteren kan zijn. Bij aanvang van het project wordt de klas getrakteerd op een big-size fruitkist. Met deze kist vol groente en fruit, lesmaterialen zoals werkboekjes en spelletjes, verhalen en (smaak)belevingen neemt AKF de kinderen mee op de reis die groenten en fruit aflegt ''van land tot klant''. Achtergronden als ''waarom is fruit gezond en wat doet het in een lichaam'' komen vanzelfsprekend aan de orde, maar tijdens het project wordt vooral eigen inbreng van de kinderen verlangd.</p><h2><br></h2>'),
(251, '<h2>MEER INFORMATIE & AANMELDEN</h2><h2><br></h2><p>''Stoere Traktaties'' is het eerste schoolproject van AKF. Met uiteindelijk een landelijk ambitieniveau hoopt AKF dat dergelijke korte interventies - die geheel belangeloos en tegen geringe vergoeding worden aangeboden - op de basisschool net zo belangrijk worden als de vakken schrijven, lezen en rekenen.</p><p><br></p><p><em>Wenst u meer informatie of een presentatie van het project of wilt u uw groep(en) aanmelden voor het schoolproject? Neem contact op met Aartsenfruit Kids Foundation of neem eens een kijkje op: <a href="http://www.stoeretraktaties.nl/">www.stoeretraktaties.nl</a>.</em></p>'),
(252, '<h2>Oog voor kinderen</h2><p><br>\r\n</p><h3>Oprichting AKF </h3><p>Aartsenfruit Kids Foundation is ontstaan naar aanleiding van het honderdjarige jubileum van AGF importbedrijf Aartsenfruit BV. De stichting werd in 2007 opgericht door Jack en Hellen Aartsen en wordt gevormd door zeven enthousiaste bestuursleden en betrokken mensen die verbonden zijn met Aartsenfruit.\r\n</p><p><br>\r\n</p><h3>Kinderen zijn onze toekomst </h3><p>Niet alleen terugblikken, maar vooral ook vooruit kijken naar de komende generaties: dat was ons motto ten tijde van dit feestelijke jubileumjaar. En dat is het nog altijd. Want kinderen zijn belangrijk en hebben recht op liefde en een goede ondergrond, waardoor ze later goed in het leven kunnen staan. Iets wat niet voor elk kind vanzelfsprekend is.<br>\r\n</p><p><br>\r\n</p>'),
(254, '<h2>Oog voor kinderen</h2>\r\n<p><br>\r\n</p>\r\n<h3>Oprichting AKF </h3>\r\n<p>Aartsenfruit Kids Foundation is ontstaan naar aanleiding van het honderdjarige jubileum van AGF importbedrijf Aartsenfruit BV. De stichting werd in 2007 opgericht door Jack en Hellen Aartsen en wordt gevormd door zeven enthousiaste bestuursleden en betrokken mensen die verbonden zijn met Aartsenfruit.\r\n</p>\r\n<p><br>\r\n</p>\r\n<h3>Kinderen zijn onze toekomst </h3>\r\n<p>Niet alleen terugblikken, maar vooral ook vooruit kijken naar de komende generaties: dat was ons motto ten tijde van dit feestelijke jubileumjaar. En dat is het nog altijd. Want kinderen zijn belangrijk en hebben recht op liefde en een goede ondergrond, waardoor ze later goed in het leven kunnen staan. Iets wat niet voor elk kind vanzelfsprekend is.<br>\r\n</p>\r\n<p><br>\r\n</p>'),
(292, '<h2>HET AKF BESTUUR</h2><p><br></p><p>De AKF wordt gevormd door 7 enthousiaste bestuursleden en betrokken mensen die verbonden zijn met Aartsenfruit:</p><p><br></p><p><strong>Voorzitter</strong><br>Hellen Aartsen</p><p><br><strong>Bestuursleden</strong><br>Lisette Aarts<br>Marion van den Bemd<br>Annick Bezemer<br>Guanita Geutjes<br>Marlies Knevels<br>Enzo Zeekaf</p>'),
(293, '<h2>Meer informatie<br></h2><p><br>\r\n</p><p>Voor algemene informatie of vragen over AKF en onze projecten kunt u contact met ons opnemen:\r\n</p><p><br>\r\n</p><p><strong>Contactpersoon </strong><br>Annick Bezemer<br><strong>T.</strong>  +31 (0)6 - 11 25 64 31<br><strong>E.       </strong>akf@aartsenfruitkidsfoundation.nl<br><strong>W. </strong><a href="mailto:www.aartsenfruitkidsfoundation.nl">www.aartsenfruitkidsfoundation.nl</a><br><br><strong>Bezoekadres  </strong><br>Heilaar-Noordweg 9, 4814 RR - Breda<br><br><strong>Postadres  </strong><br>Postbus 9555, 4801 LN - Breda\r\n</p><p><br>\r\n</p><p data-redactor-inserted-image="true" style="text-align: center;"><br>\r\n</p><h2>Bankgegevens</h2><p><br>\r\n</p><p><strong>Rekeningnummer</strong>\r\n</p><p>Rabobank Breda NL34RABO015.23.22.132\r\n</p><p>(t.n.v. Stichting Aartsenfruit Kids Foundation te Breda)\r\n</p><p><br>\r\n</p><p><strong>Iban</strong>\r\n</p><p>NL34RABO015.23.22.132\r\n</p><p><br>\r\n</p><p><strong>BIC Code</strong>\r\n</p><p>RABONL2U\r\n</p>'),
(296, '<h2>HET AKF BESTUUR</h2>\r\n<p><br>\r\n</p>\r\n<p>De AKF wordt gevormd door 7 enthousiaste bestuursleden en betrokken mensen die verbonden zijn met Aartsenfruit:\r\n</p>\r\n<p><br>\r\n</p>\r\n<p><strong>Voorzitter</strong><br>Hellen Aartsen\r\n</p>\r\n<p><br><strong>Bestuursleden</strong><br>Lisette Aarts<br>Marion van den Bemd<br>Annick Bezemer<br>Guanita Geutjes<br>Marlies Knevels<br>Enzo Zeekaf\r\n</p>'),
(309, '<p>Vrienden van AKF Aartsenfruit Kids Foundation (AKF) helpt kinderen hun leven een positieve draai te geven ten behoeve van hun algeheel welbevinden. </p><p><br></p><p>AKF levert een essentiële bijdrage aan het gevoel van eigenwaarde, zelfvertrouwen en welzijn door diverse ondersteunende (school)projecten te initiëren en door kinderen bewust te maken van het belang van goede voeding en een gezonde levensstijl.</p>'),
(311, '<h2>Gerealiseerde projecten</h2><p><br></p><p><strong>Periode 2007-2015</strong></p><p>Sinds de oprichting in 2007 heeft de Aartsenfruit Kids Foundation talloze kinderen en hun ouders verlichting en geluk gebracht. Door middel van kleinschalige projecten werd directe hulp geboden in de vorm van producten en diensten.</p><p><br></p><p><strong>Trots </strong></p><p>Met de ambitie om op grotere schaal een helpende hand te bieden is de focus van de stichting verschoven. De hulpaanvragen hebben plaatsgemaakt voor eigen projecten waarmee AKF proactief een essentiële bijdrage levert aan het gevoel van eigenwaarde, zelfvertrouwen en welzijn van kinderen.</p><p><br></p><p>Maar vanzelfsprekend kijken we anno 2015 tevreden en trots terug op alles wat we samen bereikt hebben!</p>'),
(312, '<h2>GEREALISEERDE PROJECTEN</h2><p><br></p><p><strong>Periode 2007-2015</strong></p><p>Sinds de oprichting in 2007 heeft de Aartsenfruit Kids Foundation talloze kinderen en hun ouders verlichting en geluk gebracht. Door middel van kleinschalige projecten werd directe hulp geboden in de vorm van producten en diensten.</p><p><br></p><p><strong>Trots</strong> </p><p>Met de ambitie om op grotere schaal een helpende hand te bieden is de focus van de stichting verschoven. De hulpaanvragen hebben plaatsgemaakt voor eigen projecten waarmee AKF proactief een essentiële bijdrage levert aan het gevoel van eigenwaarde, zelfvertrouwen en welzijn van kinderen.</p><p><br></p><p>Maar vanzelfsprekend kijken we anno 2015 tevreden en trots terug op alles wat we samen bereikt hebben!</p>'),
(313, '<h2>Projecten 2015</h2><p><br></p><p>Maart 2015	|	AKF maakt het snoezelen voor Jasmijn mogelijk</p><p>Januari 2015	|	Allergeen werend beddengoed voor Jeriël</p><p>Projecten 2014</p><p>Projecten 2013</p><p>Projecten 2012</p><p>Projecten 2011</p><p>Projecten 2010</p><p>Projecten 2009</p><p>Projecten 2008</p><p>Projecten 2007</p>'),
(314, '<h2>Projecten 2015</h2><p><br></p><p>Maart 2015	|	AKF maakt het snoezelen voor Jasmijn mogelijk</p><p>Januari 2015	|	Allergeen werend beddengoed voor Jeriël</p><p>Projecten 2014</p><p>Projecten 2013</p><p>Projecten 2012</p><p>Projecten 2011</p><p>Projecten 2010</p><p>Projecten 2009</p><p>Projecten 2008</p><p>Projecten 2007</p>'),
(315, '<h2>Projecten 2015</h2><p><br></p><p>Maart 2015	|	AKF maakt het snoezelen voor Jasmijn mogelijk</p><p>Januari 2015	|	Allergeen werend beddengoed voor Jeriël</p><p>Projecten 2014</p><p>Projecten 2013</p><p>Projecten 2012</p><p>Projecten 2011</p><p>Projecten 2010</p><p>Projecten 2009</p><p>Projecten 2008</p><p>Projecten 2007</p>'),
(316, '<h2>Projecten 2015</h2><p><br></p><p>Maart 2015	|	AKF maakt het snoezelen voor Jasmijn mogelijk</p><p>Januari 2015	|	Allergeen werend beddengoed voor Jeriël</p><p>Projecten 2014</p><p>Projecten 2013</p><p>Projecten 2012</p><p>Projecten 2011</p><p>Projecten 2010</p><p>Projecten 2009</p><p>Projecten 2008</p><p>Projecten 2007</p>'),
(317, '<h2>Projecten 2015</h2><p><br></p><p><strong>Maart 2015</strong></p><p><a href="{CCM:CID_249}">AKF maakt het snoezelen voor Jasmijn mogelijk</a></p><p><br></p><p><strong>Januari 2015</strong></p><p><a href="{CCM:CID_250}">Allergeen werend beddengoed voor Jeriël</a></p>'),
(318, '<p>De driejarige Jasmijn heeft een zeldzame ongeneeslijke stofwisseling ziekte. GM3 genaamd. Behalve een slechte prognose voor haar toekomst brengt deze ziekte haar zowel mentale als lichamelijke beperkingen zoals o.a. het niet kunnen kruipen, zitten en lopen, het zo goed als doof en blind zijn, het niet kunnen praten en mede daarom altijd verzorgd zal moeten blijven.</p><p><br>Haar ouders krijgen van het Sophia Kinderziekenhuis de boodschap, maak het voor Jasmijn zo comfortabel mogelijk.</p><p><br>Met deze boodschap doen haar ouders en grootouders alles wat in hun macht ligt om het Jasmijn zo aangenaam mogelijk te maken tijdens deze zeer moeilijke weg. Na de noodgedwongen verhuizing weten zij voor Jasmijn o.a. een aangepaste kamer te realiseren op de begane grond van hun nieuwe woning.</p><p><br>Als de AKF verneemt dat Jasmijn erg geholpen is bij het snoezelen (= het ontspannen in een ruimte waarin voorwerpen, beelden, kleuren, geuren en geluiden de zintuigen aangenaam prikkelen) besluiten wij de snoezel benodigdheden aan te schaffen voor haar aangepaste kamer.</p>'),
(320, '<p>De 8 jarige Jeriël lijdt aan een koemelkallergie en is allergisch voor huisstofmijt. Hij heeft regelmatig zware astmatische aanvallen en moet regelmatig daarvoor opgenomen worden in het ziekenhuis.</p><p><br>Volgens de longverpleegkundige is het voor Jeriël van belang dat hij slaapt onder allergeen werend beddengoed. Dit wordt echter niet vergoed door de ziektekosten verzekering en het gezin kan ook geen beroep meer doen op anderen regelingen.</p><p><br>Omdat het een meerwaarde is voor zijn gezondheid besluit de AKF het allergeen werende beddengoed voor Jeriël aan te schaffen. Tevens heeft de AKF er ook voor gezorgd dat zijn drie jongere broertjes er voortaan ook warmpjes bij liggen tijdens de koude maanden.</p><p><br>Als extraatje verrasten wij het gezinnetje met een goed gevulde boodschappentas en maakten wij de jongens blij met wat speelgoed.</p>'),
(322, '<p><strong>Helpende hand</strong></p><p>In de eerste jaren van haar bestaan was Aartsenfruit Kids Foundation vooral een ''doe-stichting''. Samen met de medewerkers van Aartsenfruit stak de AKF letterlijk de helpende hand uit naar die <br></p><p>kinderen die een steuntje in de rug konden gebruiken.</p><p><br></p><p><strong>Hulpvragen</strong></p><p>Aan tientallen hulpaanvragen werd in de periode 2007 tot en met 2014 gehoor gegeven. We staken de handen uit de mouwen als er ergens iets opgeknapt moest worden. Of hielpen in materiële zin als een voorziening voor de ouders of een organisatie onmogelijk leek. Anno 2015 mogen we trots en tevreden terugkijken op de hulp en de oplossingen die we konden bieden.</p><p><br></p><p><br></p><h2>Projecten</h2><p><strong><br></strong></p><p><strong>Ondersteunende projecten</strong></p><p>AKF is een samenwerking aangegaan met het Centrum Jeugd en Gezin (CJG). Bij deze landelijke organisatie kunnen ouders terecht met allerhande vragen over de opvoeding, het opgroeien en de gezondheid van hun kind. Aangezien het CJG in nauw contact staat met vele scholen en gezinnen zijn zij de oren en ogen voor AKF. Ingeval zij hulpvragen signaleren waarvoor geen of onvoldoende fondsen beschikbaar zijn, kan door het CJG een beroep worden gedaan op diverse ondersteunende projecten van AKF. De onderstaande projecten zijn primair gericht op het voorkomen van een sociaal isolement en de bevordering van het emotioneel welzijn van kinderen.</p>'),
(323, '<p>Download <a href="{CCM:FID_DL_50}" target="_blank">hier</a> het Beleidsplan van de Aartsenfruit Kids Foundation</p>'),
(325, '<h2>Vriend worden van AKF<br></h2>\r\n<p><br>\r\n</p>\r\n<h3>''Alleen doe je weinig, samen staan we sterk!''</h3>\r\n<p>Gelukkig staat de Aartsenfruit Kids Foundation er niet alleen voor en ontvangt de stichting financiële steun van onze vrienden. Word ook vriend van AKF of bestel ‘Oogappeltje’ onze mascotte. Wij willen u bij deze alvast bedanken voor alle steun aan de Aartsenfruit Kids Foundation!\r\n</p>\r\n<p><br>\r\n</p>\r\n<h3>Meerjarig donateurschap</h3>\r\n<p>U kunt ons als ‘Vriend van AKF’ steunen door een vaste jaarlijkse donatie. Maak in het donatieformulier uw keuze uit de hoogte van uw bijdrage (vanaf  € 100,00) en bepaal zelf de duur van uw donateurschap (keuze tussen 3, 4 of 5 jaar). U ontvangt automatisch jaarlijks een factuur.<br>\r\n</p>\r\n<p><br>\r\n</p>\r\n<p>Wanneer u meerjarig donateur wordt, dan heeft u als Vriend van AKF recht op een vermelding van uw (bedrijfs)naam en logo op onze website. Tevens ontvangt u een speciale ‘Vrienden Web-banner’ met het logo van AKF voor uw eigen communicatie.\r\n</p>\r\n<p><br>\r\n</p>\r\n<h3>Eenmalige donatie</h3>\r\n<p>Vanzelfsprekend kunt u ook kiezen voor een éénmalige donatie aan de AKF. Ook voor eenmalige donaties kunt u gebruik maken van het online donatieformulier. Hoe u ons ook steunt, we houden u als vriend of donateur graag op de hoogte van onze activiteiten.\r\n</p>\r\n<p><br>\r\n</p>\r\n<p><strong>Donatieformulier</strong><br>Download het <a href="http://www.forza-digital.com/demo/aartsenfruit-kids-foundation/download_file/view/34" target="_blank"><u>donatieformulier</u></a>.<br>\r\n</p>\r\n<p><br>\r\n</p>\r\n<p data-redactor-inserted-image="true" style="text-align: center;"><img src="http://www.forza-digital.com/demo/aartsenfruit-kids-foundation/download_file/view_inline/25" id="image-marker">\r\n</p>'),
(326, '<h2>Oogappeltje</h2>\r\n<p><strong><br></strong>\r\n</p>\r\n<p><strong>Oogappeltje bestellen</strong><br>U kunt de projecten die AKF initiëert steunen door onze mascotte ‘Oogappeltje’* te kopen. De volledige opbrengt van deze aanschaf komt ten goede aan onze projecten!\r\n</p>\r\n<p><br>\r\n</p>\r\n<p>U bestelt ‘Oogappeltje’ al voor € 7,50 per stuk (exclusief verzendkosten) door onderstaand bestelformulier in te vullen. Bereken de verzendkosten eenvoudig zelf aan de hand van onderstaand schema.\r\n</p>\r\n<p><br>\r\n</p>\r\n<p>Zodra het totaalbedrag van uw bestelling (inclusief de bijbehorende verzendkosten) zijn bijgeschreven op ons bankrekeningnummer ontvangt u uw ‘Oogappeltje(s)’ per post.\r\n</p>\r\n<p><br>\r\n</p>\r\n<p><em>* ‘Oogappeltje'' is in Nederland vervaardigd volgens de geldende CE normen</em>.\r\n</p>\r\n<p><br>\r\n</p>\r\n<p data-redactor-inserted-image="true" style="text-align: center;"><img src="http://www.forza-digital.com/demo/aartsenfruit-kids-foundation/download_file/view_inline/35" id="image-marker">\r\n</p>\r\n<p data-redactor-inserted-image="true" style="text-align: center;"><br>\r\n</p>\r\n<p><strong>Bereken de verzendkosten</strong>\r\n</p>\r\n<p><strong><br></strong>\r\n</p>\r\n<p><u>Nederland</u><br>- 1 of 2 Oogappeltjes € 2,44<br>- meer dan 2 Oogappeltjes (tot en met 10 kg) € 6,95\r\n</p>\r\n<p><u><br></u>\r\n</p>\r\n<p><u>Europa</u><br>- 1 of 2 Oogappeltjes € 5,09<br>- 3 tot 15 Oogappeltjes  € 19,50 (incl.track and trace)\r\n</p>\r\n<p><u><br></u>\r\n</p>\r\n<p><u>Buiten Europa</u><br>- 1 of 2 Oogappeltjes € 5,09<br>- 3 tot 15 Oogappeltjes € 24,30\r\n</p>\r\n<p><strong><br></strong>\r\n</p>\r\n<p><strong>Bankgegevens</strong><br>Rekeningnummer Rabobank Breda: NL34RABO015.23.22.132<br>Iban: NL34RABO015.23.22.132<br>BIC Code: RABONL2U<br><br><em>Bestellingen t.n.v. Stichting Aartsenfruit Kids Foundation te Breda o.v.v. ‘Oogappeltje’</em>\r\n</p>\r\n<p><em><br></em>\r\n</p>\r\n<p><em><br></em>\r\n</p>\r\n<p><em></em>\r\n</p>\r\n<h2>Bestel nu jouw Oogappeltje(s)!</h2>\r\n<p><br>\r\n</p>'),
(328, '<h2>Waarom stOerGelukkig</h2>\r\n<p><strong><br></strong>\r\n</p>\r\n<p><strong>''Kinderen hebben het recht om te weten!''</strong><br>\r\n</p>\r\n<p>AKF wil bereiken dat kinderen - de volwassenen van de toekomst - bewust worden in wat ze doen, in hoe ze omgaan met anderen én met zichzelf. Kinderen hebben het recht te weten hoe voeding, natuur en welzijn met elkaar verbonden zijn. Door in begrijpelijke kindertaal - zonder opgestoken wijsvinger - inzicht te geven in o.a. het belang van goede voeding en een gezonde levensstijl, kunnen ze later bewustere en daarmee betere keuzes maken voor zichzelf en hun omgeving.\r\n</p>\r\n<p><br>\r\n</p>\r\n<p data-redactor-inserted-image="true" style="text-align: center;"><concrete-picture fID="25" id="image-marker" />\r\n</p>\r\n<p data-redactor-inserted-image="true" style="text-align: center;"><br>\r\n</p>\r\n<p data-redactor-inserted-image="true"><strong>''Het is stoer om Oer Gelukkig te zijn!''</strong><br>Bij de verdere ontwikkeling van haar gedachtegoed raakte AKF geïnspireerd door het boek ‘Oersterk’ van Richard de Leth. Gesterkt door zijn inzichten ontsproot de gedachte ‘het is stoer om Oer Gelukkig te zijn!’. Ofwel ‘stOerGelukkig’. Onder deze naam en met deze filosofie ontwikkelt de stichting diverse projecten en activiteiten. <br>\r\n</p>\r\n<p data-redactor-inserted-image="true"><br>\r\n</p>\r\n<p><strong>Trajecten</strong><br>‘stOerGelukkig’ vertaalt zich naar drie trajecten:\r\n</p>\r\n<ul>\r\n	<li>Schoolprojecten</li>\r\n	<li>Ondersteunende projecten</li>\r\n	<li>Sponsoring van groente & fruit</li>\r\n</ul>'),
(329, '<h1>ONS GEDACHTEGOED<br></h1><p><br></p><p>Kinderen hebben het recht om te weten.</p><p><br></p><p>AKF wil bereiken dat kinderen - de volwassenen van de toekomst - bewust worden in wat ze doen, in hoe ze omgaan met anderen én met zichzelf. Kinderen hebben het recht te weten hoe voeding, natuur en welzijn met elkaar verbonden zijn. Door in begrijpelijke kindertaal - zonder opgestoken wijsvinger - inzicht te geven in o.a. het belang van goede voeding en een gezonde levensstijl, kunnen ze later bewustere en daarmee betere keuzes maken voor zichzelf en hun omgeving.</p><p><br></p><p>stOerGelukkig vertaalt zich naar de volgende Initiatieven.</p>');

-- --------------------------------------------------------

--
-- Tabelstructuur voor tabel `btCoreAreaLayout`
--

CREATE TABLE `btCoreAreaLayout` (
  `bID` int(10) UNSIGNED NOT NULL DEFAULT '0',
  `arLayoutID` int(10) UNSIGNED NOT NULL DEFAULT '0'
) ENGINE=InnoDB DEFAULT CHARSET=utf8 COLLATE=utf8_unicode_ci;

--
-- Gegevens worden geëxporteerd voor tabel `btCoreAreaLayout`
--

INSERT INTO `btCoreAreaLayout` (`bID`, `arLayoutID`) VALUES
(36, 1),
(52, 2),
(60, 3),
(63, 4),
(69, 5),
(75, 6),
(79, 7),
(97, 8),
(101, 9),
(109, 10),
(120, 11),
(124, 12),
(131, 13),
(136, 14),
(142, 15),
(148, 16),
(156, 17);

-- --------------------------------------------------------

--
-- Tabelstructuur voor tabel `btCoreConversation`
--

CREATE TABLE `btCoreConversation` (
  `bID` int(10) UNSIGNED NOT NULL,
  `cnvID` int(11) DEFAULT NULL,
  `enablePosting` int(11) DEFAULT '1',
  `paginate` tinyint(1) NOT NULL DEFAULT '1',
  `itemsPerPage` smallint(5) UNSIGNED NOT NULL DEFAULT '50',
  `displayMode` varchar(255) COLLATE utf8_unicode_ci NOT NULL DEFAULT 'threaded',
  `orderBy` varchar(255) COLLATE utf8_unicode_ci NOT NULL DEFAULT 'date_desc',
  `enableOrdering` tinyint(1) NOT NULL DEFAULT '1',
  `enableCommentRating` tinyint(1) NOT NULL DEFAULT '1',
  `displayPostingForm` varchar(255) COLLATE utf8_unicode_ci NOT NULL DEFAULT 'top',
  `addMessageLabel` varchar(255) COLLATE utf8_unicode_ci NOT NULL DEFAULT '',
  `dateFormat` varchar(255) COLLATE utf8_unicode_ci DEFAULT 'default',
  `customDateFormat` varchar(255) COLLATE utf8_unicode_ci DEFAULT NULL
) ENGINE=InnoDB DEFAULT CHARSET=utf8 COLLATE=utf8_unicode_ci;

--
-- Gegevens worden geëxporteerd voor tabel `btCoreConversation`
--

INSERT INTO `btCoreConversation` (`bID`, `cnvID`, `enablePosting`, `paginate`, `itemsPerPage`, `displayMode`, `orderBy`, `enableOrdering`, `enableCommentRating`, `displayPostingForm`, `addMessageLabel`, `dateFormat`, `customDateFormat`) VALUES
(16, 1, 1, 1, 50, 'threaded', 'date_asc', 0, 1, 'top', 'Add Message', 'default', ''),
(112, 2, 1, 1, 50, 'threaded', 'date_asc', 0, 1, 'top', 'Add Message', 'default', ''),
(114, 3, 1, 1, 50, 'threaded', 'date_asc', 0, 1, 'top', 'Add Message', 'default', ''),
(116, 4, 1, 1, 50, 'threaded', 'date_asc', 0, 1, 'top', 'Add Message', 'default', '');

-- --------------------------------------------------------

--
-- Tabelstructuur voor tabel `btCorePageTypeComposerControlOutput`
--

CREATE TABLE `btCorePageTypeComposerControlOutput` (
  `bID` int(10) UNSIGNED NOT NULL,
  `ptComposerOutputControlID` int(10) UNSIGNED NOT NULL DEFAULT '0'
) ENGINE=InnoDB DEFAULT CHARSET=utf8 COLLATE=utf8_unicode_ci;

--
-- Gegevens worden geëxporteerd voor tabel `btCorePageTypeComposerControlOutput`
--

INSERT INTO `btCorePageTypeComposerControlOutput` (`bID`, `ptComposerOutputControlID`) VALUES
(10, 1),
(25, 2),
(28, 3),
(32, 4);

-- --------------------------------------------------------

--
-- Tabelstructuur voor tabel `btCoreScrapbookDisplay`
--

CREATE TABLE `btCoreScrapbookDisplay` (
  `bID` int(10) UNSIGNED NOT NULL,
  `bOriginalID` int(10) UNSIGNED NOT NULL
) ENGINE=InnoDB DEFAULT CHARSET=utf8 COLLATE=utf8_unicode_ci;

-- --------------------------------------------------------

--
-- Tabelstructuur voor tabel `btCoreStackDisplay`
--

CREATE TABLE `btCoreStackDisplay` (
  `bID` int(10) UNSIGNED NOT NULL,
  `stID` int(10) UNSIGNED NOT NULL
) ENGINE=InnoDB DEFAULT CHARSET=utf8 COLLATE=utf8_unicode_ci;

-- --------------------------------------------------------

--
-- Tabelstructuur voor tabel `btDashboardNewsflowLatest`
--

CREATE TABLE `btDashboardNewsflowLatest` (
  `bID` int(10) UNSIGNED NOT NULL,
  `slot` varchar(1) COLLATE utf8_unicode_ci NOT NULL
) ENGINE=InnoDB DEFAULT CHARSET=utf8 COLLATE=utf8_unicode_ci;

--
-- Gegevens worden geëxporteerd voor tabel `btDashboardNewsflowLatest`
--

INSERT INTO `btDashboardNewsflowLatest` (`bID`, `slot`) VALUES
(4, 'A'),
(5, 'B'),
(8, 'C');

-- --------------------------------------------------------

--
-- Tabelstructuur voor tabel `btDateNavigation`
--

CREATE TABLE `btDateNavigation` (
  `bID` int(10) UNSIGNED NOT NULL,
  `title` varchar(255) COLLATE utf8_unicode_ci NOT NULL DEFAULT '',
  `filterByParent` tinyint(1) DEFAULT '0',
  `redirectToResults` tinyint(1) DEFAULT '0',
  `cParentID` int(10) UNSIGNED NOT NULL DEFAULT '0',
  `cTargetID` int(10) UNSIGNED NOT NULL DEFAULT '0' COMMENT 'this field is where the links will direct you',
  `ptID` smallint(5) UNSIGNED DEFAULT NULL
) ENGINE=InnoDB DEFAULT CHARSET=utf8 COLLATE=utf8_unicode_ci;

--
-- Gegevens worden geëxporteerd voor tabel `btDateNavigation`
--

INSERT INTO `btDateNavigation` (`bID`, `title`, `filterByParent`, `redirectToResults`, `cParentID`, `cTargetID`, `ptID`) VALUES
(39, 'Archives', 1, 0, 159, 0, 7);

-- --------------------------------------------------------

--
-- Tabelstructuur voor tabel `btExternalForm`
--

CREATE TABLE `btExternalForm` (
  `bID` int(10) UNSIGNED NOT NULL,
  `filename` varchar(128) COLLATE utf8_unicode_ci DEFAULT NULL
) ENGINE=InnoDB DEFAULT CHARSET=utf8 COLLATE=utf8_unicode_ci;

-- --------------------------------------------------------

--
-- Tabelstructuur voor tabel `btFaq`
--

CREATE TABLE `btFaq` (
  `bID` int(10) UNSIGNED NOT NULL,
  `blockTitle` varchar(255) COLLATE utf8_unicode_ci DEFAULT NULL
) ENGINE=InnoDB DEFAULT CHARSET=utf8 COLLATE=utf8_unicode_ci;

--
-- Gegevens worden geëxporteerd voor tabel `btFaq`
--

INSERT INTO `btFaq` (`bID`, `blockTitle`) VALUES
(162, '');

-- --------------------------------------------------------

--
-- Tabelstructuur voor tabel `btFaqEntries`
--

CREATE TABLE `btFaqEntries` (
  `id` int(10) UNSIGNED NOT NULL,
  `bID` int(10) UNSIGNED DEFAULT NULL,
  `linkTitle` varchar(255) COLLATE utf8_unicode_ci DEFAULT NULL,
  `title` varchar(255) COLLATE utf8_unicode_ci DEFAULT NULL,
  `sortOrder` int(11) DEFAULT NULL,
  `description` longtext COLLATE utf8_unicode_ci
) ENGINE=InnoDB DEFAULT CHARSET=utf8 COLLATE=utf8_unicode_ci;

--
-- Gegevens worden geëxporteerd voor tabel `btFaqEntries`
--

INSERT INTO `btFaqEntries` (`id`, `bID`, `linkTitle`, `title`, `sortOrder`, `description`) VALUES
(4, 162, 'What are page versions?', 'What are page versions?', 0, '\n                                    Pellentesque ultricies ligula vel neque dictum, eu mollis tortor adipiscing. Etiam congue, est vel tincidunt vestibulum, nunc nunc porta nulla, at adipiscing neque tellus quis urna. Pellentesque ultricies ligula vel neque dictum, eu mollis tortor adipiscing. Etiam congue, est vel tincidunt vestibulum, nunc nunc porta nulla, at adipiscing neque tellus quis urna. '),
(5, 162, 'How do I add more people as editors in my website?', 'How do I add more people as editors in my website?', 1, '\n                                    Pellentesque ultricies ligula vel neque dictum, eu mollis tortor adipiscing. Etiam congue, est vel tincidunt vestibulum, nunc nunc porta nulla, at adipiscing neque tellus quis urna. Pellentesque ultricies ligula vel neque dictum, eu mollis tortor adipiscing. Etiam congue, est vel tincidunt vestibulum, nunc nunc porta nulla, at adipiscing neque tellus quis urna. Pellentesque ultricies ligula vel neque dictum, eu mollis tortor adipiscing. Etiam congue, est vel tincidunt vestibulum, nunc nunc porta nulla, at adipiscing neque tellus quis urna. ');

-- --------------------------------------------------------

--
-- Tabelstructuur voor tabel `btFeature`
--

CREATE TABLE `btFeature` (
  `bID` int(10) UNSIGNED NOT NULL,
  `icon` varchar(255) COLLATE utf8_unicode_ci DEFAULT NULL,
  `title` varchar(255) COLLATE utf8_unicode_ci DEFAULT NULL,
  `paragraph` text COLLATE utf8_unicode_ci,
  `externalLink` varchar(255) COLLATE utf8_unicode_ci DEFAULT NULL,
  `internalLinkCID` int(10) UNSIGNED DEFAULT '0'
) ENGINE=InnoDB DEFAULT CHARSET=utf8 COLLATE=utf8_unicode_ci;

--
-- Gegevens worden geëxporteerd voor tabel `btFeature`
--

INSERT INTO `btFeature` (`bID`, `icon`, `title`, `paragraph`, `externalLink`, `internalLinkCID`) VALUES
(53, 'pencil', 'Easy to Edit', 'Pellentesque ultricies ligula vel neque dictum, eu mollis tortor adipiscing. Etiam congue, est vel tincidunt vestibulum, nunc nunc porta nulla, at adipiscing neque tellus quis urna.', '', 0),
(54, 'eye', 'Pixel Perfect', 'Pellentesque ultricies ligula vel neque dictum, eu mollis tortor adipiscing. Etiam congue, est vel tincidunt vestibulum, nunc nunc porta nulla, at adipiscing neque tellus quis urna.', '', 0),
(55, 'youtube-play', 'Media Rich', 'Pellentesque ultricies ligula vel neque dictum, eu mollis tortor adipiscing. Etiam congue, est vel tincidunt vestibulum, nunc nunc porta nulla, at adipiscing neque tellus quis urna.', '', 0),
(70, 'star', 'Quality', 'Lorem ipsum dolor sit amet, consectetur adipiscing elit. Nulla sodales non leo id aliquet.', '', 0),
(71, 'tint', 'Design', 'Lorem ipsum dolor sit amet, consectetur adipiscing elit. Nulla sodales non leo id aliquet.', '', 0),
(72, 'cog', 'Development', 'Lorem ipsum dolor sit amet, consectetur adipiscing elit. Nulla sodales non leo id aliquet.', '', 0),
(73, 'lock', 'Security', 'Lorem ipsum dolor sit amet, consectetur adipiscing elit. Nulla sodales non leo id aliquet.', '', 0),
(149, 'home', 'Welcome Home', '\n                                                    Curabitur sagittis elementum felis at sodales. Nullam fermentum at urna quis accumsan.', '', 0),
(150, 'user', 'Great Workers', '\n                                                    Curabitur sagittis elementum felis at sodales. Nullam fermentum at urna quis accumsan.', '', 0),
(151, 'flag', 'Amazing Location', '\n                                                    Curabitur sagittis elementum felis at sodales. Nullam fermentum at urna quis accumsan.', '', 0),
(152, 'clock-o', 'Paid Time Off', '\n                                                    Curabitur sagittis elementum felis at sodales. Nullam fermentum at urna quis accumsan.', '', 0),
(153, 'star', 'No Meetings', '\n                                                    Curabitur sagittis elementum felis at sodales. Nullam fermentum at urna quis accumsan.', '', 0),
(154, 'beer', 'Free Drinks', '\n                                                    Curabitur sagittis elementum felis at sodales. Nullam fermentum at urna quis accumsan.', '', 0);

-- --------------------------------------------------------

--
-- Tabelstructuur voor tabel `btForm`
--

CREATE TABLE `btForm` (
  `bID` int(10) UNSIGNED NOT NULL,
  `questionSetId` int(10) UNSIGNED DEFAULT '0',
  `surveyName` varchar(255) COLLATE utf8_unicode_ci DEFAULT NULL,
  `submitText` varchar(255) COLLATE utf8_unicode_ci DEFAULT 'Submit',
  `thankyouMsg` text COLLATE utf8_unicode_ci,
  `notifyMeOnSubmission` tinyint(1) NOT NULL DEFAULT '0',
  `recipientEmail` varchar(255) COLLATE utf8_unicode_ci DEFAULT NULL,
  `displayCaptcha` int(11) DEFAULT '1',
  `redirectCID` int(11) DEFAULT '0',
  `addFilesToSet` int(11) DEFAULT '0'
) ENGINE=InnoDB DEFAULT CHARSET=utf8 COLLATE=utf8_unicode_ci;

--
-- Gegevens worden geëxporteerd voor tabel `btForm`
--

INSERT INTO `btForm` (`bID`, `questionSetId`, `surveyName`, `submitText`, `thankyouMsg`, `notifyMeOnSubmission`, `recipientEmail`, `displayCaptcha`, `redirectCID`, `addFilesToSet`) VALUES
(128, 1487753059, 'Contact Us', 'Submit', 'Thanks!', 0, '', 0, 0, 0),
(240, 1487860864, 'Bestel nu jouw Oogappeltje(s)!', 'Bestel', 'Bedankt voor de bestelling! We nemen zo snel mogelijk contact met je op.', 0, '', 0, 0, 0),
(327, 1488206108, 'Bestel nu jouw Oogappeltje(s)!', 'Bestel', 'Bedankt voor de bestelling! We nemen zo snel mogelijk contact met je op.', 1, '', 0, 0, 0);

-- --------------------------------------------------------

--
-- Tabelstructuur voor tabel `btFormAnswers`
--

CREATE TABLE `btFormAnswers` (
  `aID` int(10) UNSIGNED NOT NULL,
  `asID` int(10) UNSIGNED DEFAULT '0',
  `msqID` int(10) UNSIGNED DEFAULT '0',
  `answer` varchar(255) COLLATE utf8_unicode_ci DEFAULT NULL,
  `answerLong` text COLLATE utf8_unicode_ci
) ENGINE=InnoDB DEFAULT CHARSET=utf8 COLLATE=utf8_unicode_ci;

-- --------------------------------------------------------

--
-- Tabelstructuur voor tabel `btFormAnswerSet`
--

CREATE TABLE `btFormAnswerSet` (
  `asID` int(10) UNSIGNED NOT NULL,
  `questionSetId` int(10) UNSIGNED DEFAULT '0',
  `created` timestamp NOT NULL DEFAULT CURRENT_TIMESTAMP,
  `uID` int(10) UNSIGNED DEFAULT '0'
) ENGINE=InnoDB DEFAULT CHARSET=utf8 COLLATE=utf8_unicode_ci;

-- --------------------------------------------------------

--
-- Tabelstructuur voor tabel `btFormQuestions`
--

CREATE TABLE `btFormQuestions` (
  `qID` int(10) UNSIGNED NOT NULL,
  `msqID` int(10) UNSIGNED DEFAULT '0',
  `bID` int(10) UNSIGNED DEFAULT '0',
  `questionSetId` int(10) UNSIGNED DEFAULT '0',
  `question` varchar(255) COLLATE utf8_unicode_ci DEFAULT NULL,
  `inputType` varchar(255) COLLATE utf8_unicode_ci DEFAULT NULL,
  `options` text COLLATE utf8_unicode_ci,
  `position` int(10) UNSIGNED DEFAULT '1000',
  `width` int(10) UNSIGNED DEFAULT '50',
  `height` int(10) UNSIGNED DEFAULT '3',
  `defaultDate` varchar(255) COLLATE utf8_unicode_ci DEFAULT '',
  `required` int(11) DEFAULT '0'
) ENGINE=InnoDB DEFAULT CHARSET=utf8 COLLATE=utf8_unicode_ci;

--
-- Gegevens worden geëxporteerd voor tabel `btFormQuestions`
--

INSERT INTO `btFormQuestions` (`qID`, `msqID`, `bID`, `questionSetId`, `question`, `inputType`, `options`, `position`, `width`, `height`, `defaultDate`, `required`) VALUES
(19, 1, 128, 1487753059, 'First Name', 'field', '', 0, 50, 3, '', 1),
(20, 2, 128, 1487753059, 'Last Name', 'field', '', 0, 50, 3, '', 1),
(21, 3, 128, 1487753059, 'Email Address', 'email', 'a:1:{s:22:"send_notification_from";i:0;}', 0, 50, 3, '', 1),
(25, 4, 128, 1487753059, 'Subject', 'select', '\n                                                    I love your work.%%Great website.%%Check out this cool thing I found.%%Other.', 0, 50, 3, '', 0),
(26, 5, 128, 1487753059, 'Message', 'text', '', 0, 50, 3, '', 0),
(27, 6, 240, 1487860864, 'Naam:', 'field', '', 1000, 50, 3, '', 1),
(28, 7, 240, 1487860864, 'Adres:', 'field', '', 1000, 50, 3, '', 1),
(29, 8, 240, 1487860864, 'Postcode:', 'field', '', 1000, 50, 3, '', 1),
(30, 9, 240, 1487860864, 'Plaats:', 'field', '', 1000, 50, 3, '', 1),
(31, 10, 240, 1487860864, 'Telefoon:', 'field', '', 1000, 50, 3, '', 1),
(32, 11, 240, 1487860864, 'E-mail:', 'field', '', 1000, 50, 3, '', 1),
(33, 12, 240, 1487860864, 'Aantal:', 'select', '1%%2%%3%%4%%5%%Anders', 1000, 50, 3, '', 1),
(34, 13, 240, 1487860864, 'Meer namelijk:', 'field', '', 1000, 50, 3, '', 0),
(35, 14, 327, 1488206108, 'Naam:', 'field', '', 1000, 50, 3, '', 1),
(36, 15, 327, 1488206108, 'Adres:', 'field', '', 1000, 50, 3, '', 1),
(37, 16, 327, 1488206108, 'Postcode:', 'field', '', 1000, 0, 0, '', 1),
(38, 17, 327, 1488206108, 'Plaats:', 'field', '', 1000, 50, 3, '', 1),
(39, 18, 327, 1488206108, 'Telefoon:', 'field', '', 1000, 50, 3, '', 1),
(40, 19, 327, 1488206108, 'E-mail:', 'field', '', 1000, 50, 3, '', 1),
(41, 20, 327, 1488206108, 'Aantal:', 'select', '1%%2%%3%%4%%5%%Anders', 1000, 0, 0, '', 1),
(42, 21, 327, 1488206108, 'Meer namelijk:', 'field', '', 1000, 50, 3, '', 0);

-- --------------------------------------------------------

--
-- Tabelstructuur voor tabel `btGoogleMap`
--

CREATE TABLE `btGoogleMap` (
  `bID` int(10) UNSIGNED NOT NULL,
  `title` varchar(255) COLLATE utf8_unicode_ci DEFAULT NULL,
  `location` varchar(255) COLLATE utf8_unicode_ci DEFAULT NULL,
  `latitude` double DEFAULT NULL,
  `longitude` double DEFAULT NULL,
  `zoom` smallint(6) DEFAULT NULL,
  `width` varchar(8) COLLATE utf8_unicode_ci DEFAULT '100%',
  `height` varchar(8) COLLATE utf8_unicode_ci DEFAULT '400px',
  `scrollwheel` tinyint(1) NOT NULL DEFAULT '1'
) ENGINE=InnoDB DEFAULT CHARSET=utf8 COLLATE=utf8_unicode_ci;

--
-- Gegevens worden geëxporteerd voor tabel `btGoogleMap`
--

INSERT INTO `btGoogleMap` (`bID`, `title`, `location`, `latitude`, `longitude`, `zoom`, `width`, `height`, `scrollwheel`) VALUES
(121, '', '1200 NW Naito Pkwy, Portland, OR, United States', 45.5313254, -122.6763493, 14, '100%', '400px', 0);

-- --------------------------------------------------------

--
-- Tabelstructuur voor tabel `btImageSlider`
--

CREATE TABLE `btImageSlider` (
  `bID` int(10) UNSIGNED NOT NULL,
  `navigationType` int(10) UNSIGNED DEFAULT '0',
  `timeout` int(10) UNSIGNED DEFAULT NULL,
  `speed` int(10) UNSIGNED DEFAULT NULL,
  `noAnimate` int(10) UNSIGNED DEFAULT NULL,
  `pause` int(10) UNSIGNED DEFAULT NULL,
  `maxWidth` int(10) UNSIGNED DEFAULT NULL
) ENGINE=InnoDB DEFAULT CHARSET=utf8 COLLATE=utf8_unicode_ci;

--
-- Gegevens worden geëxporteerd voor tabel `btImageSlider`
--

INSERT INTO `btImageSlider` (`bID`, `navigationType`, `timeout`, `speed`, `noAnimate`, `pause`, `maxWidth`) VALUES
(51, 1, 4000, 500, 0, 0, 0),
(84, 0, 4000, 500, 0, 0, 0),
(86, 0, 4000, 500, 0, 0, 0),
(88, 0, 4000, 500, 0, 0, 0),
(90, 0, 4000, 500, 0, 0, 0),
(92, 0, 4000, 500, 0, 0, 0),
(94, 0, 4000, 500, 0, 0, 0);

-- --------------------------------------------------------

--
-- Tabelstructuur voor tabel `btImageSliderEntries`
--

CREATE TABLE `btImageSliderEntries` (
  `id` int(10) UNSIGNED NOT NULL,
  `bID` int(10) UNSIGNED DEFAULT NULL,
  `cID` int(10) UNSIGNED DEFAULT '0',
  `fID` int(10) UNSIGNED DEFAULT '0',
  `linkURL` varchar(255) COLLATE utf8_unicode_ci DEFAULT NULL,
  `internalLinkCID` int(10) UNSIGNED DEFAULT '0',
  `title` longtext COLLATE utf8_unicode_ci,
  `description` longtext COLLATE utf8_unicode_ci,
  `sortOrder` int(11) DEFAULT NULL
) ENGINE=InnoDB DEFAULT CHARSET=utf8 COLLATE=utf8_unicode_ci;

--
-- Gegevens worden geëxporteerd voor tabel `btImageSliderEntries`
--

INSERT INTO `btImageSliderEntries` (`id`, `bID`, `cID`, `fID`, `linkURL`, `internalLinkCID`, `title`, `description`, `sortOrder`) VALUES
(1, 51, 0, 13, '', 0, 'Stand Out on the Web', '<p>Share your business with an impressive, yet minimal presentation. Let your customers understand your web presence through elegance and clarity.</p>', 0),
(2, 51, 0, 14, '', 0, 'A Simple Image Slider', '<p>This image slider can have any content that you want in it.</p>', 1),
(3, 84, 0, 16, '', 0, '', '', 0),
(4, 84, 0, 15, '', 0, '', '', 1),
(5, 84, 0, 12, '', 0, '', '', 2),
(6, 86, 0, 16, '', 0, '', '', 0),
(7, 86, 0, 15, '', 0, '', '', 1),
(8, 86, 0, 12, '', 0, '', '', 2),
(9, 88, 0, 16, '', 0, '', '', 0),
(10, 88, 0, 15, '', 0, '', '', 1),
(11, 88, 0, 12, '', 0, '', '', 2),
(12, 90, 0, 16, '', 0, '', '', 0),
(13, 90, 0, 15, '', 0, '', '', 1),
(14, 90, 0, 12, '', 0, '', '', 2),
(15, 92, 0, 16, '', 0, '', '', 0),
(16, 92, 0, 15, '', 0, '', '', 1),
(17, 92, 0, 12, '', 0, '', '', 2),
(18, 94, 0, 16, '', 0, '', '', 0),
(19, 94, 0, 15, '', 0, '', '', 1),
(20, 94, 0, 12, '', 0, '', '', 2);

-- --------------------------------------------------------

--
-- Tabelstructuur voor tabel `btNavigation`
--

CREATE TABLE `btNavigation` (
  `bID` int(10) UNSIGNED NOT NULL,
  `orderBy` varchar(255) COLLATE utf8_unicode_ci DEFAULT 'alpha_asc',
  `displayPages` varchar(255) COLLATE utf8_unicode_ci DEFAULT 'top' COMMENT 'was enum(''top'',''current'',''above'',''below'',''custom'')',
  `displayPagesCID` int(10) UNSIGNED NOT NULL DEFAULT '1',
  `displayPagesIncludeSelf` tinyint(1) NOT NULL DEFAULT '0',
  `displaySubPages` varchar(255) COLLATE utf8_unicode_ci DEFAULT 'none' COMMENT 'was enum(''none'',''all'',''relevant'',''relevant_breadcrumb'')',
  `displaySubPageLevels` varchar(255) COLLATE utf8_unicode_ci DEFAULT 'none' COMMENT 'was enum(''all'',''none'',''enough'',''enough_plus1'',''custom'')',
  `displaySubPageLevelsNum` smallint(5) UNSIGNED NOT NULL DEFAULT '0',
  `displayUnavailablePages` tinyint(1) NOT NULL DEFAULT '0',
  `displaySystemPages` smallint(5) UNSIGNED NOT NULL DEFAULT '0'
) ENGINE=InnoDB DEFAULT CHARSET=utf8 COLLATE=utf8_unicode_ci;

--
-- Gegevens worden geëxporteerd voor tabel `btNavigation`
--

INSERT INTO `btNavigation` (`bID`, `orderBy`, `displayPages`, `displayPagesCID`, `displayPagesIncludeSelf`, `displaySubPages`, `displaySubPageLevels`, `displaySubPageLevelsNum`, `displayUnavailablePages`, `displaySystemPages`) VALUES
(48, 'display_asc', 'top', 0, 0, 'all', 'custom', 1, 0, 0),
(163, 'display_asc', 'top', 0, 0, 'none', 'enough', 0, 0, 0),
(217, 'display_asc', 'top', 0, 0, 'all', 'enough', 0, 0, 0),
(218, 'display_asc', 'top', 0, 0, 'all', 'all', 0, 0, 0),
(219, 'display_asc', 'top', 0, 0, 'all', 'enough_plus1', 0, 0, 0),
(220, 'display_asc', 'top', 0, 0, 'all', 'enough', 0, 0, 0),
(221, 'display_asc', 'top', 0, 0, 'all', 'all', 0, 0, 0),
(305, 'display_asc', 'second_level', 0, 0, 'all', 'all', 0, 0, 0),
(306, 'display_asc', 'second_level', 0, 0, 'all', 'all', 0, 0, 0),
(310, 'display_asc', 'top', 0, 0, 'none', 'all', 0, 0, 0);

-- --------------------------------------------------------

--
-- Tabelstructuur voor tabel `btNextPrevious`
--

CREATE TABLE `btNextPrevious` (
  `bID` int(10) UNSIGNED NOT NULL,
  `nextLabel` varchar(128) COLLATE utf8_unicode_ci DEFAULT NULL,
  `previousLabel` varchar(128) COLLATE utf8_unicode_ci DEFAULT NULL,
  `parentLabel` varchar(128) COLLATE utf8_unicode_ci DEFAULT NULL,
  `loopSequence` int(11) DEFAULT '1',
  `excludeSystemPages` int(11) DEFAULT '1',
  `orderBy` varchar(20) COLLATE utf8_unicode_ci DEFAULT 'display_asc'
) ENGINE=InnoDB DEFAULT CHARSET=utf8 COLLATE=utf8_unicode_ci;

--
-- Gegevens worden geëxporteerd voor tabel `btNextPrevious`
--

INSERT INTO `btNextPrevious` (`bID`, `nextLabel`, `previousLabel`, `parentLabel`, `loopSequence`, `excludeSystemPages`, `orderBy`) VALUES
(11, 'Next Post', 'Last Post', '', 0, 1, 'chrono_desc');

-- --------------------------------------------------------

--
-- Tabelstructuur voor tabel `btPageAttributeDisplay`
--

CREATE TABLE `btPageAttributeDisplay` (
  `bID` int(10) UNSIGNED NOT NULL,
  `attributeHandle` varchar(255) COLLATE utf8_unicode_ci DEFAULT NULL,
  `attributeTitleText` varchar(255) COLLATE utf8_unicode_ci DEFAULT NULL,
  `displayTag` varchar(255) COLLATE utf8_unicode_ci DEFAULT NULL,
  `dateFormat` varchar(100) COLLATE utf8_unicode_ci DEFAULT 'div',
  `thumbnailHeight` int(10) UNSIGNED DEFAULT NULL,
  `thumbnailWidth` int(10) UNSIGNED DEFAULT NULL
) ENGINE=InnoDB DEFAULT CHARSET=utf8 COLLATE=utf8_unicode_ci;

--
-- Gegevens worden geëxporteerd voor tabel `btPageAttributeDisplay`
--

INSERT INTO `btPageAttributeDisplay` (`bID`, `attributeHandle`, `attributeTitleText`, `displayTag`, `dateFormat`, `thumbnailHeight`, `thumbnailWidth`) VALUES
(21, 'job_posting_department', '', 'p', 'm/d/y h:i:a', 250, 250),
(23, 'job_location', '', 'p', 'm/d/y h:i:a', 250, 250),
(29, 'project_client', 'Client:', 'div', 'm/d/y h:i:a', 250, 250),
(30, 'project_tasks', 'Task:', 'div', 'm/d/y h:i:a', 250, 250),
(31, 'project_skills', 'Skills:', 'div', 'm/d/y h:i:a', 250, 250);

-- --------------------------------------------------------

--
-- Tabelstructuur voor tabel `btPageList`
--

CREATE TABLE `btPageList` (
  `bID` int(10) UNSIGNED NOT NULL,
  `num` smallint(5) UNSIGNED NOT NULL,
  `orderBy` varchar(32) COLLATE utf8_unicode_ci DEFAULT NULL COMMENT 'Was enum, display_asc'',''display_desc'',''chrono_asc'',''chrono_desc'',''alpha_asc'',''alpha_desc'',''score_asc'',''score_desc''',
  `cParentID` int(10) UNSIGNED NOT NULL DEFAULT '1',
  `cThis` tinyint(1) NOT NULL DEFAULT '0',
  `useButtonForLink` tinyint(1) NOT NULL DEFAULT '0',
  `buttonLinkText` varchar(255) COLLATE utf8_unicode_ci DEFAULT NULL,
  `pageListTitle` varchar(255) COLLATE utf8_unicode_ci DEFAULT NULL,
  `filterByRelated` tinyint(1) NOT NULL DEFAULT '0',
  `filterByCustomTopic` tinyint(1) NOT NULL DEFAULT '0',
  `filterDateOption` varchar(25) COLLATE utf8_unicode_ci DEFAULT 'all' COMMENT '(''all'',''today'',''past'',''future'',''between'')',
  `filterDateDays` int(10) UNSIGNED NOT NULL DEFAULT '0',
  `filterDateStart` varchar(20) COLLATE utf8_unicode_ci DEFAULT NULL,
  `filterDateEnd` varchar(20) COLLATE utf8_unicode_ci DEFAULT NULL,
  `relatedTopicAttributeKeyHandle` varchar(255) COLLATE utf8_unicode_ci DEFAULT NULL,
  `customTopicAttributeKeyHandle` varchar(255) COLLATE utf8_unicode_ci DEFAULT NULL,
  `customTopicTreeNodeID` int(10) UNSIGNED NOT NULL DEFAULT '0',
  `includeName` tinyint(1) NOT NULL DEFAULT '1',
  `includeDescription` tinyint(1) NOT NULL DEFAULT '1',
  `includeDate` tinyint(1) NOT NULL DEFAULT '0',
  `includeAllDescendents` tinyint(1) NOT NULL DEFAULT '0',
  `paginate` tinyint(1) NOT NULL DEFAULT '0',
  `displayAliases` tinyint(1) NOT NULL DEFAULT '1',
  `ignorePermissions` tinyint(1) NOT NULL DEFAULT '0',
  `enableExternalFiltering` tinyint(1) NOT NULL DEFAULT '0',
  `ptID` smallint(5) UNSIGNED DEFAULT NULL,
  `pfID` int(11) DEFAULT '0',
  `truncateSummaries` int(11) DEFAULT '0',
  `displayFeaturedOnly` tinyint(1) DEFAULT '0',
  `noResultsMessage` varchar(255) COLLATE utf8_unicode_ci DEFAULT NULL,
  `displayThumbnail` tinyint(1) DEFAULT '0',
  `truncateChars` int(11) DEFAULT '128'
) ENGINE=InnoDB DEFAULT CHARSET=utf8 COLLATE=utf8_unicode_ci;

--
-- Gegevens worden geëxporteerd voor tabel `btPageList`
--

INSERT INTO `btPageList` (`bID`, `num`, `orderBy`, `cParentID`, `cThis`, `useButtonForLink`, `buttonLinkText`, `pageListTitle`, `filterByRelated`, `filterByCustomTopic`, `filterDateOption`, `filterDateDays`, `filterDateStart`, `filterDateEnd`, `relatedTopicAttributeKeyHandle`, `customTopicAttributeKeyHandle`, `customTopicTreeNodeID`, `includeName`, `includeDescription`, `includeDate`, `includeAllDescendents`, `paginate`, `displayAliases`, `ignorePermissions`, `enableExternalFiltering`, `ptID`, `pfID`, `truncateSummaries`, `displayFeaturedOnly`, `noResultsMessage`, `displayThumbnail`, `truncateChars`) VALUES
(14, 3, 'random', 159, 0, 0, NULL, 'Related Posts', 0, 0, '', 0, NULL, NULL, '', '', 0, 1, 0, 0, 0, 0, 0, 0, 0, 7, 0, 0, 0, NULL, 0, 0),
(18, 0, 'chrono_desc', 175, 0, 0, NULL, 'Open Positions', 0, 0, '', 0, NULL, NULL, '', '', 0, 1, 0, 0, 0, 0, 0, 0, 0, 0, 0, 0, 0, NULL, 0, 0),
(34, 3, 'random', 0, 0, 0, NULL, 'Related Projects', 0, 0, '', 0, NULL, NULL, '', '', 0, 1, 0, 0, 0, 0, 0, 0, 0, 9, 0, 0, 0, 'No related projects found.', 0, 0),
(37, 10, 'chrono_desc', 0, 0, 0, '', NULL, 0, 0, '', 0, NULL, NULL, '', '', 0, 1, 1, 1, 0, 1, 0, 0, 1, 7, 1, 0, 0, 'No posts to this blog.', 0, 0),
(42, 0, 'chrono_desc', 0, 0, 0, '', NULL, 0, 0, '', 0, NULL, NULL, '', '', 0, 1, 0, 0, 0, 1, 0, 0, 1, 9, 0, 0, 0, 'No projects found.', 1, 0),
(58, 3, 'chrono_desc', 0, 0, 1, 'View Project', NULL, 0, 0, '', 0, NULL, NULL, '', '', 0, 1, 1, 0, 0, 0, 0, 0, 0, 9, 0, 0, 1, '', 1, 0),
(64, 1, 'chrono_desc', 0, 0, 0, '', NULL, 0, 0, '', 0, NULL, NULL, '', '', 0, 0, 0, 0, 0, 0, 0, 0, 0, 7, 0, 0, 0, '', 1, 0),
(65, 1, 'display_asc', 0, 0, 0, '', NULL, 0, 0, '', 0, NULL, NULL, '', '', 0, 1, 1, 0, 0, 0, 0, 0, 0, 7, 0, 0, 0, '', 0, 0),
(158, 0, 'chrono_desc', 175, 1, 1, 'Apply Now', NULL, 0, 0, '', 0, NULL, NULL, '', '', 0, 1, 1, 0, 0, 0, 0, 0, 0, 8, 0, 0, 0, NULL, 0, 0),
(174, 0, 'display_asc', 211, 0, 0, '', 'Initiatieven', 0, 0, '', 0, NULL, NULL, '', '', 0, 1, 1, 0, 1, 0, 0, 0, 0, 0, 0, 0, 0, 'Geen pagina''s gevonden', 1, 0),
(175, 0, 'display_asc', 211, 0, 0, '', 'Initiatieven', 0, 0, '', 0, NULL, NULL, '', '', 0, 1, 1, 0, 1, 0, 0, 0, 0, 0, 0, 0, 0, 'Geen pagina''s gevonden', 1, 0),
(253, 0, 'display_asc', 203, 1, 0, '', '', 0, 0, '', 0, NULL, NULL, '', '', 0, 1, 1, 0, 0, 0, 0, 0, 0, 0, 0, 0, 0, '', 1, 0),
(297, 0, 'display_asc', 225, 1, 0, '', '', 0, 0, '', 0, NULL, NULL, '', '', 0, 1, 1, 0, 0, 0, 0, 0, 0, 0, 0, 0, 0, '', 1, 0),
(303, 0, 'display_asc', 225, 1, 0, '', '', 0, 0, '', 0, NULL, NULL, '', '', 0, 1, 1, 0, 0, 0, 0, 0, 0, 0, 0, 0, 0, '', 1, 0),
(304, 0, 'display_asc', 225, 1, 0, '', '', 0, 0, '', 0, NULL, NULL, '', '', 0, 1, 1, 0, 0, 0, 0, 0, 0, 0, 0, 0, 0, '', 1, 0),
(307, 0, 'display_asc', 203, 1, 0, '', '', 0, 0, '', 0, NULL, NULL, '', '', 0, 1, 1, 0, 0, 0, 0, 0, 0, 0, 0, 0, 0, '', 1, 0),
(308, 0, 'display_asc', 203, 1, 0, '', '', 0, 0, '', 0, NULL, NULL, '', '', 0, 1, 1, 0, 0, 0, 0, 0, 0, 0, 0, 0, 0, '', 1, 0);

-- --------------------------------------------------------

--
-- Tabelstructuur voor tabel `btPageTitle`
--

CREATE TABLE `btPageTitle` (
  `bID` int(10) UNSIGNED NOT NULL,
  `useCustomTitle` int(10) UNSIGNED DEFAULT '0',
  `titleText` varchar(255) COLLATE utf8_unicode_ci DEFAULT NULL,
  `formatting` varchar(3) COLLATE utf8_unicode_ci DEFAULT NULL
) ENGINE=InnoDB DEFAULT CHARSET=utf8 COLLATE=utf8_unicode_ci;

--
-- Gegevens worden geëxporteerd voor tabel `btPageTitle`
--

INSERT INTO `btPageTitle` (`bID`, `useCustomTitle`, `titleText`, `formatting`) VALUES
(9, 0, '[Page Title]', NULL),
(17, 0, '[Page Title]', NULL),
(27, 0, '[Page Title]', NULL),
(35, 0, '[Page Title]', NULL),
(40, 0, '[Page Title]', NULL),
(68, 1, 'Our Expertise', NULL),
(96, 0, '', NULL),
(119, 0, '', NULL),
(130, 0, '', NULL),
(145, 1, 'Work with Us', NULL),
(161, 0, 'Frequently Asked Questions', NULL);

-- --------------------------------------------------------

--
-- Tabelstructuur voor tabel `btRssDisplay`
--

CREATE TABLE `btRssDisplay` (
  `bID` int(10) UNSIGNED NOT NULL,
  `title` varchar(255) COLLATE utf8_unicode_ci DEFAULT NULL,
  `url` varchar(255) COLLATE utf8_unicode_ci DEFAULT NULL,
  `dateFormat` varchar(100) COLLATE utf8_unicode_ci DEFAULT NULL,
  `itemsToDisplay` int(10) UNSIGNED DEFAULT '5',
  `showSummary` tinyint(1) NOT NULL DEFAULT '1',
  `launchInNewWindow` tinyint(1) NOT NULL DEFAULT '1'
) ENGINE=InnoDB DEFAULT CHARSET=utf8 COLLATE=utf8_unicode_ci;

-- --------------------------------------------------------

--
-- Tabelstructuur voor tabel `btSearch`
--

CREATE TABLE `btSearch` (
  `bID` int(10) UNSIGNED NOT NULL,
  `title` varchar(255) COLLATE utf8_unicode_ci DEFAULT NULL,
  `buttonText` varchar(128) COLLATE utf8_unicode_ci DEFAULT NULL,
  `baseSearchPath` varchar(255) COLLATE utf8_unicode_ci DEFAULT NULL,
  `postTo_cID` varchar(255) COLLATE utf8_unicode_ci DEFAULT NULL,
  `resultsURL` varchar(255) COLLATE utf8_unicode_ci DEFAULT NULL
) ENGINE=InnoDB DEFAULT CHARSET=utf8 COLLATE=utf8_unicode_ci;

--
-- Gegevens worden geëxporteerd voor tabel `btSearch`
--

INSERT INTO `btSearch` (`bID`, `title`, `buttonText`, `baseSearchPath`, `postTo_cID`, `resultsURL`) VALUES
(49, '', '', '', '160', ''),
(118, 'Search', 'Search', '', '', '');

-- --------------------------------------------------------

--
-- Tabelstructuur voor tabel `btShareThisPage`
--

CREATE TABLE `btShareThisPage` (
  `btShareThisPageID` int(10) UNSIGNED NOT NULL,
  `bID` int(10) UNSIGNED DEFAULT '0',
  `service` varchar(255) COLLATE utf8_unicode_ci DEFAULT NULL,
  `displayOrder` int(10) UNSIGNED DEFAULT '0'
) ENGINE=InnoDB DEFAULT CHARSET=utf8 COLLATE=utf8_unicode_ci;

--
-- Gegevens worden geëxporteerd voor tabel `btShareThisPage`
--

INSERT INTO `btShareThisPage` (`btShareThisPageID`, `bID`, `service`, `displayOrder`) VALUES
(1, 12, 'facebook', 0),
(2, 12, 'twitter', 1),
(3, 12, 'linkedin', 2),
(4, 12, 'email', 3);

-- --------------------------------------------------------

--
-- Tabelstructuur voor tabel `btSocialLinks`
--

CREATE TABLE `btSocialLinks` (
  `btSocialLinkID` int(10) UNSIGNED NOT NULL,
  `bID` int(10) UNSIGNED DEFAULT '0',
  `slID` int(10) UNSIGNED DEFAULT '0',
  `displayOrder` int(10) UNSIGNED DEFAULT '0'
) ENGINE=InnoDB DEFAULT CHARSET=utf8 COLLATE=utf8_unicode_ci;

--
-- Gegevens worden geëxporteerd voor tabel `btSocialLinks`
--

INSERT INTO `btSocialLinks` (`btSocialLinkID`, `bID`, `slID`, `displayOrder`) VALUES
(1, 47, 3, 0),
(2, 47, 2, 1),
(3, 47, 1, 2);

-- --------------------------------------------------------

--
-- Tabelstructuur voor tabel `btSurvey`
--

CREATE TABLE `btSurvey` (
  `bID` int(10) UNSIGNED NOT NULL,
  `question` varchar(255) COLLATE utf8_unicode_ci DEFAULT '',
  `requiresRegistration` int(11) DEFAULT '0'
) ENGINE=InnoDB DEFAULT CHARSET=utf8 COLLATE=utf8_unicode_ci;

-- --------------------------------------------------------

--
-- Tabelstructuur voor tabel `btSurveyOptions`
--

CREATE TABLE `btSurveyOptions` (
  `optionID` int(10) UNSIGNED NOT NULL,
  `bID` int(11) DEFAULT NULL,
  `optionName` varchar(255) COLLATE utf8_unicode_ci DEFAULT NULL,
  `displayOrder` int(11) DEFAULT '0'
) ENGINE=InnoDB DEFAULT CHARSET=utf8 COLLATE=utf8_unicode_ci;

-- --------------------------------------------------------

--
-- Tabelstructuur voor tabel `btSurveyResults`
--

CREATE TABLE `btSurveyResults` (
  `resultID` int(10) UNSIGNED NOT NULL,
  `optionID` int(10) UNSIGNED DEFAULT '0',
  `uID` int(10) UNSIGNED DEFAULT '0',
  `bID` int(11) DEFAULT NULL,
  `cID` int(11) DEFAULT NULL,
  `ipAddress` varchar(128) COLLATE utf8_unicode_ci DEFAULT NULL,
  `timestamp` timestamp NOT NULL DEFAULT CURRENT_TIMESTAMP
) ENGINE=InnoDB DEFAULT CHARSET=utf8 COLLATE=utf8_unicode_ci;

-- --------------------------------------------------------

--
-- Tabelstructuur voor tabel `btSwitchLanguage`
--

CREATE TABLE `btSwitchLanguage` (
  `bID` int(10) UNSIGNED NOT NULL,
  `label` varchar(255) COLLATE utf8_unicode_ci DEFAULT ''
) ENGINE=InnoDB DEFAULT CHARSET=utf8 COLLATE=utf8_unicode_ci;

-- --------------------------------------------------------

--
-- Tabelstructuur voor tabel `btTags`
--

CREATE TABLE `btTags` (
  `bID` int(10) UNSIGNED NOT NULL,
  `title` varchar(255) COLLATE utf8_unicode_ci DEFAULT NULL,
  `targetCID` int(11) DEFAULT NULL,
  `displayMode` varchar(20) COLLATE utf8_unicode_ci DEFAULT 'page',
  `cloudCount` int(11) DEFAULT '10'
) ENGINE=InnoDB DEFAULT CHARSET=utf8 COLLATE=utf8_unicode_ci;

-- --------------------------------------------------------

--
-- Tabelstructuur voor tabel `btTestimonial`
--

CREATE TABLE `btTestimonial` (
  `bID` int(10) UNSIGNED NOT NULL,
  `fID` int(10) UNSIGNED DEFAULT '0',
  `name` varchar(255) COLLATE utf8_unicode_ci DEFAULT NULL,
  `position` varchar(255) COLLATE utf8_unicode_ci DEFAULT NULL,
  `company` varchar(255) COLLATE utf8_unicode_ci DEFAULT NULL,
  `companyURL` varchar(255) COLLATE utf8_unicode_ci DEFAULT NULL,
  `paragraph` text COLLATE utf8_unicode_ci
) ENGINE=InnoDB DEFAULT CHARSET=utf8 COLLATE=utf8_unicode_ci;

--
-- Gegevens worden geëxporteerd voor tabel `btTestimonial`
--

INSERT INTO `btTestimonial` (`bID`, `fID`, `name`, `position`, `company`, `companyURL`, `paragraph`) VALUES
(80, 1, 'Franz Maruna', 'CEO & Founder', 'concrete5', 'http://concrete5.org', 'Curabitur sagittis elementum felis at sodales. Nullam fermentum at urna quis accumsan. Nam bibendum leo nisi, lacinia molestie arcu consequat quis. Morbi at suscipit risus.'),
(81, 1, 'John Doe', 'Marketing Directory', 'CompanyCo', '', 'Curabitur sagittis elementum felis at sodales. Nullam fermentum at urna quis accumsan. Nam bibendum leo nisi, lacinia molestie arcu consequat quis. Morbi at suscipit risus.'),
(82, 1, 'Andrew Embler', 'CTO & Founder', 'concrete5', 'http://concrete5.org', 'Curabitur sagittis elementum felis at sodales. Nullam fermentum at urna quis accumsan. Nam bibendum leo nisi, lacinia molestie arcu consequat quis. Morbi at suscipit risus.'),
(83, 1, 'Jane Doe', 'IT Manager', 'CompanyCo', '', 'Curabitur sagittis elementum felis at sodales. Nullam fermentum at urna quis accumsan. Nam bibendum leo nisi, lacinia molestie arcu consequat quis. Morbi at suscipit risus.'),
(98, 3, 'John Smith', 'Co-Founder / CEO', '', '', 'Curabitur sagittis elementum felis at sodales. Nullam fermentum at urna quis accumsan. Nam bibendum leo nisi, lacinia molestie arcu consequat quis.'),
(99, 3, 'Bob Smith', 'Co-Founder / CTO', '', '', 'Curabitur sagittis elementum felis at sodales. Nullam fermentum at urna quis accumsan. Nam bibendum leo nisi, lacinia molestie arcu consequat quis.'),
(102, 3, 'John Smith', 'Art Director', '', '', 'Curabitur sagittis elementum felis at sodales. Nullam fermentum at urna quis accumsan. Nam bibendum leo nisi, lacinia molestie arcu consequat quis.'),
(103, 3, 'John Smith', 'Art Director', '', '', 'Curabitur sagittis elementum felis at sodales. Nullam fermentum at urna quis accumsan. Nam bibendum leo nisi, lacinia molestie arcu consequat quis.'),
(104, 3, 'Bob Smith', 'Art Director', '', '', 'Curabitur sagittis elementum felis at sodales. Nullam fermentum at urna quis accumsan. Nam bibendum leo nisi, lacinia molestie arcu consequat quis.'),
(105, 3, 'Bob Smith', 'Art Director', '', '', 'Curabitur sagittis elementum felis at sodales. Nullam fermentum at urna quis accumsan. Nam bibendum leo nisi, lacinia molestie arcu consequat quis.'),
(106, 3, 'Bob Smith', 'Art Director', '', '', 'Curabitur sagittis elementum felis at sodales. Nullam fermentum at urna quis accumsan. Nam bibendum leo nisi, lacinia molestie arcu consequat quis.'),
(107, 3, 'Bob Smith', 'Art Director', '', '', 'Curabitur sagittis elementum felis at sodales. Nullam fermentum at urna quis accumsan. Nam bibendum leo nisi, lacinia molestie arcu consequat quis.');

-- --------------------------------------------------------

--
-- Tabelstructuur voor tabel `btTopicList`
--

CREATE TABLE `btTopicList` (
  `bID` int(10) UNSIGNED NOT NULL,
  `mode` varchar(1) COLLATE utf8_unicode_ci NOT NULL DEFAULT 'S' COMMENT 'S = Search, P = Page',
  `topicAttributeKeyHandle` varchar(255) COLLATE utf8_unicode_ci NOT NULL DEFAULT '',
  `topicTreeID` int(10) UNSIGNED NOT NULL DEFAULT '0',
  `cParentID` int(10) UNSIGNED NOT NULL DEFAULT '0',
  `title` varchar(255) COLLATE utf8_unicode_ci NOT NULL DEFAULT ''
) ENGINE=InnoDB DEFAULT CHARSET=utf8 COLLATE=utf8_unicode_ci;

--
-- Gegevens worden geëxporteerd voor tabel `btTopicList`
--

INSERT INTO `btTopicList` (`bID`, `mode`, `topicAttributeKeyHandle`, `topicTreeID`, `cParentID`, `title`) VALUES
(13, 'P', 'blog_entry_topics', 2, 159, 'Topics'),
(38, 'S', '', 2, 0, 'Topics'),
(41, 'S', '', 3, 0, '');

-- --------------------------------------------------------

--
-- Tabelstructuur voor tabel `btVideo`
--

CREATE TABLE `btVideo` (
  `bID` int(10) UNSIGNED NOT NULL,
  `webmfID` int(10) UNSIGNED DEFAULT '0',
  `oggfID` int(10) UNSIGNED DEFAULT '0',
  `posterfID` int(10) UNSIGNED DEFAULT '0',
  `mp4fID` int(10) UNSIGNED DEFAULT '0',
  `width` int(10) UNSIGNED DEFAULT NULL,
  `height` int(10) UNSIGNED DEFAULT NULL
) ENGINE=InnoDB DEFAULT CHARSET=utf8 COLLATE=utf8_unicode_ci;

-- --------------------------------------------------------

--
-- Tabelstructuur voor tabel `btYouTube`
--

CREATE TABLE `btYouTube` (
  `bID` int(10) UNSIGNED NOT NULL,
  `title` varchar(255) COLLATE utf8_unicode_ci DEFAULT NULL,
  `videoURL` varchar(255) COLLATE utf8_unicode_ci DEFAULT NULL,
  `vHeight` varchar(255) COLLATE utf8_unicode_ci DEFAULT NULL,
  `vWidth` varchar(255) COLLATE utf8_unicode_ci DEFAULT NULL,
  `sizing` varchar(10) COLLATE utf8_unicode_ci DEFAULT NULL,
  `autoplay` tinyint(1) NOT NULL DEFAULT '0',
  `color` varchar(10) COLLATE utf8_unicode_ci DEFAULT NULL,
  `controls` int(10) UNSIGNED DEFAULT NULL,
  `iv_load_policy` int(10) UNSIGNED DEFAULT NULL,
  `loopEnd` tinyint(1) NOT NULL DEFAULT '0',
  `modestbranding` tinyint(1) NOT NULL DEFAULT '0',
  `rel` tinyint(1) NOT NULL DEFAULT '0',
  `showinfo` tinyint(1) NOT NULL DEFAULT '0'
) ENGINE=InnoDB DEFAULT CHARSET=utf8 COLLATE=utf8_unicode_ci;

-- --------------------------------------------------------

--
-- Tabelstructuur voor tabel `CollectionAttributeValues`
--

CREATE TABLE `CollectionAttributeValues` (
  `cID` int(10) UNSIGNED NOT NULL DEFAULT '0',
  `cvID` int(10) UNSIGNED NOT NULL DEFAULT '0',
  `akID` int(10) UNSIGNED NOT NULL DEFAULT '0',
  `avID` int(10) UNSIGNED DEFAULT '0'
) ENGINE=InnoDB DEFAULT CHARSET=utf8 COLLATE=utf8_unicode_ci;

--
-- Gegevens worden geëxporteerd voor tabel `CollectionAttributeValues`
--

INSERT INTO `CollectionAttributeValues` (`cID`, `cvID`, `akID`, `avID`) VALUES
(2, 1, 4, 1),
(3, 1, 3, 2),
(4, 1, 3, 3),
(5, 1, 3, 4),
(6, 1, 3, 5),
(8, 1, 3, 6),
(9, 1, 3, 7),
(10, 1, 3, 8),
(11, 1, 5, 9),
(11, 1, 3, 10),
(12, 1, 3, 11),
(13, 1, 3, 12),
(14, 1, 3, 13),
(15, 1, 3, 14),
(16, 1, 3, 15),
(16, 1, 5, 16),
(17, 1, 3, 17),
(17, 1, 5, 18),
(19, 1, 3, 19),
(20, 1, 3, 20),
(22, 1, 3, 21),
(23, 1, 3, 22),
(24, 1, 3, 23),
(25, 1, 3, 24),
(26, 1, 3, 25),
(28, 1, 3, 26),
(29, 1, 3, 27),
(29, 1, 5, 28),
(31, 1, 5, 29),
(32, 1, 5, 30),
(33, 1, 5, 31),
(34, 1, 5, 32),
(35, 1, 5, 33),
(36, 1, 5, 34),
(38, 1, 5, 35),
(39, 1, 3, 36),
(40, 1, 3, 37),
(41, 1, 3, 38),
(43, 1, 4, 39),
(44, 1, 3, 40),
(48, 1, 3, 41),
(50, 1, 5, 42),
(50, 1, 10, 43),
(50, 1, 3, 44),
(51, 1, 3, 45),
(52, 1, 3, 46),
(53, 1, 5, 47),
(54, 1, 3, 48),
(55, 1, 3, 49),
(56, 1, 3, 50),
(56, 1, 5, 51),
(57, 1, 3, 52),
(58, 1, 3, 53),
(59, 1, 3, 54),
(61, 1, 3, 55),
(62, 1, 3, 56),
(63, 1, 3, 57),
(64, 1, 3, 58),
(65, 1, 3, 59),
(66, 1, 3, 60),
(67, 1, 3, 61),
(68, 1, 3, 62),
(74, 1, 3, 63),
(75, 1, 3, 64),
(76, 1, 3, 65),
(77, 1, 3, 66),
(78, 1, 3, 67),
(80, 1, 3, 68),
(81, 1, 3, 69),
(82, 1, 3, 70),
(83, 1, 3, 71),
(84, 1, 3, 72),
(86, 1, 3, 73),
(87, 1, 3, 74),
(88, 1, 3, 75),
(89, 1, 3, 76),
(91, 1, 3, 77),
(92, 1, 3, 78),
(95, 1, 3, 79),
(96, 1, 3, 80),
(97, 1, 3, 81),
(98, 1, 3, 82),
(100, 1, 3, 83),
(101, 1, 3, 84),
(102, 1, 3, 85),
(103, 1, 3, 86),
(104, 1, 3, 87),
(105, 1, 3, 88),
(106, 1, 3, 89),
(107, 1, 3, 90),
(108, 1, 3, 91),
(109, 1, 3, 92),
(110, 1, 3, 93),
(111, 1, 3, 94),
(113, 1, 3, 95),
(114, 1, 3, 96),
(115, 1, 3, 97),
(116, 1, 3, 98),
(118, 1, 10, 99),
(119, 1, 3, 100),
(120, 1, 3, 101),
(121, 1, 3, 102),
(122, 1, 3, 103),
(123, 1, 3, 104),
(124, 1, 3, 105),
(126, 1, 3, 106),
(127, 1, 5, 107),
(128, 1, 5, 108),
(128, 1, 10, 109),
(129, 1, 4, 110),
(130, 1, 4, 111),
(131, 1, 4, 112),
(134, 1, 4, 113),
(1, 1, 5, 146),
(1, 2, 5, 146),
(1, 3, 5, 146),
(1, 4, 5, 146),
(156, 1, 20, 147),
(164, 1, 9, 148),
(164, 1, 21, 149),
(164, 1, 23, 150),
(164, 1, 24, 151),
(164, 1, 25, 152),
(164, 1, 26, 153),
(165, 1, 21, 154),
(165, 1, 23, 155),
(165, 1, 24, 156),
(165, 1, 25, 157),
(165, 1, 26, 158),
(166, 1, 9, 159),
(166, 1, 21, 160),
(166, 1, 23, 161),
(166, 1, 24, 162),
(166, 1, 25, 163),
(166, 1, 26, 164),
(167, 1, 9, 165),
(167, 1, 21, 166),
(167, 1, 23, 167),
(167, 1, 24, 168),
(167, 1, 25, 169),
(167, 1, 26, 170),
(168, 1, 21, 171),
(168, 1, 23, 172),
(168, 1, 24, 173),
(168, 1, 25, 174),
(168, 1, 26, 175),
(169, 1, 21, 176),
(169, 1, 23, 177),
(169, 1, 24, 178),
(169, 1, 25, 179),
(169, 1, 26, 180),
(159, 1, 20, 181),
(171, 1, 1, 182),
(171, 1, 2, 183),
(171, 1, 3, 184),
(171, 1, 7, 185),
(171, 1, 11, 186),
(171, 1, 21, 187),
(171, 1, 22, 188),
(172, 1, 21, 189),
(172, 1, 22, 190),
(173, 1, 21, 191),
(173, 1, 22, 192),
(160, 1, 1, 193),
(160, 1, 2, 194),
(160, 1, 3, 195),
(160, 1, 5, 196),
(160, 1, 7, 197),
(160, 1, 11, 198),
(162, 1, 5, 199),
(178, 1, 1, 200),
(178, 1, 2, 201),
(178, 1, 3, 202),
(178, 1, 7, 203),
(178, 1, 11, 204),
(178, 1, 18, 205),
(178, 1, 19, 206),
(179, 1, 1, 207),
(179, 1, 2, 208),
(179, 1, 3, 209),
(179, 1, 7, 210),
(179, 1, 11, 211),
(179, 1, 18, 212),
(179, 1, 19, 213),
(1, 5, 5, 214),
(1, 6, 5, 214),
(1, 7, 5, 214),
(1, 8, 5, 214),
(1, 9, 5, 214),
(1, 10, 5, 214),
(1, 11, 5, 214),
(1, 12, 5, 214),
(1, 13, 5, 214),
(1, 14, 5, 214),
(211, 2, 5, 219),
(212, 2, 21, 234),
(213, 2, 21, 235),
(214, 2, 21, 236),
(215, 2, 21, 237),
(216, 2, 21, 238),
(217, 2, 21, 239),
(218, 2, 21, 240),
(212, 3, 21, 241),
(213, 3, 21, 242),
(214, 3, 21, 243),
(215, 3, 21, 244),
(216, 3, 21, 245),
(217, 3, 21, 246),
(218, 3, 21, 247),
(219, 2, 21, 248),
(1, 15, 5, 251),
(1, 16, 5, 251),
(1, 17, 5, 251),
(1, 18, 5, 251),
(1, 15, 27, 252),
(1, 16, 27, 252),
(1, 17, 27, 252),
(1, 18, 27, 252),
(1, 15, 28, 253),
(1, 16, 28, 253),
(1, 17, 28, 253),
(1, 18, 28, 253),
(203, 3, 27, 254),
(203, 4, 27, 254),
(203, 5, 27, 254),
(203, 6, 27, 254),
(203, 7, 27, 254),
(203, 8, 27, 254),
(203, 9, 27, 254),
(203, 10, 27, 254),
(209, 2, 27, 255),
(209, 3, 27, 255),
(210, 2, 27, 256),
(210, 3, 27, 256),
(211, 3, 5, 257),
(211, 3, 27, 258),
(212, 4, 21, 259),
(212, 5, 21, 259),
(212, 6, 21, 259),
(212, 7, 21, 259),
(212, 4, 27, 260),
(212, 5, 27, 260),
(212, 6, 27, 260),
(212, 7, 27, 260),
(213, 4, 21, 261),
(213, 5, 21, 261),
(213, 6, 21, 261),
(213, 4, 27, 262),
(213, 5, 27, 262),
(213, 6, 27, 262),
(214, 4, 21, 263),
(214, 5, 21, 263),
(214, 6, 21, 263),
(214, 7, 21, 263),
(214, 4, 27, 264),
(214, 5, 27, 264),
(214, 6, 27, 264),
(214, 7, 27, 264),
(215, 4, 21, 265),
(215, 5, 21, 265),
(215, 6, 21, 265),
(215, 7, 21, 265),
(215, 8, 21, 265),
(215, 9, 21, 265),
(215, 10, 21, 265),
(215, 11, 21, 265),
(215, 12, 21, 265),
(215, 13, 21, 265),
(215, 4, 27, 266),
(215, 5, 27, 266),
(215, 6, 27, 266),
(215, 7, 27, 266),
(215, 8, 27, 266),
(215, 9, 27, 266),
(215, 10, 27, 266),
(215, 11, 27, 266),
(215, 12, 27, 266),
(215, 13, 27, 266),
(216, 4, 21, 267),
(216, 5, 21, 267),
(216, 4, 27, 268),
(216, 5, 27, 268),
(217, 4, 21, 269),
(217, 5, 21, 269),
(217, 6, 21, 269),
(217, 4, 27, 270),
(217, 5, 27, 270),
(217, 6, 27, 270),
(218, 4, 21, 271),
(218, 5, 21, 271),
(218, 4, 27, 272),
(218, 5, 27, 272),
(222, 1, 27, 273),
(1, 19, 5, 274),
(1, 19, 27, 275),
(1, 19, 28, 276),
(1, 19, 29, 277),
(1, 20, 5, 278),
(1, 20, 27, 279),
(1, 20, 28, 280),
(1, 20, 29, 281),
(1, 21, 5, 282),
(1, 22, 5, 282),
(1, 23, 5, 282),
(1, 24, 5, 282),
(1, 25, 5, 282),
(1, 21, 27, 283),
(1, 22, 27, 283),
(1, 23, 27, 283),
(1, 24, 27, 283),
(1, 25, 27, 283),
(1, 21, 28, 284),
(1, 22, 28, 284),
(1, 23, 28, 284),
(1, 24, 28, 284),
(1, 25, 28, 284),
(223, 2, 27, 288),
(202, 1, 27, 290),
(225, 1, 27, 290),
(225, 2, 27, 290),
(225, 3, 27, 290),
(225, 4, 27, 290),
(225, 5, 27, 290),
(225, 6, 27, 290),
(225, 7, 27, 290),
(225, 8, 27, 290),
(225, 9, 27, 290),
(225, 10, 27, 290),
(225, 11, 27, 290),
(225, 12, 27, 290),
(225, 13, 27, 290),
(225, 14, 27, 290),
(225, 15, 27, 290),
(225, 16, 27, 290),
(226, 1, 27, 290),
(226, 2, 27, 290),
(227, 1, 27, 290),
(228, 1, 27, 290),
(228, 2, 27, 290),
(228, 3, 27, 290),
(228, 4, 27, 290),
(228, 5, 27, 290),
(229, 1, 27, 290),
(229, 2, 27, 290),
(230, 1, 27, 290),
(231, 1, 27, 290),
(231, 2, 27, 290),
(231, 3, 27, 290),
(231, 4, 27, 290),
(234, 1, 27, 290),
(235, 1, 27, 290),
(236, 1, 27, 290),
(237, 1, 27, 290),
(239, 1, 27, 290),
(240, 1, 27, 290),
(241, 1, 27, 290),
(242, 1, 27, 290),
(243, 1, 27, 290),
(244, 1, 27, 290),
(245, 1, 27, 290),
(246, 1, 27, 290),
(247, 1, 27, 290),
(248, 1, 27, 290),
(249, 1, 27, 290),
(250, 1, 27, 290),
(211, 4, 5, 293),
(211, 5, 5, 293),
(211, 6, 5, 293),
(211, 7, 5, 293),
(211, 4, 27, 294),
(211, 5, 27, 294),
(211, 6, 27, 294),
(211, 7, 27, 294),
(215, 13, 1, 313),
(215, 13, 2, 314),
(215, 13, 7, 315),
(215, 13, 11, 316),
(215, 14, 1, 317),
(215, 15, 1, 317),
(215, 16, 1, 317),
(215, 14, 2, 318),
(215, 15, 2, 318),
(215, 16, 2, 318),
(215, 14, 7, 319),
(215, 15, 7, 319),
(215, 16, 7, 319),
(215, 14, 11, 320),
(215, 15, 11, 320),
(215, 16, 11, 320),
(215, 14, 21, 321),
(215, 15, 21, 321),
(215, 16, 21, 321),
(215, 14, 27, 322),
(215, 15, 27, 322),
(215, 16, 27, 322),
(215, 14, 5, 323),
(215, 15, 5, 323),
(215, 16, 5, 323),
(203, 11, 27, 324),
(203, 12, 27, 324),
(203, 13, 27, 324),
(203, 14, 27, 324),
(203, 15, 27, 324),
(203, 16, 27, 324),
(203, 17, 27, 324),
(203, 18, 27, 324),
(203, 19, 27, 324),
(203, 20, 27, 324),
(203, 21, 27, 324),
(203, 22, 27, 324),
(203, 23, 27, 324),
(203, 24, 27, 324),
(203, 25, 27, 324),
(203, 26, 27, 324),
(203, 27, 27, 324),
(203, 28, 27, 324),
(203, 29, 27, 324),
(203, 30, 27, 324),
(203, 31, 27, 324),
(237, 2, 27, 325),
(237, 2, 20, 326),
(237, 3, 27, 327),
(237, 3, 5, 328),
(236, 2, 27, 329),
(236, 2, 5, 330),
(235, 2, 27, 331),
(235, 2, 5, 332),
(234, 2, 27, 333),
(234, 2, 5, 334),
(237, 4, 5, 343),
(237, 4, 27, 344),
(237, 4, 21, 345),
(236, 3, 5, 346),
(236, 3, 27, 347),
(236, 3, 21, 348),
(239, 2, 27, 357),
(239, 3, 27, 358),
(239, 3, 5, 359),
(240, 2, 27, 360),
(240, 2, 5, 361),
(241, 2, 27, 362),
(241, 2, 5, 363),
(242, 2, 27, 364),
(242, 2, 5, 365),
(243, 2, 27, 366),
(243, 2, 5, 367),
(244, 2, 27, 368),
(244, 2, 5, 369),
(245, 2, 27, 370),
(245, 2, 5, 371),
(239, 4, 5, 372),
(239, 4, 27, 373),
(239, 4, 21, 374),
(240, 3, 5, 375),
(240, 3, 27, 376),
(240, 3, 21, 377),
(241, 3, 5, 378),
(241, 3, 27, 379),
(241, 3, 21, 380),
(242, 3, 5, 381),
(242, 3, 27, 382),
(242, 3, 21, 383),
(243, 3, 5, 384),
(243, 3, 27, 385),
(243, 3, 21, 386),
(244, 3, 5, 387),
(244, 3, 27, 388),
(244, 3, 21, 389),
(245, 3, 5, 390),
(245, 3, 27, 391),
(245, 3, 21, 392),
(231, 5, 27, 393),
(231, 5, 5, 394),
(211, 8, 5, 395),
(211, 8, 27, 396),
(228, 6, 27, 397),
(228, 6, 5, 398),
(236, 4, 5, 399),
(236, 5, 5, 399),
(236, 4, 21, 400),
(236, 5, 21, 400),
(236, 4, 27, 401),
(236, 5, 27, 401),
(237, 5, 5, 402),
(237, 6, 5, 402),
(237, 7, 5, 402),
(237, 8, 5, 402),
(237, 9, 5, 402),
(237, 10, 5, 402),
(237, 11, 5, 402),
(237, 12, 5, 402),
(237, 13, 5, 402),
(237, 5, 21, 403),
(237, 6, 21, 403),
(237, 7, 21, 403),
(237, 8, 21, 403),
(237, 9, 21, 403),
(237, 10, 21, 403),
(237, 11, 21, 403),
(237, 12, 21, 403),
(237, 13, 21, 403),
(237, 5, 27, 404),
(237, 6, 27, 404),
(237, 7, 27, 404),
(237, 8, 27, 404),
(237, 9, 27, 404),
(237, 10, 27, 404),
(237, 11, 27, 404),
(237, 12, 27, 404),
(237, 13, 27, 404),
(246, 2, 27, 405),
(246, 3, 27, 405),
(246, 4, 27, 405),
(246, 2, 21, 406),
(246, 3, 21, 406),
(246, 4, 21, 406),
(247, 2, 27, 407),
(247, 3, 27, 407),
(247, 4, 27, 407),
(247, 2, 21, 408),
(247, 3, 21, 408),
(247, 4, 21, 408),
(1, 26, 5, 409),
(1, 27, 5, 409),
(1, 26, 27, 410),
(1, 27, 27, 410),
(1, 26, 28, 411),
(1, 27, 28, 411),
(231, 6, 5, 412),
(231, 7, 5, 412),
(231, 6, 27, 413),
(231, 7, 27, 413),
(248, 2, 27, 418),
(248, 2, 5, 419),
(249, 2, 27, 420),
(249, 2, 5, 421),
(250, 2, 27, 422),
(250, 2, 5, 423);

-- --------------------------------------------------------

--
-- Tabelstructuur voor tabel `Collections`
--

CREATE TABLE `Collections` (
  `cID` int(10) UNSIGNED NOT NULL,
  `cDateAdded` datetime NOT NULL DEFAULT '1000-01-01 00:00:00',
  `cDateModified` datetime NOT NULL DEFAULT '1000-01-01 00:00:00',
  `cHandle` varchar(255) COLLATE utf8_unicode_ci DEFAULT NULL
) ENGINE=InnoDB DEFAULT CHARSET=utf8 COLLATE=utf8_unicode_ci;

--
-- Gegevens worden geëxporteerd voor tabel `Collections`
--

INSERT INTO `Collections` (`cID`, `cDateAdded`, `cDateModified`, `cHandle`) VALUES
(1, '2017-02-22 09:42:53', '2017-02-27 15:40:48', 'home'),
(2, '2017-02-22 09:43:47', '2017-02-22 09:43:48', 'dashboard'),
(3, '2017-02-22 09:43:48', '2017-02-22 09:43:48', 'sitemap'),
(4, '2017-02-22 09:43:48', '2017-02-22 09:43:48', 'full'),
(5, '2017-02-22 09:43:48', '2017-02-22 09:43:48', 'explore'),
(6, '2017-02-22 09:43:48', '2017-02-22 09:43:48', 'search'),
(7, '2017-02-22 09:43:48', '2017-02-22 09:43:48', 'files'),
(8, '2017-02-22 09:43:48', '2017-02-22 09:43:48', 'search'),
(9, '2017-02-22 09:43:48', '2017-02-22 09:43:48', 'attributes'),
(10, '2017-02-22 09:43:48', '2017-02-22 09:43:48', 'sets'),
(11, '2017-02-22 09:43:48', '2017-02-22 09:43:48', 'add_set'),
(12, '2017-02-22 09:43:48', '2017-02-22 09:43:48', 'users'),
(13, '2017-02-22 09:43:48', '2017-02-22 09:43:48', 'search'),
(14, '2017-02-22 09:43:48', '2017-02-22 09:43:48', 'groups'),
(15, '2017-02-22 09:43:48', '2017-02-22 09:43:48', 'attributes'),
(16, '2017-02-22 09:43:48', '2017-02-22 09:43:48', 'add'),
(17, '2017-02-22 09:43:48', '2017-02-22 09:43:48', 'add_group'),
(18, '2017-02-22 09:43:48', '2017-02-22 09:43:48', 'bulkupdate'),
(19, '2017-02-22 09:43:48', '2017-02-22 09:43:49', 'group_sets'),
(20, '2017-02-22 09:43:49', '2017-02-22 09:43:49', 'points'),
(21, '2017-02-22 09:43:49', '2017-02-22 09:43:49', 'assign'),
(22, '2017-02-22 09:43:49', '2017-02-22 09:43:49', 'actions'),
(23, '2017-02-22 09:43:49', '2017-02-22 09:43:49', 'reports'),
(24, '2017-02-22 09:43:49', '2017-02-22 09:43:49', 'forms'),
(25, '2017-02-22 09:43:49', '2017-02-22 09:43:49', 'surveys'),
(26, '2017-02-22 09:43:49', '2017-02-22 09:43:49', 'logs'),
(27, '2017-02-22 09:43:49', '2017-02-22 09:43:49', 'pages'),
(28, '2017-02-22 09:43:49', '2017-02-22 09:43:49', 'themes'),
(29, '2017-02-22 09:43:49', '2017-02-22 09:43:49', 'inspect'),
(30, '2017-02-22 09:43:49', '2017-02-22 09:43:49', 'types'),
(31, '2017-02-22 09:43:49', '2017-02-22 09:43:49', 'organize'),
(32, '2017-02-22 09:43:49', '2017-02-22 09:43:49', 'add'),
(33, '2017-02-22 09:43:49', '2017-02-22 09:43:49', 'form'),
(34, '2017-02-22 09:43:49', '2017-02-22 09:43:49', 'output'),
(35, '2017-02-22 09:43:49', '2017-02-22 09:43:49', 'attributes'),
(36, '2017-02-22 09:43:49', '2017-02-22 09:43:49', 'permissions'),
(37, '2017-02-22 09:43:49', '2017-02-22 09:43:49', 'templates'),
(38, '2017-02-22 09:43:49', '2017-02-22 09:43:49', 'add'),
(39, '2017-02-22 09:43:49', '2017-02-22 09:43:49', 'attributes'),
(40, '2017-02-22 09:43:49', '2017-02-22 09:43:49', 'single'),
(41, '2017-02-22 09:43:49', '2017-02-22 09:43:49', 'feeds'),
(42, '2017-02-22 09:43:49', '2017-02-22 09:43:50', 'conversations'),
(43, '2017-02-22 09:43:50', '2017-02-22 09:43:50', 'messages'),
(44, '2017-02-22 09:43:50', '2017-02-22 09:43:50', 'workflow'),
(45, '2017-02-22 09:43:50', '2017-02-22 09:43:50', 'me'),
(46, '2017-02-22 09:43:50', '2017-02-22 09:43:50', 'workflows'),
(47, '2017-02-22 09:43:50', '2017-02-22 09:43:50', 'blocks'),
(48, '2017-02-22 09:43:50', '2017-02-22 09:43:50', 'stacks'),
(49, '2017-02-22 09:43:50', '2017-02-22 09:43:50', 'permissions'),
(50, '2017-02-22 09:43:50', '2017-02-22 09:43:50', 'list'),
(51, '2017-02-22 09:43:50', '2017-02-22 09:43:50', 'types'),
(52, '2017-02-22 09:43:50', '2017-02-22 09:43:50', 'extend'),
(53, '2017-02-22 09:43:50', '2017-02-22 09:43:50', 'news'),
(54, '2017-02-22 09:43:50', '2017-02-22 09:43:50', 'install'),
(55, '2017-02-22 09:43:50', '2017-02-22 09:43:50', 'update'),
(56, '2017-02-22 09:43:50', '2017-02-22 09:43:50', 'connect'),
(57, '2017-02-22 09:43:50', '2017-02-22 09:43:50', 'themes'),
(58, '2017-02-22 09:43:50', '2017-02-22 09:43:50', 'addons'),
(59, '2017-02-22 09:43:50', '2017-02-22 09:43:50', 'system'),
(60, '2017-02-22 09:43:51', '2017-02-22 09:43:51', 'basics'),
(61, '2017-02-22 09:43:51', '2017-02-22 09:43:51', 'name'),
(62, '2017-02-22 09:43:51', '2017-02-22 09:43:51', 'accessibility'),
(63, '2017-02-22 09:43:51', '2017-02-22 09:43:51', 'social'),
(64, '2017-02-22 09:43:51', '2017-02-22 09:43:51', 'icons'),
(65, '2017-02-22 09:43:51', '2017-02-22 09:43:51', 'editor'),
(66, '2017-02-22 09:43:51', '2017-02-22 09:43:51', 'multilingual'),
(67, '2017-02-22 09:43:51', '2017-02-22 09:43:51', 'timezone'),
(68, '2017-02-22 09:43:51', '2017-02-22 09:43:51', 'multilingual'),
(69, '2017-02-22 09:43:51', '2017-02-22 09:43:51', 'setup'),
(70, '2017-02-22 09:43:51', '2017-02-22 09:43:51', 'copy'),
(71, '2017-02-22 09:43:51', '2017-02-22 09:43:51', 'page_report'),
(72, '2017-02-22 09:43:51', '2017-02-22 09:43:51', 'translate_interface'),
(73, '2017-02-22 09:43:51', '2017-02-22 09:43:51', 'seo'),
(74, '2017-02-22 09:43:51', '2017-02-22 09:43:51', 'urls'),
(75, '2017-02-22 09:43:51', '2017-02-22 09:43:51', 'bulk'),
(76, '2017-02-22 09:43:51', '2017-02-22 09:43:51', 'codes'),
(77, '2017-02-22 09:43:51', '2017-02-22 09:43:51', 'excluded'),
(78, '2017-02-22 09:43:51', '2017-02-22 09:43:51', 'searchindex'),
(79, '2017-02-22 09:43:51', '2017-02-22 09:43:51', 'files'),
(80, '2017-02-22 09:43:51', '2017-02-22 09:43:51', 'permissions'),
(81, '2017-02-22 09:43:51', '2017-02-22 09:43:51', 'filetypes'),
(82, '2017-02-22 09:43:51', '2017-02-22 09:43:51', 'thumbnails'),
(83, '2017-02-22 09:43:52', '2017-02-22 09:43:52', 'image_uploading'),
(84, '2017-02-22 09:43:52', '2017-02-22 09:43:52', 'storage'),
(85, '2017-02-22 09:43:52', '2017-02-22 09:43:52', 'optimization'),
(86, '2017-02-22 09:43:52', '2017-02-22 09:43:52', 'cache'),
(87, '2017-02-22 09:43:52', '2017-02-22 09:43:52', 'clearcache'),
(88, '2017-02-22 09:43:52', '2017-02-22 09:43:52', 'jobs'),
(89, '2017-02-22 09:43:52', '2017-02-22 09:43:52', 'query_log'),
(90, '2017-02-22 09:43:52', '2017-02-22 09:43:52', 'permissions'),
(91, '2017-02-22 09:43:52', '2017-02-22 09:43:52', 'site'),
(92, '2017-02-22 09:43:52', '2017-02-22 09:43:52', 'tasks'),
(93, '2017-02-22 09:43:52', '2017-02-22 09:43:52', 'users'),
(94, '2017-02-22 09:43:52', '2017-02-22 09:43:52', 'advanced'),
(95, '2017-02-22 09:43:52', '2017-02-22 09:43:52', 'blacklist'),
(96, '2017-02-22 09:43:52', '2017-02-22 09:43:52', 'captcha'),
(97, '2017-02-22 09:43:52', '2017-02-22 09:43:52', 'antispam'),
(98, '2017-02-22 09:43:53', '2017-02-22 09:43:53', 'maintenance'),
(99, '2017-02-22 09:43:53', '2017-02-22 09:43:53', 'registration'),
(100, '2017-02-22 09:43:53', '2017-02-22 09:43:53', 'postlogin'),
(101, '2017-02-22 09:43:53', '2017-02-22 09:43:53', 'profiles'),
(102, '2017-02-22 09:43:53', '2017-02-22 09:43:53', 'open'),
(103, '2017-02-22 09:43:53', '2017-02-22 09:43:53', 'authentication'),
(104, '2017-02-22 09:43:53', '2017-02-22 09:43:53', 'mail'),
(105, '2017-02-22 09:43:53', '2017-02-22 09:43:53', 'method'),
(106, '2017-02-22 09:43:53', '2017-02-22 09:43:53', 'test'),
(107, '2017-02-22 09:43:53', '2017-02-22 09:43:53', 'importers'),
(108, '2017-02-22 09:43:53', '2017-02-22 09:43:53', 'conversations'),
(109, '2017-02-22 09:43:53', '2017-02-22 09:43:53', 'settings'),
(110, '2017-02-22 09:43:53', '2017-02-22 09:43:53', 'points'),
(111, '2017-02-22 09:43:53', '2017-02-22 09:43:53', 'bannedwords'),
(112, '2017-02-22 09:43:53', '2017-02-22 09:43:53', 'permissions'),
(113, '2017-02-22 09:43:53', '2017-02-22 09:43:53', 'attributes'),
(114, '2017-02-22 09:43:53', '2017-02-22 09:43:54', 'sets'),
(115, '2017-02-22 09:43:54', '2017-02-22 09:43:54', 'types'),
(116, '2017-02-22 09:43:54', '2017-02-22 09:43:54', 'topics'),
(117, '2017-02-22 09:43:54', '2017-02-22 09:43:54', 'add'),
(118, '2017-02-22 09:43:54', '2017-02-22 09:43:54', 'environment'),
(119, '2017-02-22 09:43:54', '2017-02-22 09:43:54', 'info'),
(120, '2017-02-22 09:43:54', '2017-02-22 09:43:54', 'debug'),
(121, '2017-02-22 09:43:54', '2017-02-22 09:43:54', 'logging'),
(122, '2017-02-22 09:43:54', '2017-02-22 09:43:54', 'proxy'),
(123, '2017-02-22 09:43:54', '2017-02-22 09:43:54', 'entities'),
(124, '2017-02-22 09:43:54', '2017-02-22 09:43:54', 'backup'),
(125, '2017-02-22 09:43:54', '2017-02-22 09:43:54', 'backup'),
(126, '2017-02-22 09:43:54', '2017-02-22 09:43:54', 'update'),
(127, '2017-02-22 09:43:55', '2017-02-22 09:43:55', 'welcome'),
(128, '2017-02-22 09:43:55', '2017-02-22 09:43:55', 'home'),
(129, '2017-02-22 09:43:59', '2017-02-22 09:43:59', '!drafts'),
(130, '2017-02-22 09:43:59', '2017-02-22 09:43:59', '!trash'),
(131, '2017-02-22 09:43:59', '2017-02-22 09:43:59', '!stacks'),
(132, '2017-02-22 09:43:59', '2017-02-22 09:43:59', 'login'),
(133, '2017-02-22 09:43:59', '2017-02-22 09:43:59', 'register'),
(134, '2017-02-22 09:43:59', '2017-02-22 09:43:59', 'account'),
(135, '2017-02-22 09:43:59', '2017-02-22 09:43:59', 'edit_profile'),
(136, '2017-02-22 09:43:59', '2017-02-22 09:43:59', 'avatar'),
(137, '2017-02-22 09:43:59', '2017-02-22 09:43:59', 'messages'),
(138, '2017-02-22 09:43:59', '2017-02-22 09:43:59', 'inbox'),
(139, '2017-02-22 09:43:59', '2017-02-22 09:43:59', 'members'),
(140, '2017-02-22 09:43:59', '2017-02-22 09:43:59', 'profile'),
(141, '2017-02-22 09:43:59', '2017-02-22 09:43:59', 'directory'),
(142, '2017-02-22 09:43:59', '2017-02-22 09:43:59', 'page_not_found'),
(143, '2017-02-22 09:43:59', '2017-02-22 09:43:59', 'page_forbidden'),
(144, '2017-02-22 09:43:59', '2017-02-22 09:44:00', 'download_file'),
(145, '2017-02-22 09:44:06', '2017-02-22 09:44:06', 'footer-contact'),
(146, '2017-02-22 09:44:06', '2017-02-22 09:44:06', 'footer-legal'),
(147, '2017-02-22 09:44:06', '2017-02-22 09:44:06', 'footer-navigation'),
(148, '2017-02-22 09:44:06', '2017-02-22 09:44:06', 'footer-site-title'),
(149, '2017-02-22 09:44:06', '2017-02-22 09:44:06', 'footer-social'),
(150, '2017-02-22 09:44:06', '2017-02-22 09:44:06', 'header-navigation'),
(151, '2017-02-22 09:44:06', '2017-02-22 09:44:06', 'header-search'),
(152, '2017-02-22 09:44:06', '2017-02-22 09:44:06', 'header-site-title'),
(153, '2017-02-22 09:44:08', '2017-02-22 09:44:08', NULL),
(154, '2017-02-22 09:44:08', '2017-02-22 10:59:23', 'services'),
(155, '2017-02-22 09:44:08', '2017-02-22 09:44:08', NULL),
(156, '2017-02-22 09:44:08', '2017-02-22 10:59:28', 'portfolio'),
(157, '2017-02-22 09:44:08', '2017-02-22 10:59:33', 'team'),
(158, '2017-02-22 09:44:08', '2017-02-22 09:44:08', NULL),
(159, '2017-02-22 09:44:08', '2017-02-22 10:59:37', 'blog'),
(160, '2017-02-22 09:44:08', '2017-02-22 10:59:44', 'search'),
(161, '2017-02-22 09:44:08', '2017-02-22 10:59:47', 'contact'),
(162, '2017-02-22 09:44:09', '2017-02-22 10:59:50', 'blank-page'),
(163, '2017-02-22 09:44:09', '2017-02-22 09:44:09', NULL),
(164, '2017-02-22 09:44:09', '2017-02-22 09:44:09', 'project-title'),
(165, '2017-02-22 09:44:09', '2017-02-22 09:44:09', 'project-title-2'),
(166, '2017-02-22 09:44:09', '2017-02-22 09:44:09', 'project-title-3'),
(167, '2017-02-22 09:44:09', '2017-02-22 09:44:09', 'project-title-4'),
(168, '2017-02-22 09:44:09', '2017-02-22 09:44:09', 'project-title-5'),
(169, '2017-02-22 09:44:09', '2017-02-22 09:44:09', 'project-title-6'),
(170, '2017-02-22 09:44:09', '2017-02-22 09:44:09', NULL),
(171, '2017-02-22 09:44:09', '2017-02-22 09:44:09', 'hello-world'),
(172, '2017-02-22 09:44:09', '2017-02-22 09:44:09', 'another-blog-post'),
(173, '2017-02-22 09:44:09', '2017-02-22 09:44:09', 'a-beautiful-blog'),
(174, '2017-02-22 09:44:09', '2017-02-22 09:44:09', 'about'),
(175, '2017-02-22 09:44:09', '2017-02-22 09:44:09', 'careers'),
(176, '2017-02-22 09:44:09', '2017-02-22 09:44:09', 'faq'),
(177, '2017-02-22 09:44:09', '2017-02-22 09:44:09', NULL),
(178, '2017-02-22 09:44:09', '2017-02-22 09:44:09', 'web-developer'),
(179, '2017-02-22 09:44:09', '2017-02-22 09:44:09', 'sales-associate'),
(180, '2017-02-22 09:44:09', '2017-02-22 09:44:09', NULL),
(181, '2017-02-22 09:44:09', '2017-02-22 09:44:09', NULL),
(182, '2017-02-22 09:44:09', '2017-02-22 09:44:09', NULL),
(183, '2017-02-22 09:47:40', '2017-02-27 14:47:29', 'navigation'),
(201, '2017-02-22 11:10:39', '2017-02-22 11:10:39', NULL),
(202, '2017-02-22 11:10:39', '2017-02-22 11:10:39', NULL),
(203, '2017-02-22 11:10:39', '2017-02-27 14:47:29', ''),
(204, '2017-02-22 11:11:00', '2017-02-22 14:34:12', ''),
(205, '2017-02-22 11:11:16', '2017-02-22 14:28:21', ''),
(206, '2017-02-22 11:11:27', '2017-02-22 14:34:16', ''),
(207, '2017-02-22 13:42:39', '2017-02-22 13:43:05', ''),
(208, '2017-02-22 13:42:51', '2017-02-22 13:43:09', ''),
(209, '2017-02-22 14:34:31', '2017-02-23 14:03:20', ''),
(210, '2017-02-22 14:34:41', '2017-02-23 14:03:23', ''),
(211, '2017-02-22 14:53:02', '2017-02-27 13:45:13', ''),
(212, '2017-02-22 14:53:33', '2017-02-23 14:51:50', ''),
(213, '2017-02-22 14:53:43', '2017-02-23 14:52:53', ''),
(214, '2017-02-22 14:53:52', '2017-02-23 14:54:28', ''),
(215, '2017-02-22 14:54:01', '2017-02-24 12:32:19', ''),
(216, '2017-02-22 14:54:10', '2017-02-23 10:21:20', ''),
(217, '2017-02-22 14:54:21', '2017-02-23 15:09:30', ''),
(218, '2017-02-22 14:54:32', '2017-02-23 10:22:06', ''),
(219, '2017-02-22 15:30:15', '2017-02-23 09:36:26', ''),
(220, '2017-02-23 10:26:49', '2017-02-23 10:27:18', 'footer-links'),
(221, '2017-02-23 10:26:49', '2017-02-23 10:27:18', 'footer-midden'),
(222, '2017-02-23 10:27:50', '2017-02-23 10:28:04', ''),
(223, '2017-02-23 12:44:59', '2017-02-23 14:02:56', ''),
(224, '2017-02-23 14:04:15', '2017-02-23 14:06:27', ''),
(225, '2017-02-23 14:06:11', '2017-02-27 09:30:58', ''),
(226, '2017-02-23 14:06:43', '2017-02-23 16:38:58', ''),
(227, '2017-02-23 14:23:20', '2017-02-23 14:23:59', ''),
(228, '2017-02-23 15:33:33', '2017-02-27 13:45:23', ''),
(229, '2017-02-23 16:26:40', '2017-02-23 16:28:16', ''),
(230, '2017-02-23 16:29:20', '2017-02-23 16:29:20', ''),
(231, '2017-02-23 16:31:32', '2017-02-27 15:40:32', ''),
(232, '2017-02-23 16:38:50', '2017-02-23 16:38:50', 'httpaartsenfruit-kids-foundationdevinitiatievenstoere-traktaties'),
(233, '2017-02-24 12:25:33', '2017-02-24 12:25:33', NULL),
(234, '2017-02-24 12:40:32', '2017-02-24 15:18:20', ''),
(235, '2017-02-24 12:40:46', '2017-02-24 15:18:25', ''),
(236, '2017-02-24 12:41:04', '2017-02-27 15:30:39', ''),
(237, '2017-02-24 12:41:26', '2017-02-27 15:28:38', ''),
(238, '2017-02-24 15:21:21', '2017-02-24 15:21:21', NULL),
(239, '2017-02-24 16:24:01', '2017-02-24 16:30:14', ''),
(240, '2017-02-24 16:24:15', '2017-02-24 16:30:30', ''),
(241, '2017-02-24 16:24:42', '2017-02-24 16:30:43', ''),
(242, '2017-02-24 16:24:53', '2017-02-24 16:30:57', ''),
(243, '2017-02-24 16:25:06', '2017-02-24 16:31:09', ''),
(244, '2017-02-24 16:25:16', '2017-02-24 16:31:20', ''),
(245, '2017-02-24 16:25:26', '2017-02-24 16:31:31', ''),
(246, '2017-02-27 13:50:59', '2017-02-27 15:32:11', ''),
(247, '2017-02-27 13:51:20', '2017-02-27 15:37:13', ''),
(248, '2017-02-27 15:22:54', '2017-02-27 15:38:44', ''),
(249, '2017-02-27 15:25:36', '2017-02-27 15:38:52', ''),
(250, '2017-02-27 15:27:46', '2017-02-27 15:38:59', '');

-- --------------------------------------------------------

--
-- Tabelstructuur voor tabel `CollectionSearchIndexAttributes`
--

CREATE TABLE `CollectionSearchIndexAttributes` (
  `cID` int(10) UNSIGNED NOT NULL DEFAULT '0',
  `ak_meta_title` longtext COLLATE utf8_unicode_ci,
  `ak_meta_description` longtext COLLATE utf8_unicode_ci,
  `ak_meta_keywords` longtext COLLATE utf8_unicode_ci,
  `ak_icon_dashboard` longtext COLLATE utf8_unicode_ci,
  `ak_exclude_nav` tinyint(1) DEFAULT '0',
  `ak_exclude_page_list` tinyint(1) DEFAULT '0',
  `ak_header_extra_content` longtext COLLATE utf8_unicode_ci,
  `ak_tags` varchar(255) COLLATE utf8_unicode_ci DEFAULT NULL,
  `ak_is_featured` tinyint(1) DEFAULT '0',
  `ak_exclude_search_index` tinyint(1) DEFAULT '0',
  `ak_exclude_sitemapxml` tinyint(1) DEFAULT '0',
  `ak_job_posting_department` varchar(255) COLLATE utf8_unicode_ci DEFAULT NULL,
  `ak_job_location` longtext COLLATE utf8_unicode_ci,
  `ak_exclude_subpages_from_nav` tinyint(1) DEFAULT '0',
  `ak_thumbnail` int(11) DEFAULT '0',
  `ak_blog_entry_topics` longtext COLLATE utf8_unicode_ci,
  `ak_project_topics` longtext COLLATE utf8_unicode_ci,
  `ak_project_client` longtext COLLATE utf8_unicode_ci,
  `ak_project_tasks` varchar(255) COLLATE utf8_unicode_ci DEFAULT NULL,
  `ak_project_skills` varchar(255) COLLATE utf8_unicode_ci DEFAULT NULL,
  `ak_hero_image` int(11) DEFAULT '0',
  `ak_banner_image` int(11) DEFAULT '0',
  `ak_banner_text` longtext COLLATE utf8_unicode_ci
) ENGINE=InnoDB DEFAULT CHARSET=utf8 COLLATE=utf8_unicode_ci;

--
-- Gegevens worden geëxporteerd voor tabel `CollectionSearchIndexAttributes`
--

INSERT INTO `CollectionSearchIndexAttributes` (`cID`, `ak_meta_title`, `ak_meta_description`, `ak_meta_keywords`, `ak_icon_dashboard`, `ak_exclude_nav`, `ak_exclude_page_list`, `ak_header_extra_content`, `ak_tags`, `ak_is_featured`, `ak_exclude_search_index`, `ak_exclude_sitemapxml`, `ak_job_posting_department`, `ak_job_location`, `ak_exclude_subpages_from_nav`, `ak_thumbnail`, `ak_blog_entry_topics`, `ak_project_topics`, `ak_project_client`, `ak_project_tasks`, `ak_project_skills`, `ak_hero_image`, `ak_banner_image`, `ak_banner_text`) VALUES
(1, NULL, NULL, NULL, NULL, 0, 0, NULL, NULL, 0, 0, 0, NULL, NULL, 0, 0, NULL, NULL, NULL, NULL, NULL, 16, 17, NULL),
(2, NULL, NULL, NULL, 'fa fa-th-large', 0, 0, NULL, NULL, 0, 0, 0, NULL, NULL, 0, 0, NULL, NULL, NULL, NULL, NULL, 0, 0, NULL),
(3, NULL, NULL, 'pages, add page, delete page, copy, move, alias', NULL, 0, 0, NULL, NULL, 0, 0, 0, NULL, NULL, 0, 0, NULL, NULL, NULL, NULL, NULL, 0, 0, NULL),
(4, NULL, NULL, 'pages, add page, delete page, copy, move, alias', NULL, 0, 0, NULL, NULL, 0, 0, 0, NULL, NULL, 0, 0, NULL, NULL, NULL, NULL, NULL, 0, 0, NULL),
(5, NULL, NULL, 'pages, add page, delete page, copy, move, alias, bulk', NULL, 0, 0, NULL, NULL, 0, 0, 0, NULL, NULL, 0, 0, NULL, NULL, NULL, NULL, NULL, 0, 0, NULL),
(6, NULL, NULL, 'find page, search page, search, find, pages, sitemap', NULL, 0, 0, NULL, NULL, 0, 0, 0, NULL, NULL, 0, 0, NULL, NULL, NULL, NULL, NULL, 0, 0, NULL),
(8, NULL, NULL, 'add file, delete file, copy, move, alias, resize, crop, rename, images, title, attribute', NULL, 0, 0, NULL, NULL, 0, 0, 0, NULL, NULL, 0, 0, NULL, NULL, NULL, NULL, NULL, 0, 0, NULL),
(9, NULL, NULL, 'file, file attributes, title, attribute, description, rename', NULL, 0, 0, NULL, NULL, 0, 0, 0, NULL, NULL, 0, 0, NULL, NULL, NULL, NULL, NULL, 0, 0, NULL),
(10, NULL, NULL, 'files, category, categories', NULL, 0, 0, NULL, NULL, 0, 0, 0, NULL, NULL, 0, 0, NULL, NULL, NULL, NULL, NULL, 0, 0, NULL),
(11, NULL, NULL, 'new file set', NULL, 1, 0, NULL, NULL, 0, 0, 0, NULL, NULL, 0, 0, NULL, NULL, NULL, NULL, NULL, 0, 0, NULL),
(12, NULL, NULL, 'users, groups, people, find, delete user, remove user, change password, password', NULL, 0, 0, NULL, NULL, 0, 0, 0, NULL, NULL, 0, 0, NULL, NULL, NULL, NULL, NULL, 0, 0, NULL),
(13, NULL, NULL, 'find, search, people, delete user, remove user, change password, password', NULL, 0, 0, NULL, NULL, 0, 0, 0, NULL, NULL, 0, 0, NULL, NULL, NULL, NULL, NULL, 0, 0, NULL),
(14, NULL, NULL, 'user, group, people, permissions, expire, badges', NULL, 0, 0, NULL, NULL, 0, 0, 0, NULL, NULL, 0, 0, NULL, NULL, NULL, NULL, NULL, 0, 0, NULL),
(15, NULL, NULL, 'user attributes, user data, gather data, registration data', NULL, 0, 0, NULL, NULL, 0, 0, 0, NULL, NULL, 0, 0, NULL, NULL, NULL, NULL, NULL, 0, 0, NULL),
(16, NULL, NULL, 'new user, create', NULL, 1, 0, NULL, NULL, 0, 0, 0, NULL, NULL, 0, 0, NULL, NULL, NULL, NULL, NULL, 0, 0, NULL),
(17, NULL, NULL, 'new user group, new group, group, create', NULL, 1, 0, NULL, NULL, 0, 0, 0, NULL, NULL, 0, 0, NULL, NULL, NULL, NULL, NULL, 0, 0, NULL),
(19, NULL, NULL, 'group set', NULL, 0, 0, NULL, NULL, 0, 0, 0, NULL, NULL, 0, 0, NULL, NULL, NULL, NULL, NULL, 0, 0, NULL),
(20, NULL, NULL, 'community, points, karma', NULL, 0, 0, NULL, NULL, 0, 0, 0, NULL, NULL, 0, 0, NULL, NULL, NULL, NULL, NULL, 0, 0, NULL),
(22, NULL, NULL, 'action, community actions', NULL, 0, 0, NULL, NULL, 0, 0, 0, NULL, NULL, 0, 0, NULL, NULL, NULL, NULL, NULL, 0, 0, NULL),
(23, NULL, NULL, 'forms, log, error, email, mysql, exception, survey', NULL, 0, 0, NULL, NULL, 0, 0, 0, NULL, NULL, 0, 0, NULL, NULL, NULL, NULL, NULL, 0, 0, NULL),
(24, NULL, NULL, 'forms, questions, response, data', NULL, 0, 0, NULL, NULL, 0, 0, 0, NULL, NULL, 0, 0, NULL, NULL, NULL, NULL, NULL, 0, 0, NULL),
(25, NULL, NULL, 'questions, quiz, response', NULL, 0, 0, NULL, NULL, 0, 0, 0, NULL, NULL, 0, 0, NULL, NULL, NULL, NULL, NULL, 0, 0, NULL),
(26, NULL, NULL, 'forms, log, error, email, mysql, exception, survey, history', NULL, 0, 0, NULL, NULL, 0, 0, 0, NULL, NULL, 0, 0, NULL, NULL, NULL, NULL, NULL, 0, 0, NULL),
(28, NULL, NULL, 'new theme, theme, active theme, change theme, template, css', NULL, 0, 0, NULL, NULL, 0, 0, 0, NULL, NULL, 0, 0, NULL, NULL, NULL, NULL, NULL, 0, 0, NULL),
(29, NULL, NULL, 'page types', NULL, 1, 0, NULL, NULL, 0, 0, 0, NULL, NULL, 0, 0, NULL, NULL, NULL, NULL, NULL, 0, 0, NULL),
(31, NULL, NULL, NULL, NULL, 1, 0, NULL, NULL, 0, 0, 0, NULL, NULL, 0, 0, NULL, NULL, NULL, NULL, NULL, 0, 0, NULL),
(32, NULL, NULL, NULL, NULL, 1, 0, NULL, NULL, 0, 0, 0, NULL, NULL, 0, 0, NULL, NULL, NULL, NULL, NULL, 0, 0, NULL),
(33, NULL, NULL, NULL, NULL, 1, 0, NULL, NULL, 0, 0, 0, NULL, NULL, 0, 0, NULL, NULL, NULL, NULL, NULL, 0, 0, NULL),
(34, NULL, NULL, NULL, NULL, 1, 0, NULL, NULL, 0, 0, 0, NULL, NULL, 0, 0, NULL, NULL, NULL, NULL, NULL, 0, 0, NULL),
(35, NULL, NULL, NULL, NULL, 1, 0, NULL, NULL, 0, 0, 0, NULL, NULL, 0, 0, NULL, NULL, NULL, NULL, NULL, 0, 0, NULL),
(36, NULL, NULL, NULL, NULL, 1, 0, NULL, NULL, 0, 0, 0, NULL, NULL, 0, 0, NULL, NULL, NULL, NULL, NULL, 0, 0, NULL),
(38, NULL, NULL, NULL, NULL, 1, 0, NULL, NULL, 0, 0, 0, NULL, NULL, 0, 0, NULL, NULL, NULL, NULL, NULL, 0, 0, NULL),
(39, NULL, NULL, 'page attributes, custom', NULL, 0, 0, NULL, NULL, 0, 0, 0, NULL, NULL, 0, 0, NULL, NULL, NULL, NULL, NULL, 0, 0, NULL),
(40, NULL, NULL, 'single, page, custom, application', NULL, 0, 0, NULL, NULL, 0, 0, 0, NULL, NULL, 0, 0, NULL, NULL, NULL, NULL, NULL, 0, 0, NULL),
(41, NULL, NULL, 'atom, rss, feed, syndication', NULL, 0, 0, NULL, NULL, 0, 0, 0, NULL, NULL, 0, 0, NULL, NULL, NULL, NULL, NULL, 0, 0, NULL),
(43, NULL, NULL, NULL, 'icon-bullhorn', 0, 0, NULL, NULL, 0, 0, 0, NULL, NULL, 0, 0, NULL, NULL, NULL, NULL, NULL, 0, 0, NULL),
(44, NULL, NULL, 'add workflow, remove workflow', NULL, 0, 0, NULL, NULL, 0, 0, 0, NULL, NULL, 0, 0, NULL, NULL, NULL, NULL, NULL, 0, 0, NULL),
(48, NULL, NULL, 'stacks, reusable content, scrapbook, copy, paste, paste block, copy block, site name, logo', NULL, 0, 0, NULL, NULL, 0, 0, 0, NULL, NULL, 0, 0, NULL, NULL, NULL, NULL, NULL, 0, 0, NULL),
(50, NULL, NULL, 'edit stacks, view stacks, all stacks', NULL, 1, 0, NULL, NULL, 0, 1, 0, NULL, NULL, 0, 0, NULL, NULL, NULL, NULL, NULL, 0, 0, NULL),
(51, NULL, NULL, 'block, refresh, custom', NULL, 0, 0, NULL, NULL, 0, 0, 0, NULL, NULL, 0, 0, NULL, NULL, NULL, NULL, NULL, 0, 0, NULL),
(52, NULL, NULL, 'add-on, addon, add on, package, app, ecommerce, discussions, forums, themes, templates, blocks', NULL, 0, 0, NULL, NULL, 0, 0, 0, NULL, NULL, 0, 0, NULL, NULL, NULL, NULL, NULL, 0, 0, NULL),
(53, NULL, NULL, NULL, NULL, 1, 0, NULL, NULL, 0, 0, 0, NULL, NULL, 0, 0, NULL, NULL, NULL, NULL, NULL, 0, 0, NULL),
(54, NULL, NULL, 'add-on, addon, ecommerce, install, discussions, forums, themes, templates, blocks', NULL, 0, 0, NULL, NULL, 0, 0, 0, NULL, NULL, 0, 0, NULL, NULL, NULL, NULL, NULL, 0, 0, NULL),
(55, NULL, NULL, 'update, upgrade', NULL, 0, 0, NULL, NULL, 0, 0, 0, NULL, NULL, 0, 0, NULL, NULL, NULL, NULL, NULL, 0, 0, NULL),
(56, NULL, NULL, 'concrete5.org, my account, marketplace', NULL, 1, 0, NULL, NULL, 0, 0, 0, NULL, NULL, 0, 0, NULL, NULL, NULL, NULL, NULL, 0, 0, NULL),
(57, NULL, NULL, 'buy theme, new theme, marketplace, template', NULL, 0, 0, NULL, NULL, 0, 0, 0, NULL, NULL, 0, 0, NULL, NULL, NULL, NULL, NULL, 0, 0, NULL),
(58, NULL, NULL, 'buy addon, buy add on, buy add-on, purchase addon, purchase add on, purchase add-on, find addon, new addon, marketplace', NULL, 0, 0, NULL, NULL, 0, 0, 0, NULL, NULL, 0, 0, NULL, NULL, NULL, NULL, NULL, 0, 0, NULL),
(59, NULL, NULL, 'dashboard, configuration', NULL, 0, 0, NULL, NULL, 0, 0, 0, NULL, NULL, 0, 0, NULL, NULL, NULL, NULL, NULL, 0, 0, NULL),
(61, NULL, NULL, 'website name, title', NULL, 0, 0, NULL, NULL, 0, 0, 0, NULL, NULL, 0, 0, NULL, NULL, NULL, NULL, NULL, 0, 0, NULL),
(62, NULL, NULL, 'accessibility, easy mode', NULL, 0, 0, NULL, NULL, 0, 0, 0, NULL, NULL, 0, 0, NULL, NULL, NULL, NULL, NULL, 0, 0, NULL),
(63, NULL, NULL, 'sharing, facebook, twitter', NULL, 0, 0, NULL, NULL, 0, 0, 0, NULL, NULL, 0, 0, NULL, NULL, NULL, NULL, NULL, 0, 0, NULL),
(64, NULL, NULL, 'logo, favicon, iphone, icon, bookmark', NULL, 0, 0, NULL, NULL, 0, 0, 0, NULL, NULL, 0, 0, NULL, NULL, NULL, NULL, NULL, 0, 0, NULL),
(65, NULL, NULL, 'tinymce, content block, fonts, editor, content, overlay', NULL, 0, 0, NULL, NULL, 0, 0, 0, NULL, NULL, 0, 0, NULL, NULL, NULL, NULL, NULL, 0, 0, NULL),
(66, NULL, NULL, 'translate, translation, internationalization, multilingual', NULL, 0, 0, NULL, NULL, 0, 0, 0, NULL, NULL, 0, 0, NULL, NULL, NULL, NULL, NULL, 0, 0, NULL),
(67, NULL, NULL, 'timezone, profile, locale', NULL, 0, 0, NULL, NULL, 0, 0, 0, NULL, NULL, 0, 0, NULL, NULL, NULL, NULL, NULL, 0, 0, NULL),
(68, NULL, NULL, 'multilingual, localization, internationalization, i18n', NULL, 0, 0, NULL, NULL, 0, 0, 0, NULL, NULL, 0, 0, NULL, NULL, NULL, NULL, NULL, 0, 0, NULL),
(74, NULL, NULL, 'vanity, pretty url, redirection, hostname, canonical, seo, pageview, view', NULL, 0, 0, NULL, NULL, 0, 0, 0, NULL, NULL, 0, 0, NULL, NULL, NULL, NULL, NULL, 0, 0, NULL),
(75, NULL, NULL, 'bulk, seo, change keywords, engine, optimization, search', NULL, 0, 0, NULL, NULL, 0, 0, 0, NULL, NULL, 0, 0, NULL, NULL, NULL, NULL, NULL, 0, 0, NULL),
(76, NULL, NULL, 'traffic, statistics, google analytics, quant, pageviews, hits', NULL, 0, 0, NULL, NULL, 0, 0, 0, NULL, NULL, 0, 0, NULL, NULL, NULL, NULL, NULL, 0, 0, NULL),
(77, NULL, NULL, 'pretty, slug', NULL, 0, 0, NULL, NULL, 0, 0, 0, NULL, NULL, 0, 0, NULL, NULL, NULL, NULL, NULL, 0, 0, NULL),
(78, NULL, NULL, 'configure search, site search, search option', NULL, 0, 0, NULL, NULL, 0, 0, 0, NULL, NULL, 0, 0, NULL, NULL, NULL, NULL, NULL, 0, 0, NULL),
(80, NULL, NULL, 'file options, file manager, upload, modify', NULL, 0, 0, NULL, NULL, 0, 0, 0, NULL, NULL, 0, 0, NULL, NULL, NULL, NULL, NULL, 0, 0, NULL),
(81, NULL, NULL, 'security, files, media, extension, manager, upload', NULL, 0, 0, NULL, NULL, 0, 0, 0, NULL, NULL, 0, 0, NULL, NULL, NULL, NULL, NULL, 0, 0, NULL),
(82, NULL, NULL, 'images, picture, responsive, retina', NULL, 0, 0, NULL, NULL, 0, 0, 0, NULL, NULL, 0, 0, NULL, NULL, NULL, NULL, NULL, 0, 0, NULL),
(83, NULL, NULL, 'uploading, upload, images, image, resizing, manager', NULL, 0, 0, NULL, NULL, 0, 0, 0, NULL, NULL, 0, 0, NULL, NULL, NULL, NULL, NULL, 0, 0, NULL),
(84, NULL, NULL, 'security, alternate storage, hide files', NULL, 0, 0, NULL, NULL, 0, 0, 0, NULL, NULL, 0, 0, NULL, NULL, NULL, NULL, NULL, 0, 0, NULL),
(86, NULL, NULL, 'cache option, change cache, override, turn on cache, turn off cache, no cache, page cache, caching', NULL, 0, 0, NULL, NULL, 0, 0, 0, NULL, NULL, 0, 0, NULL, NULL, NULL, NULL, NULL, 0, 0, NULL),
(87, NULL, NULL, 'cache option, turn off cache, no cache, page cache, caching', NULL, 0, 0, NULL, NULL, 0, 0, 0, NULL, NULL, 0, 0, NULL, NULL, NULL, NULL, NULL, 0, 0, NULL),
(88, NULL, NULL, 'index search, reindex search, build sitemap, sitemap.xml, clear old versions, page versions, remove old', NULL, 0, 0, NULL, NULL, 0, 0, 0, NULL, NULL, 0, 0, NULL, NULL, NULL, NULL, NULL, 0, 0, NULL),
(89, NULL, NULL, 'queries, database, mysql', NULL, 0, 0, NULL, NULL, 0, 0, 0, NULL, NULL, 0, 0, NULL, NULL, NULL, NULL, NULL, 0, 0, NULL),
(91, NULL, NULL, 'editors, hide site, offline, private, public, access', NULL, 0, 0, NULL, NULL, 0, 0, 0, NULL, NULL, 0, 0, NULL, NULL, NULL, NULL, NULL, 0, 0, NULL),
(92, NULL, NULL, 'security, actions, administrator, admin, package, marketplace, search', NULL, 0, 0, NULL, NULL, 0, 0, 0, NULL, NULL, 0, 0, NULL, NULL, NULL, NULL, NULL, 0, 0, NULL),
(95, NULL, NULL, 'security, lock ip, lock out, block ip, address, restrict, access', NULL, 0, 0, NULL, NULL, 0, 0, 0, NULL, NULL, 0, 0, NULL, NULL, NULL, NULL, NULL, 0, 0, NULL),
(96, NULL, NULL, 'security, registration', NULL, 0, 0, NULL, NULL, 0, 0, 0, NULL, NULL, 0, 0, NULL, NULL, NULL, NULL, NULL, 0, 0, NULL),
(97, NULL, NULL, 'antispam, block spam, security', NULL, 0, 0, NULL, NULL, 0, 0, 0, NULL, NULL, 0, 0, NULL, NULL, NULL, NULL, NULL, 0, 0, NULL),
(98, NULL, NULL, 'lock site, under construction, hide, hidden', NULL, 0, 0, NULL, NULL, 0, 0, 0, NULL, NULL, 0, 0, NULL, NULL, NULL, NULL, NULL, 0, 0, NULL),
(100, NULL, NULL, 'profile, login, redirect, specific, dashboard, administrators', NULL, 0, 0, NULL, NULL, 0, 0, 0, NULL, NULL, 0, 0, NULL, NULL, NULL, NULL, NULL, 0, 0, NULL),
(101, NULL, NULL, 'member profile, member page, community, forums, social, avatar', NULL, 0, 0, NULL, NULL, 0, 0, 0, NULL, NULL, 0, 0, NULL, NULL, NULL, NULL, NULL, 0, 0, NULL),
(102, NULL, NULL, 'signup, new user, community, public registration, public, registration', NULL, 0, 0, NULL, NULL, 0, 0, 0, NULL, NULL, 0, 0, NULL, NULL, NULL, NULL, NULL, 0, 0, NULL),
(103, NULL, NULL, 'auth, authentication, types, oauth, facebook, login, registration', NULL, 0, 0, NULL, NULL, 0, 0, 0, NULL, NULL, 0, 0, NULL, NULL, NULL, NULL, NULL, 0, 0, NULL),
(104, NULL, NULL, 'smtp, mail settings', NULL, 0, 0, NULL, NULL, 0, 0, 0, NULL, NULL, 0, 0, NULL, NULL, NULL, NULL, NULL, 0, 0, NULL),
(105, NULL, NULL, 'email server, mail settings, mail configuration, external, internal', NULL, 0, 0, NULL, NULL, 0, 0, 0, NULL, NULL, 0, 0, NULL, NULL, NULL, NULL, NULL, 0, 0, NULL),
(106, NULL, NULL, 'test smtp, test mail', NULL, 0, 0, NULL, NULL, 0, 0, 0, NULL, NULL, 0, 0, NULL, NULL, NULL, NULL, NULL, 0, 0, NULL),
(107, NULL, NULL, 'email server, mail settings, mail configuration, private message, message system, import, email, message', NULL, 0, 0, NULL, NULL, 0, 0, 0, NULL, NULL, 0, 0, NULL, NULL, NULL, NULL, NULL, 0, 0, NULL),
(108, NULL, NULL, 'conversations', NULL, 0, 0, NULL, NULL, 0, 0, 0, NULL, NULL, 0, 0, NULL, NULL, NULL, NULL, NULL, 0, 0, NULL),
(109, NULL, NULL, 'conversations', NULL, 0, 0, NULL, NULL, 0, 0, 0, NULL, NULL, 0, 0, NULL, NULL, NULL, NULL, NULL, 0, 0, NULL),
(110, NULL, NULL, 'conversations ratings, ratings, community, community points', NULL, 0, 0, NULL, NULL, 0, 0, 0, NULL, NULL, 0, 0, NULL, NULL, NULL, NULL, NULL, 0, 0, NULL),
(111, NULL, NULL, 'conversations bad words, banned words, banned, bad words, bad, words, list', NULL, 0, 0, NULL, NULL, 0, 0, 0, NULL, NULL, 0, 0, NULL, NULL, NULL, NULL, NULL, 0, 0, NULL),
(113, NULL, NULL, 'attribute configuration', NULL, 0, 0, NULL, NULL, 0, 0, 0, NULL, NULL, 0, 0, NULL, NULL, NULL, NULL, NULL, 0, 0, NULL),
(114, NULL, NULL, 'attributes, sets', NULL, 0, 0, NULL, NULL, 0, 0, 0, NULL, NULL, 0, 0, NULL, NULL, NULL, NULL, NULL, 0, 0, NULL),
(115, NULL, NULL, 'attributes, types', NULL, 0, 0, NULL, NULL, 0, 0, 0, NULL, NULL, 0, 0, NULL, NULL, NULL, NULL, NULL, 0, 0, NULL),
(116, NULL, NULL, 'topics, tags, taxonomy', NULL, 0, 0, NULL, NULL, 0, 0, 0, NULL, NULL, 0, 0, NULL, NULL, NULL, NULL, NULL, 0, 0, NULL),
(118, NULL, NULL, NULL, NULL, 0, 0, NULL, NULL, 0, 1, 0, NULL, NULL, 0, 0, NULL, NULL, NULL, NULL, NULL, 0, 0, NULL),
(119, NULL, NULL, 'overrides, system info, debug, support, help', NULL, 0, 0, NULL, NULL, 0, 0, 0, NULL, NULL, 0, 0, NULL, NULL, NULL, NULL, NULL, 0, 0, NULL),
(120, NULL, NULL, 'errors, exceptions, develop, support, help', NULL, 0, 0, NULL, NULL, 0, 0, 0, NULL, NULL, 0, 0, NULL, NULL, NULL, NULL, NULL, 0, 0, NULL),
(121, NULL, NULL, 'email, logging, logs, smtp, pop, errors, mysql, log', NULL, 0, 0, NULL, NULL, 0, 0, 0, NULL, NULL, 0, 0, NULL, NULL, NULL, NULL, NULL, 0, 0, NULL),
(122, NULL, NULL, 'network, proxy server', NULL, 0, 0, NULL, NULL, 0, 0, 0, NULL, NULL, 0, 0, NULL, NULL, NULL, NULL, NULL, 0, 0, NULL),
(123, NULL, NULL, 'database, entities, doctrine, orm', NULL, 0, 0, NULL, NULL, 0, 0, 0, NULL, NULL, 0, 0, NULL, NULL, NULL, NULL, NULL, 0, 0, NULL),
(124, NULL, NULL, 'export, backup, database, sql, mysql, encryption, restore', NULL, 0, 0, NULL, NULL, 0, 0, 0, NULL, NULL, 0, 0, NULL, NULL, NULL, NULL, NULL, 0, 0, NULL),
(126, NULL, NULL, 'upgrade, new version, update', NULL, 0, 0, NULL, NULL, 0, 0, 0, NULL, NULL, 0, 0, NULL, NULL, NULL, NULL, NULL, 0, 0, NULL),
(127, NULL, NULL, NULL, NULL, 1, 0, NULL, NULL, 0, 0, 0, NULL, NULL, 0, 0, NULL, NULL, NULL, NULL, NULL, 0, 0, NULL),
(128, NULL, NULL, NULL, NULL, 1, 0, NULL, NULL, 0, 1, 0, NULL, NULL, 0, 0, NULL, NULL, NULL, NULL, NULL, 0, 0, NULL),
(129, NULL, NULL, NULL, 'fa fa-edit', 0, 0, NULL, NULL, 0, 0, 0, NULL, NULL, 0, 0, NULL, NULL, NULL, NULL, NULL, 0, 0, NULL),
(130, NULL, NULL, NULL, 'fa fa-trash-o', 0, 0, NULL, NULL, 0, 0, 0, NULL, NULL, 0, 0, NULL, NULL, NULL, NULL, NULL, 0, 0, NULL),
(131, NULL, NULL, NULL, 'fa fa-th', 0, 0, NULL, NULL, 0, 0, 0, NULL, NULL, 0, 0, NULL, NULL, NULL, NULL, NULL, 0, 0, NULL),
(134, NULL, NULL, NULL, 'fa fa-briefcase', 0, 0, NULL, NULL, 0, 0, 0, NULL, NULL, 0, 0, NULL, NULL, NULL, NULL, NULL, 0, 0, NULL),
(154, NULL, NULL, NULL, NULL, 0, 0, NULL, NULL, 0, 0, 0, NULL, NULL, 0, 0, NULL, NULL, NULL, NULL, NULL, 0, 0, NULL),
(156, NULL, NULL, NULL, NULL, 0, 0, NULL, NULL, 0, 0, 0, NULL, NULL, 1, 0, NULL, NULL, NULL, NULL, NULL, 0, 0, NULL),
(157, NULL, NULL, NULL, NULL, 0, 0, NULL, NULL, 0, 0, 0, NULL, NULL, 0, 0, NULL, NULL, NULL, NULL, NULL, 0, 0, NULL),
(159, NULL, NULL, NULL, NULL, 0, 0, NULL, NULL, 0, 0, 0, NULL, NULL, 1, 0, NULL, NULL, NULL, NULL, NULL, 0, 0, NULL),
(160, NULL, NULL, NULL, NULL, 1, 0, NULL, NULL, 0, 0, 0, NULL, NULL, 0, 0, NULL, NULL, NULL, NULL, NULL, 0, 0, NULL),
(161, NULL, NULL, NULL, NULL, 0, 0, NULL, NULL, 0, 0, 0, NULL, NULL, 0, 0, NULL, NULL, NULL, NULL, NULL, 0, 0, NULL),
(162, NULL, NULL, NULL, NULL, 1, 0, NULL, NULL, 0, 0, 0, NULL, NULL, 0, 0, NULL, NULL, NULL, NULL, NULL, 0, 0, NULL),
(164, NULL, NULL, NULL, NULL, 0, 0, NULL, NULL, 1, 0, 0, NULL, NULL, 0, 6, NULL, '||/Homework||', 'Test Client', '\nArchitecture\nDesign\nProduction\n', '\nHTML\nJavaScript\nPHP\n', 0, 0, NULL),
(165, NULL, NULL, NULL, NULL, 0, 0, NULL, NULL, 0, 0, 0, NULL, NULL, 0, 8, NULL, '||/Activities||', 'Test Client', '\nArchitecture\n', '\nPHP\n', 0, 0, NULL),
(166, NULL, NULL, NULL, NULL, 0, 0, NULL, NULL, 1, 0, 0, NULL, NULL, 0, 16, NULL, '||/Homework||', 'Test Client 2', '\nMultimedia\nProduction\nDevelopment\n', '\nHTML\nJavaScript\nPHP\nCSS\n', 0, 0, NULL),
(167, NULL, NULL, NULL, NULL, 0, 0, NULL, NULL, 1, 0, 0, NULL, NULL, 0, 15, NULL, '||/Homework||', 'Test Client 2', '\nDesign\n', '\nPhotoshop\n', 0, 0, NULL),
(168, NULL, NULL, NULL, NULL, 0, 0, NULL, NULL, 0, 0, 0, NULL, NULL, 0, 12, NULL, '||/Homework||', 'Test Client 2', '\nDesign\n', '\nPhotoshop\n', 0, 0, NULL),
(169, NULL, NULL, NULL, NULL, 0, 0, NULL, NULL, 0, 0, 0, NULL, NULL, 0, 10, NULL, '||/Homework||', 'Test Client 2', '\nDesign\n', '\nPhotoshop\n', 0, 0, NULL),
(171, NULL, NULL, NULL, NULL, 0, 0, NULL, NULL, 0, 0, 0, NULL, NULL, 0, 2, '||/Projects||', NULL, NULL, NULL, NULL, 0, 0, NULL),
(172, NULL, NULL, NULL, NULL, 0, 0, NULL, NULL, 0, 0, 0, NULL, NULL, 0, 7, '||/Humor||', NULL, NULL, NULL, NULL, 0, 0, NULL),
(173, NULL, NULL, NULL, NULL, 0, 0, NULL, NULL, 0, 0, 0, NULL, NULL, 0, 11, '||/Projects||', NULL, NULL, NULL, NULL, 0, 0, NULL),
(174, NULL, NULL, NULL, NULL, 0, 0, NULL, NULL, 0, 0, 0, NULL, NULL, 0, 0, NULL, NULL, NULL, NULL, NULL, 0, 0, NULL),
(175, NULL, NULL, NULL, NULL, 0, 0, NULL, NULL, 0, 0, 0, NULL, NULL, 0, 0, NULL, NULL, NULL, NULL, NULL, 0, 0, NULL),
(176, NULL, NULL, NULL, NULL, 0, 0, NULL, NULL, 0, 0, 0, NULL, NULL, 0, 0, NULL, NULL, NULL, NULL, NULL, 0, 0, NULL),
(178, NULL, NULL, NULL, NULL, 0, 0, NULL, NULL, 0, 0, 0, '\nTechnical and Operations\n', 'Lorem ipsum dolor sit amet, consectetur adipiscing elit. Nulla massa lacus, vehicula eu interdum convallis, laoreet id lectus. Nunc turpis elit, aliquam sit amet aliquam tincidunt, dapibus vel tellus. ', 0, 0, NULL, NULL, NULL, NULL, NULL, 0, 0, NULL),
(179, NULL, NULL, NULL, NULL, 0, 0, NULL, NULL, 0, 0, 0, '\nMarketing and Sales\n', 'Lorem ipsum dolor sit amet, consectetur adipiscing elit. Nulla massa lacus, vehicula eu interdum convallis, laoreet id lectus. Nunc turpis elit, aliquam sit amet aliquam tincidunt, dapibus vel tellus. ', 0, 0, NULL, NULL, NULL, NULL, NULL, 0, 0, NULL),
(183, NULL, NULL, NULL, NULL, 0, 0, NULL, NULL, 0, 0, 0, NULL, NULL, 0, 0, NULL, NULL, NULL, NULL, NULL, 0, 0, NULL),
(203, NULL, NULL, NULL, NULL, 0, 0, NULL, NULL, 0, 0, 0, NULL, NULL, 0, 0, NULL, NULL, NULL, NULL, NULL, 16, 0, NULL),
(204, NULL, NULL, NULL, NULL, 0, 0, NULL, NULL, 0, 0, 0, NULL, NULL, 0, 0, NULL, NULL, NULL, NULL, NULL, 0, 0, NULL),
(205, NULL, NULL, NULL, NULL, 0, 0, NULL, NULL, 0, 0, 0, NULL, NULL, 0, 0, NULL, NULL, NULL, NULL, NULL, 0, 0, NULL),
(206, NULL, NULL, NULL, NULL, 0, 0, NULL, NULL, 0, 0, 0, NULL, NULL, 0, 0, NULL, NULL, NULL, NULL, NULL, 0, 0, NULL),
(207, NULL, NULL, NULL, NULL, 0, 0, NULL, NULL, 0, 0, 0, NULL, NULL, 0, 0, NULL, NULL, NULL, NULL, NULL, 0, 0, NULL),
(208, NULL, NULL, NULL, NULL, 0, 0, NULL, NULL, 0, 0, 0, NULL, NULL, 0, 0, NULL, NULL, NULL, NULL, NULL, 0, 0, NULL),
(209, NULL, NULL, NULL, NULL, 0, 0, NULL, NULL, 0, 0, 0, NULL, NULL, 0, 0, NULL, NULL, NULL, NULL, NULL, 16, 0, NULL),
(210, NULL, NULL, NULL, NULL, 0, 0, NULL, NULL, 0, 0, 0, NULL, NULL, 0, 0, NULL, NULL, NULL, NULL, NULL, 16, 0, NULL),
(211, NULL, NULL, NULL, NULL, 1, 0, NULL, NULL, 0, 0, 0, NULL, NULL, 0, 0, NULL, NULL, NULL, NULL, NULL, 16, 0, NULL),
(212, NULL, NULL, NULL, NULL, 0, 0, NULL, NULL, 0, 0, 0, NULL, NULL, 0, 21, NULL, NULL, NULL, NULL, NULL, 16, 0, NULL),
(213, NULL, NULL, NULL, NULL, 0, 0, NULL, NULL, 0, 0, 0, NULL, NULL, 0, 18, NULL, NULL, NULL, NULL, NULL, 16, 0, NULL),
(214, NULL, NULL, NULL, NULL, 0, 0, NULL, NULL, 0, 0, 0, NULL, NULL, 0, 22, NULL, NULL, NULL, NULL, NULL, 16, 0, NULL),
(215, '', '', NULL, NULL, 1, 0, '', NULL, 0, 0, 0, NULL, NULL, 0, 19, NULL, NULL, NULL, NULL, NULL, 16, 0, NULL),
(216, NULL, NULL, NULL, NULL, 0, 0, NULL, NULL, 0, 0, 0, NULL, NULL, 0, 20, NULL, NULL, NULL, NULL, NULL, 16, 0, NULL),
(217, NULL, NULL, NULL, NULL, 0, 0, NULL, NULL, 0, 0, 0, NULL, NULL, 0, 23, NULL, NULL, NULL, NULL, NULL, 16, 0, NULL),
(218, NULL, NULL, NULL, NULL, 0, 0, NULL, NULL, 0, 0, 0, NULL, NULL, 0, 24, NULL, NULL, NULL, NULL, NULL, 16, 0, NULL),
(219, NULL, NULL, NULL, NULL, 0, 0, NULL, NULL, 0, 0, 0, NULL, NULL, 0, 17, NULL, NULL, NULL, NULL, NULL, 0, 0, NULL),
(220, NULL, NULL, NULL, NULL, 0, 0, NULL, NULL, 0, 0, 0, NULL, NULL, 0, 0, NULL, NULL, NULL, NULL, NULL, 0, 0, NULL),
(221, NULL, NULL, NULL, NULL, 0, 0, NULL, NULL, 0, 0, 0, NULL, NULL, 0, 0, NULL, NULL, NULL, NULL, NULL, 0, 0, NULL),
(222, NULL, NULL, NULL, NULL, 0, 0, NULL, NULL, 0, 0, 0, NULL, NULL, 0, 0, NULL, NULL, NULL, NULL, NULL, 16, 0, NULL),
(223, NULL, NULL, NULL, NULL, 0, 0, NULL, NULL, 0, 0, 0, NULL, NULL, 0, 0, NULL, NULL, NULL, NULL, NULL, 16, 0, NULL),
(224, NULL, NULL, NULL, NULL, 0, 0, NULL, NULL, 0, 0, 0, NULL, NULL, 0, 0, NULL, NULL, NULL, NULL, NULL, 0, 0, NULL),
(225, NULL, NULL, NULL, NULL, 0, 0, NULL, NULL, 0, 0, 0, NULL, NULL, 0, 0, NULL, NULL, NULL, NULL, NULL, 16, 0, NULL),
(226, NULL, NULL, NULL, NULL, 0, 0, NULL, NULL, 0, 0, 0, NULL, NULL, 0, 0, NULL, NULL, NULL, NULL, NULL, 16, 0, NULL),
(227, NULL, NULL, NULL, NULL, 0, 0, NULL, NULL, 0, 0, 0, NULL, NULL, 0, 0, NULL, NULL, NULL, NULL, NULL, 16, 0, NULL),
(228, NULL, NULL, NULL, NULL, 1, 0, NULL, NULL, 0, 0, 0, NULL, NULL, 0, 0, NULL, NULL, NULL, NULL, NULL, 16, 0, NULL),
(229, NULL, NULL, NULL, NULL, 0, 0, NULL, NULL, 0, 0, 0, NULL, NULL, 0, 0, NULL, NULL, NULL, NULL, NULL, 16, 0, NULL),
(231, NULL, NULL, NULL, NULL, 1, 0, NULL, NULL, 0, 0, 0, NULL, NULL, 0, 0, NULL, NULL, NULL, NULL, NULL, 16, 0, NULL),
(234, NULL, NULL, NULL, NULL, 1, 0, NULL, NULL, 0, 0, 0, NULL, NULL, 0, 0, NULL, NULL, NULL, NULL, NULL, 16, 0, NULL),
(235, NULL, NULL, NULL, NULL, 1, 0, NULL, NULL, 0, 0, 0, NULL, NULL, 0, 0, NULL, NULL, NULL, NULL, NULL, 16, 0, NULL),
(236, NULL, NULL, NULL, NULL, 1, 0, NULL, NULL, 0, 0, 0, NULL, NULL, 0, 40, NULL, NULL, NULL, NULL, NULL, 16, 0, NULL),
(237, NULL, NULL, NULL, NULL, 1, 0, NULL, NULL, 0, 0, 0, NULL, NULL, 0, 41, NULL, NULL, NULL, NULL, NULL, 16, 0, NULL),
(239, NULL, NULL, NULL, NULL, 1, 0, NULL, NULL, 0, 0, 0, NULL, NULL, 0, 33, NULL, NULL, NULL, NULL, NULL, 16, 0, NULL),
(240, NULL, NULL, NULL, NULL, 1, 0, NULL, NULL, 0, 0, 0, NULL, NULL, 0, 33, NULL, NULL, NULL, NULL, NULL, 16, 0, NULL),
(241, NULL, NULL, NULL, NULL, 1, 0, NULL, NULL, 0, 0, 0, NULL, NULL, 0, 33, NULL, NULL, NULL, NULL, NULL, 16, 0, NULL),
(242, NULL, NULL, NULL, NULL, 1, 0, NULL, NULL, 0, 0, 0, NULL, NULL, 0, 33, NULL, NULL, NULL, NULL, NULL, 16, 0, NULL),
(243, NULL, NULL, NULL, NULL, 1, 0, NULL, NULL, 0, 0, 0, NULL, NULL, 0, 33, NULL, NULL, NULL, NULL, NULL, 16, 0, NULL),
(244, NULL, NULL, NULL, NULL, 1, 0, NULL, NULL, 0, 0, 0, NULL, NULL, 0, 33, NULL, NULL, NULL, NULL, NULL, 16, 0, NULL),
(245, NULL, NULL, NULL, NULL, 1, 0, NULL, NULL, 0, 0, 0, NULL, NULL, 0, 33, NULL, NULL, NULL, NULL, NULL, 16, 0, NULL),
(246, NULL, NULL, NULL, NULL, 0, 0, NULL, NULL, 0, 0, 0, NULL, NULL, 0, 39, NULL, NULL, NULL, NULL, NULL, 16, 0, NULL),
(247, NULL, NULL, NULL, NULL, 0, 0, NULL, NULL, 0, 0, 0, NULL, NULL, 0, 38, NULL, NULL, NULL, NULL, NULL, 16, 0, NULL),
(248, NULL, NULL, NULL, NULL, 1, 0, NULL, NULL, 0, 0, 0, NULL, NULL, 0, 0, NULL, NULL, NULL, NULL, NULL, 16, 0, NULL),
(249, NULL, NULL, NULL, NULL, 1, 0, NULL, NULL, 0, 0, 0, NULL, NULL, 0, 0, NULL, NULL, NULL, NULL, NULL, 16, 0, NULL),
(250, NULL, NULL, NULL, NULL, 1, 0, NULL, NULL, 0, 0, 0, NULL, NULL, 0, 0, NULL, NULL, NULL, NULL, NULL, 16, 0, NULL);

-- --------------------------------------------------------

--
-- Tabelstructuur voor tabel `CollectionVersionAreaStyles`
--

CREATE TABLE `CollectionVersionAreaStyles` (
  `cID` int(10) UNSIGNED NOT NULL DEFAULT '0',
  `cvID` int(10) UNSIGNED NOT NULL DEFAULT '0',
  `arHandle` varchar(255) COLLATE utf8_unicode_ci NOT NULL,
  `issID` int(10) UNSIGNED NOT NULL DEFAULT '0'
) ENGINE=InnoDB DEFAULT CHARSET=utf8 COLLATE=utf8_unicode_ci;

--
-- Gegevens worden geëxporteerd voor tabel `CollectionVersionAreaStyles`
--

INSERT INTO `CollectionVersionAreaStyles` (`cID`, `cvID`, `arHandle`, `issID`) VALUES
(1, 1, 'Page Footer', 14),
(1, 2, 'Page Footer', 14),
(1, 3, 'Page Footer', 14),
(1, 4, 'Page Footer', 14),
(1, 5, 'Page Footer', 14),
(1, 6, 'Page Footer', 14),
(1, 7, 'Page Footer', 14),
(1, 8, 'Page Footer', 14),
(1, 9, 'Page Footer', 14),
(1, 10, 'Page Footer', 14),
(1, 11, 'Page Footer', 14),
(1, 12, 'Page Footer', 14),
(1, 13, 'Page Footer', 14),
(1, 14, 'Page Footer', 14),
(1, 15, 'Page Footer', 14),
(1, 16, 'Page Footer', 14),
(1, 17, 'Page Footer', 14),
(1, 18, 'Page Footer', 14),
(1, 19, 'Page Footer', 14),
(1, 20, 'Page Footer', 14),
(1, 21, 'Page Footer', 14),
(1, 22, 'Page Footer', 14),
(1, 23, 'Page Footer', 14),
(1, 24, 'Page Footer', 14),
(1, 25, 'Page Footer', 14),
(1, 26, 'Page Footer', 14),
(1, 27, 'Page Footer', 14),
(154, 1, 'Page Footer', 15);

-- --------------------------------------------------------

--
-- Tabelstructuur voor tabel `CollectionVersionBlocks`
--

CREATE TABLE `CollectionVersionBlocks` (
  `cID` int(10) UNSIGNED NOT NULL DEFAULT '0',
  `cvID` int(10) UNSIGNED NOT NULL DEFAULT '1',
  `bID` int(10) UNSIGNED NOT NULL DEFAULT '0',
  `arHandle` varchar(255) COLLATE utf8_unicode_ci NOT NULL,
  `cbDisplayOrder` int(10) UNSIGNED NOT NULL DEFAULT '0',
  `isOriginal` tinyint(1) NOT NULL DEFAULT '0',
  `cbOverrideAreaPermissions` tinyint(1) NOT NULL DEFAULT '0',
  `cbIncludeAll` tinyint(1) NOT NULL DEFAULT '0',
  `cbOverrideBlockTypeCacheSettings` tinyint(1) NOT NULL DEFAULT '0',
  `cbOverrideBlockTypeContainerSettings` tinyint(1) NOT NULL DEFAULT '0',
  `cbEnableBlockContainer` tinyint(1) NOT NULL DEFAULT '0'
) ENGINE=InnoDB DEFAULT CHARSET=utf8 COLLATE=utf8_unicode_ci;

--
-- Gegevens worden geëxporteerd voor tabel `CollectionVersionBlocks`
--

INSERT INTO `CollectionVersionBlocks` (`cID`, `cvID`, `bID`, `arHandle`, `cbDisplayOrder`, `isOriginal`, `cbOverrideAreaPermissions`, `cbIncludeAll`, `cbOverrideBlockTypeCacheSettings`, `cbOverrideBlockTypeContainerSettings`, `cbEnableBlockContainer`) VALUES
(1, 1, 51, 'Main', 0, 1, 0, 0, 0, 0, 0),
(1, 1, 52, 'Main', 1, 1, 0, 0, 0, 0, 0),
(1, 1, 53, 'Main : 3', 0, 1, 0, 0, 0, 0, 0),
(1, 1, 54, 'Main : 4', 0, 1, 0, 0, 0, 0, 0),
(1, 1, 55, 'Main : 5', 0, 1, 0, 0, 0, 0, 0),
(1, 1, 56, 'Main', 2, 1, 0, 0, 0, 0, 0),
(1, 1, 57, 'Main', 3, 1, 0, 0, 0, 0, 0),
(1, 1, 58, 'Main', 4, 1, 0, 0, 0, 0, 0),
(1, 1, 59, 'Main', 5, 1, 0, 0, 0, 0, 0),
(1, 1, 60, 'Main', 6, 1, 0, 0, 0, 0, 0),
(1, 1, 61, 'Main : 6', 0, 1, 0, 0, 0, 0, 0),
(1, 1, 62, 'Main : 7', 0, 1, 0, 0, 0, 0, 0),
(1, 1, 63, 'Main', 7, 1, 0, 0, 0, 0, 0),
(1, 1, 64, 'Main : 8', 0, 1, 0, 0, 0, 0, 0),
(1, 1, 65, 'Main : 9', 0, 1, 0, 0, 0, 0, 0),
(1, 1, 66, 'Main : 10', 0, 1, 0, 0, 0, 0, 0),
(1, 1, 67, 'Page Footer', 0, 1, 0, 0, 0, 0, 0),
(1, 2, 51, 'Main', 0, 0, 0, 0, 0, 0, 0),
(1, 2, 52, 'Main', 1, 0, 0, 0, 0, 0, 0),
(1, 2, 53, 'Main : 3', 0, 0, 0, 0, 0, 0, 0),
(1, 2, 54, 'Main : 4', 0, 0, 0, 0, 0, 0, 0),
(1, 2, 55, 'Main : 5', 0, 0, 0, 0, 0, 0, 0),
(1, 2, 56, 'Main', 2, 0, 0, 0, 0, 0, 0),
(1, 2, 57, 'Main', 3, 0, 0, 0, 0, 0, 0),
(1, 2, 58, 'Main', 4, 0, 0, 0, 0, 0, 0),
(1, 2, 59, 'Main', 5, 0, 0, 0, 0, 0, 0),
(1, 2, 60, 'Main', 6, 0, 0, 0, 0, 0, 0),
(1, 2, 61, 'Main : 6', 0, 0, 0, 0, 0, 0, 0),
(1, 2, 62, 'Main : 7', 0, 0, 0, 0, 0, 0, 0),
(1, 2, 63, 'Main', 7, 0, 0, 0, 0, 0, 0),
(1, 2, 64, 'Main : 8', 0, 0, 0, 0, 0, 0, 0),
(1, 2, 65, 'Main : 9', 0, 0, 0, 0, 0, 0, 0),
(1, 2, 66, 'Main : 10', 0, 0, 0, 0, 0, 0, 0),
(1, 2, 67, 'Page Footer', 0, 0, 0, 0, 0, 0, 0),
(1, 3, 51, 'Main', 0, 0, 0, 0, 0, 0, 0),
(1, 3, 52, 'Main', 1, 0, 0, 0, 0, 0, 0),
(1, 3, 53, 'Main : 3', 0, 0, 0, 0, 0, 0, 0),
(1, 3, 54, 'Main : 4', 0, 0, 0, 0, 0, 0, 0),
(1, 3, 55, 'Main : 5', 0, 0, 0, 0, 0, 0, 0),
(1, 3, 56, 'Main', 2, 0, 0, 0, 0, 0, 0),
(1, 3, 57, 'Main', 3, 0, 0, 0, 0, 0, 0),
(1, 3, 58, 'Main', 4, 0, 0, 0, 0, 0, 0),
(1, 3, 59, 'Main', 5, 0, 0, 0, 0, 0, 0),
(1, 3, 60, 'Main', 6, 0, 0, 0, 0, 0, 0),
(1, 3, 61, 'Main : 6', 0, 0, 0, 0, 0, 0, 0),
(1, 3, 62, 'Main : 7', 0, 0, 0, 0, 0, 0, 0),
(1, 3, 63, 'Main', 7, 0, 0, 0, 0, 0, 0),
(1, 3, 64, 'Main : 8', 0, 0, 0, 0, 0, 0, 0),
(1, 3, 65, 'Main : 9', 0, 0, 0, 0, 0, 0, 0),
(1, 3, 66, 'Main : 10', 0, 0, 0, 0, 0, 0, 0),
(1, 3, 67, 'Page Footer', 0, 0, 0, 0, 0, 0, 0),
(1, 3, 164, 'Hero', 0, 1, 0, 0, 0, 0, 0),
(1, 4, 51, 'Main', 0, 0, 0, 0, 0, 0, 0),
(1, 4, 52, 'Main', 1, 0, 0, 0, 0, 0, 0),
(1, 4, 53, 'Main : 3', 0, 0, 0, 0, 0, 0, 0),
(1, 4, 54, 'Main : 4', 0, 0, 0, 0, 0, 0, 0),
(1, 4, 55, 'Main : 5', 0, 0, 0, 0, 0, 0, 0),
(1, 4, 56, 'Main', 2, 0, 0, 0, 0, 0, 0),
(1, 4, 57, 'Main', 3, 0, 0, 0, 0, 0, 0),
(1, 4, 58, 'Main', 4, 0, 0, 0, 0, 0, 0),
(1, 4, 59, 'Main', 5, 0, 0, 0, 0, 0, 0),
(1, 4, 60, 'Main', 6, 0, 0, 0, 0, 0, 0),
(1, 4, 61, 'Main : 6', 0, 0, 0, 0, 0, 0, 0),
(1, 4, 62, 'Main : 7', 0, 0, 0, 0, 0, 0, 0),
(1, 4, 63, 'Main', 7, 0, 0, 0, 0, 0, 0),
(1, 4, 64, 'Main : 8', 0, 0, 0, 0, 0, 0, 0),
(1, 4, 65, 'Main : 9', 0, 0, 0, 0, 0, 0, 0),
(1, 4, 66, 'Main : 10', 0, 0, 0, 0, 0, 0, 0),
(1, 4, 67, 'Page Footer', 0, 0, 0, 0, 0, 0, 0),
(1, 4, 164, 'Hero', 0, 0, 0, 0, 0, 0, 0),
(1, 5, 51, 'Main', 0, 0, 0, 0, 0, 0, 0),
(1, 5, 52, 'Main', 1, 0, 0, 0, 0, 0, 0),
(1, 5, 53, 'Main : 3', 0, 0, 0, 0, 0, 0, 0),
(1, 5, 54, 'Main : 4', 0, 0, 0, 0, 0, 0, 0),
(1, 5, 55, 'Main : 5', 0, 0, 0, 0, 0, 0, 0),
(1, 5, 56, 'Main', 2, 0, 0, 0, 0, 0, 0),
(1, 5, 57, 'Main', 3, 0, 0, 0, 0, 0, 0),
(1, 5, 58, 'Main', 4, 0, 0, 0, 0, 0, 0),
(1, 5, 59, 'Main', 5, 0, 0, 0, 0, 0, 0),
(1, 5, 60, 'Main', 6, 0, 0, 0, 0, 0, 0),
(1, 5, 61, 'Main : 6', 0, 0, 0, 0, 0, 0, 0),
(1, 5, 62, 'Main : 7', 0, 0, 0, 0, 0, 0, 0),
(1, 5, 63, 'Main', 7, 0, 0, 0, 0, 0, 0),
(1, 5, 64, 'Main : 8', 0, 0, 0, 0, 0, 0, 0),
(1, 5, 65, 'Main : 9', 0, 0, 0, 0, 0, 0, 0),
(1, 5, 66, 'Main : 10', 0, 0, 0, 0, 0, 0, 0),
(1, 5, 67, 'Page Footer', 0, 0, 0, 0, 0, 0, 0),
(1, 5, 164, 'Hero', 0, 0, 0, 0, 0, 0, 0),
(1, 6, 51, 'Main', 0, 0, 0, 0, 0, 0, 0),
(1, 6, 52, 'Main', 1, 0, 0, 0, 0, 0, 0),
(1, 6, 53, 'Main : 3', 0, 0, 0, 0, 0, 0, 0),
(1, 6, 54, 'Main : 4', 0, 0, 0, 0, 0, 0, 0),
(1, 6, 55, 'Main : 5', 0, 0, 0, 0, 0, 0, 0),
(1, 6, 56, 'Main', 2, 0, 0, 0, 0, 0, 0),
(1, 6, 57, 'Main', 3, 0, 0, 0, 0, 0, 0),
(1, 6, 58, 'Main', 4, 0, 0, 0, 0, 0, 0),
(1, 6, 59, 'Main', 5, 0, 0, 0, 0, 0, 0),
(1, 6, 60, 'Main', 6, 0, 0, 0, 0, 0, 0),
(1, 6, 61, 'Main : 6', 0, 0, 0, 0, 0, 0, 0),
(1, 6, 62, 'Main : 7', 0, 0, 0, 0, 0, 0, 0),
(1, 6, 63, 'Main', 7, 0, 0, 0, 0, 0, 0),
(1, 6, 64, 'Main : 8', 0, 0, 0, 0, 0, 0, 0),
(1, 6, 65, 'Main : 9', 0, 0, 0, 0, 0, 0, 0),
(1, 6, 66, 'Main : 10', 0, 0, 0, 0, 0, 0, 0),
(1, 6, 67, 'Page Footer', 0, 0, 0, 0, 0, 0, 0),
(1, 6, 165, 'Hero', 0, 1, 0, 0, 0, 0, 0),
(1, 7, 51, 'Main', 0, 0, 0, 0, 0, 0, 0),
(1, 7, 52, 'Main', 1, 0, 0, 0, 0, 0, 0),
(1, 7, 53, 'Main : 3', 0, 0, 0, 0, 0, 0, 0),
(1, 7, 54, 'Main : 4', 0, 0, 0, 0, 0, 0, 0),
(1, 7, 55, 'Main : 5', 0, 0, 0, 0, 0, 0, 0),
(1, 7, 56, 'Main', 2, 0, 0, 0, 0, 0, 0),
(1, 7, 57, 'Main', 3, 0, 0, 0, 0, 0, 0),
(1, 7, 58, 'Main', 4, 0, 0, 0, 0, 0, 0),
(1, 7, 59, 'Main', 5, 0, 0, 0, 0, 0, 0),
(1, 7, 60, 'Main', 6, 0, 0, 0, 0, 0, 0),
(1, 7, 61, 'Main : 6', 0, 0, 0, 0, 0, 0, 0),
(1, 7, 62, 'Main : 7', 0, 0, 0, 0, 0, 0, 0),
(1, 7, 63, 'Main', 7, 0, 0, 0, 0, 0, 0),
(1, 7, 64, 'Main : 8', 0, 0, 0, 0, 0, 0, 0),
(1, 7, 65, 'Main : 9', 0, 0, 0, 0, 0, 0, 0),
(1, 7, 66, 'Main : 10', 0, 0, 0, 0, 0, 0, 0),
(1, 7, 67, 'Page Footer', 0, 0, 0, 0, 0, 0, 0),
(1, 7, 165, 'Hero', 0, 0, 0, 0, 0, 0, 0),
(1, 7, 166, 'tekst', 0, 1, 0, 0, 0, 0, 0),
(1, 8, 51, 'Main', 0, 0, 0, 0, 0, 0, 0),
(1, 8, 52, 'Main', 1, 0, 0, 0, 0, 0, 0),
(1, 8, 53, 'Main : 3', 0, 0, 0, 0, 0, 0, 0),
(1, 8, 54, 'Main : 4', 0, 0, 0, 0, 0, 0, 0),
(1, 8, 55, 'Main : 5', 0, 0, 0, 0, 0, 0, 0),
(1, 8, 56, 'Main', 2, 0, 0, 0, 0, 0, 0),
(1, 8, 57, 'Main', 3, 0, 0, 0, 0, 0, 0),
(1, 8, 58, 'Main', 4, 0, 0, 0, 0, 0, 0),
(1, 8, 59, 'Main', 5, 0, 0, 0, 0, 0, 0),
(1, 8, 60, 'Main', 6, 0, 0, 0, 0, 0, 0),
(1, 8, 61, 'Main : 6', 0, 0, 0, 0, 0, 0, 0),
(1, 8, 62, 'Main : 7', 0, 0, 0, 0, 0, 0, 0),
(1, 8, 63, 'Main', 7, 0, 0, 0, 0, 0, 0),
(1, 8, 64, 'Main : 8', 0, 0, 0, 0, 0, 0, 0),
(1, 8, 65, 'Main : 9', 0, 0, 0, 0, 0, 0, 0),
(1, 8, 66, 'Main : 10', 0, 0, 0, 0, 0, 0, 0),
(1, 8, 67, 'Page Footer', 0, 0, 0, 0, 0, 0, 0),
(1, 8, 165, 'Hero', 0, 0, 0, 0, 0, 0, 0),
(1, 8, 166, 'tekst', 0, 0, 0, 0, 0, 0, 0),
(1, 8, 173, 'Banner', 0, 1, 0, 0, 0, 0, 0),
(1, 9, 51, 'Main', 0, 0, 0, 0, 0, 0, 0),
(1, 9, 52, 'Main', 1, 0, 0, 0, 0, 0, 0),
(1, 9, 53, 'Main : 3', 0, 0, 0, 0, 0, 0, 0),
(1, 9, 54, 'Main : 4', 0, 0, 0, 0, 0, 0, 0),
(1, 9, 55, 'Main : 5', 0, 0, 0, 0, 0, 0, 0),
(1, 9, 56, 'Main', 2, 0, 0, 0, 0, 0, 0),
(1, 9, 57, 'Main', 3, 0, 0, 0, 0, 0, 0),
(1, 9, 58, 'Main', 4, 0, 0, 0, 0, 0, 0),
(1, 9, 59, 'Main', 5, 0, 0, 0, 0, 0, 0),
(1, 9, 60, 'Main', 6, 0, 0, 0, 0, 0, 0),
(1, 9, 61, 'Main : 6', 0, 0, 0, 0, 0, 0, 0),
(1, 9, 62, 'Main : 7', 0, 0, 0, 0, 0, 0, 0),
(1, 9, 63, 'Main', 7, 0, 0, 0, 0, 0, 0),
(1, 9, 64, 'Main : 8', 0, 0, 0, 0, 0, 0, 0),
(1, 9, 65, 'Main : 9', 0, 0, 0, 0, 0, 0, 0),
(1, 9, 66, 'Main : 10', 0, 0, 0, 0, 0, 0, 0),
(1, 9, 67, 'Page Footer', 0, 0, 0, 0, 0, 0, 0),
(1, 9, 165, 'Hero', 0, 0, 0, 0, 0, 0, 0),
(1, 9, 166, 'tekst', 0, 0, 0, 0, 0, 0, 0),
(1, 9, 173, 'Banner', 0, 0, 0, 0, 0, 0, 0),
(1, 10, 51, 'Main', 0, 0, 0, 0, 0, 0, 0),
(1, 10, 52, 'Main', 1, 0, 0, 0, 0, 0, 0),
(1, 10, 53, 'Main : 3', 0, 0, 0, 0, 0, 0, 0),
(1, 10, 54, 'Main : 4', 0, 0, 0, 0, 0, 0, 0),
(1, 10, 55, 'Main : 5', 0, 0, 0, 0, 0, 0, 0),
(1, 10, 56, 'Main', 2, 0, 0, 0, 0, 0, 0),
(1, 10, 57, 'Main', 3, 0, 0, 0, 0, 0, 0),
(1, 10, 58, 'Main', 4, 0, 0, 0, 0, 0, 0),
(1, 10, 59, 'Main', 5, 0, 0, 0, 0, 0, 0),
(1, 10, 60, 'Main', 6, 0, 0, 0, 0, 0, 0),
(1, 10, 61, 'Main : 6', 0, 0, 0, 0, 0, 0, 0),
(1, 10, 62, 'Main : 7', 0, 0, 0, 0, 0, 0, 0),
(1, 10, 63, 'Main', 7, 0, 0, 0, 0, 0, 0),
(1, 10, 64, 'Main : 8', 0, 0, 0, 0, 0, 0, 0),
(1, 10, 65, 'Main : 9', 0, 0, 0, 0, 0, 0, 0),
(1, 10, 66, 'Main : 10', 0, 0, 0, 0, 0, 0, 0),
(1, 10, 67, 'Page Footer', 0, 0, 0, 0, 0, 0, 0),
(1, 10, 165, 'Hero', 0, 0, 0, 0, 0, 0, 0),
(1, 10, 166, 'tekst', 0, 0, 0, 0, 0, 0, 0),
(1, 10, 173, 'Banner', 0, 0, 0, 0, 0, 0, 0),
(1, 10, 174, 'Initiatieven', 0, 1, 0, 0, 0, 0, 0),
(1, 11, 51, 'Main', 0, 0, 0, 0, 0, 0, 0),
(1, 11, 52, 'Main', 1, 0, 0, 0, 0, 0, 0),
(1, 11, 53, 'Main : 3', 0, 0, 0, 0, 0, 0, 0),
(1, 11, 54, 'Main : 4', 0, 0, 0, 0, 0, 0, 0),
(1, 11, 55, 'Main : 5', 0, 0, 0, 0, 0, 0, 0),
(1, 11, 56, 'Main', 2, 0, 0, 0, 0, 0, 0),
(1, 11, 57, 'Main', 3, 0, 0, 0, 0, 0, 0),
(1, 11, 58, 'Main', 4, 0, 0, 0, 0, 0, 0),
(1, 11, 59, 'Main', 5, 0, 0, 0, 0, 0, 0),
(1, 11, 60, 'Main', 6, 0, 0, 0, 0, 0, 0),
(1, 11, 61, 'Main : 6', 0, 0, 0, 0, 0, 0, 0),
(1, 11, 62, 'Main : 7', 0, 0, 0, 0, 0, 0, 0),
(1, 11, 63, 'Main', 7, 0, 0, 0, 0, 0, 0),
(1, 11, 64, 'Main : 8', 0, 0, 0, 0, 0, 0, 0),
(1, 11, 65, 'Main : 9', 0, 0, 0, 0, 0, 0, 0),
(1, 11, 66, 'Main : 10', 0, 0, 0, 0, 0, 0, 0),
(1, 11, 67, 'Page Footer', 0, 0, 0, 0, 0, 0, 0),
(1, 11, 165, 'Hero', 0, 0, 0, 0, 0, 0, 0),
(1, 11, 166, 'tekst', 0, 0, 0, 0, 0, 0, 0),
(1, 11, 173, 'Banner', 0, 0, 0, 0, 0, 0, 0),
(1, 11, 175, 'Initiatieven', 0, 1, 0, 0, 0, 0, 0),
(1, 12, 51, 'Main', 0, 0, 0, 0, 0, 0, 0),
(1, 12, 52, 'Main', 1, 0, 0, 0, 0, 0, 0),
(1, 12, 53, 'Main : 3', 0, 0, 0, 0, 0, 0, 0),
(1, 12, 54, 'Main : 4', 0, 0, 0, 0, 0, 0, 0),
(1, 12, 55, 'Main : 5', 0, 0, 0, 0, 0, 0, 0),
(1, 12, 56, 'Main', 2, 0, 0, 0, 0, 0, 0),
(1, 12, 57, 'Main', 3, 0, 0, 0, 0, 0, 0),
(1, 12, 58, 'Main', 4, 0, 0, 0, 0, 0, 0),
(1, 12, 59, 'Main', 5, 0, 0, 0, 0, 0, 0),
(1, 12, 60, 'Main', 6, 0, 0, 0, 0, 0, 0),
(1, 12, 61, 'Main : 6', 0, 0, 0, 0, 0, 0, 0),
(1, 12, 62, 'Main : 7', 0, 0, 0, 0, 0, 0, 0),
(1, 12, 63, 'Main', 7, 0, 0, 0, 0, 0, 0),
(1, 12, 64, 'Main : 8', 0, 0, 0, 0, 0, 0, 0),
(1, 12, 65, 'Main : 9', 0, 0, 0, 0, 0, 0, 0),
(1, 12, 66, 'Main : 10', 0, 0, 0, 0, 0, 0, 0),
(1, 12, 67, 'Page Footer', 0, 0, 0, 0, 0, 0, 0),
(1, 12, 165, 'Hero', 0, 0, 0, 0, 0, 0, 0),
(1, 12, 166, 'tekst', 0, 0, 0, 0, 0, 0, 0),
(1, 12, 173, 'Banner', 0, 0, 0, 0, 0, 0, 0),
(1, 12, 175, 'Initiatieven', 0, 0, 0, 0, 0, 0, 0),
(1, 12, 176, 'Footer-links', 0, 1, 0, 0, 0, 0, 0),
(1, 12, 177, 'Footer-midden', 0, 1, 0, 0, 0, 0, 0),
(1, 13, 51, 'Main', 0, 0, 0, 0, 0, 0, 0),
(1, 13, 52, 'Main', 1, 0, 0, 0, 0, 0, 0),
(1, 13, 53, 'Main : 3', 0, 0, 0, 0, 0, 0, 0),
(1, 13, 54, 'Main : 4', 0, 0, 0, 0, 0, 0, 0),
(1, 13, 55, 'Main : 5', 0, 0, 0, 0, 0, 0, 0),
(1, 13, 56, 'Main', 2, 0, 0, 0, 0, 0, 0),
(1, 13, 57, 'Main', 3, 0, 0, 0, 0, 0, 0),
(1, 13, 58, 'Main', 4, 0, 0, 0, 0, 0, 0),
(1, 13, 59, 'Main', 5, 0, 0, 0, 0, 0, 0),
(1, 13, 60, 'Main', 6, 0, 0, 0, 0, 0, 0),
(1, 13, 61, 'Main : 6', 0, 0, 0, 0, 0, 0, 0),
(1, 13, 62, 'Main : 7', 0, 0, 0, 0, 0, 0, 0),
(1, 13, 63, 'Main', 7, 0, 0, 0, 0, 0, 0),
(1, 13, 64, 'Main : 8', 0, 0, 0, 0, 0, 0, 0),
(1, 13, 65, 'Main : 9', 0, 0, 0, 0, 0, 0, 0),
(1, 13, 66, 'Main : 10', 0, 0, 0, 0, 0, 0, 0),
(1, 13, 67, 'Page Footer', 0, 0, 0, 0, 0, 0, 0),
(1, 13, 165, 'Hero', 0, 0, 0, 0, 0, 0, 0),
(1, 13, 166, 'tekst', 0, 0, 0, 0, 0, 0, 0),
(1, 13, 173, 'Banner', 0, 0, 0, 0, 0, 0, 0),
(1, 13, 175, 'Initiatieven', 0, 0, 0, 0, 0, 0, 0),
(1, 13, 178, 'Footer-links', 0, 1, 0, 0, 0, 0, 0),
(1, 13, 179, 'Footer-midden', 0, 1, 0, 0, 0, 0, 0),
(1, 14, 51, 'Main', 0, 0, 0, 0, 0, 0, 0),
(1, 14, 52, 'Main', 1, 0, 0, 0, 0, 0, 0),
(1, 14, 53, 'Main : 3', 0, 0, 0, 0, 0, 0, 0),
(1, 14, 54, 'Main : 4', 0, 0, 0, 0, 0, 0, 0),
(1, 14, 55, 'Main : 5', 0, 0, 0, 0, 0, 0, 0),
(1, 14, 56, 'Main', 2, 0, 0, 0, 0, 0, 0),
(1, 14, 57, 'Main', 3, 0, 0, 0, 0, 0, 0),
(1, 14, 58, 'Main', 4, 0, 0, 0, 0, 0, 0),
(1, 14, 59, 'Main', 5, 0, 0, 0, 0, 0, 0),
(1, 14, 60, 'Main', 6, 0, 0, 0, 0, 0, 0),
(1, 14, 61, 'Main : 6', 0, 0, 0, 0, 0, 0, 0),
(1, 14, 62, 'Main : 7', 0, 0, 0, 0, 0, 0, 0),
(1, 14, 63, 'Main', 7, 0, 0, 0, 0, 0, 0),
(1, 14, 64, 'Main : 8', 0, 0, 0, 0, 0, 0, 0),
(1, 14, 65, 'Main : 9', 0, 0, 0, 0, 0, 0, 0),
(1, 14, 66, 'Main : 10', 0, 0, 0, 0, 0, 0, 0),
(1, 14, 67, 'Page Footer', 0, 0, 0, 0, 0, 0, 0),
(1, 14, 165, 'Hero', 0, 0, 0, 0, 0, 0, 0),
(1, 14, 166, 'tekst', 0, 0, 0, 0, 0, 0, 0),
(1, 14, 173, 'Banner', 0, 0, 0, 0, 0, 0, 0),
(1, 14, 175, 'Initiatieven', 0, 0, 0, 0, 0, 0, 0),
(1, 14, 178, 'Footer-links', 0, 0, 0, 0, 0, 0, 0),
(1, 14, 179, 'Footer-midden', 0, 0, 0, 0, 0, 0, 0),
(1, 14, 180, 'Quote', 0, 1, 0, 0, 0, 0, 0),
(1, 15, 51, 'Main', 0, 0, 0, 0, 0, 0, 0),
(1, 15, 52, 'Main', 1, 0, 0, 0, 0, 0, 0),
(1, 15, 53, 'Main : 3', 0, 0, 0, 0, 0, 0, 0),
(1, 15, 54, 'Main : 4', 0, 0, 0, 0, 0, 0, 0),
(1, 15, 55, 'Main : 5', 0, 0, 0, 0, 0, 0, 0),
(1, 15, 56, 'Main', 2, 0, 0, 0, 0, 0, 0),
(1, 15, 57, 'Main', 3, 0, 0, 0, 0, 0, 0),
(1, 15, 58, 'Main', 4, 0, 0, 0, 0, 0, 0),
(1, 15, 59, 'Main', 5, 0, 0, 0, 0, 0, 0),
(1, 15, 60, 'Main', 6, 0, 0, 0, 0, 0, 0),
(1, 15, 61, 'Main : 6', 0, 0, 0, 0, 0, 0, 0),
(1, 15, 62, 'Main : 7', 0, 0, 0, 0, 0, 0, 0),
(1, 15, 63, 'Main', 7, 0, 0, 0, 0, 0, 0),
(1, 15, 64, 'Main : 8', 0, 0, 0, 0, 0, 0, 0),
(1, 15, 65, 'Main : 9', 0, 0, 0, 0, 0, 0, 0),
(1, 15, 66, 'Main : 10', 0, 0, 0, 0, 0, 0, 0),
(1, 15, 67, 'Page Footer', 0, 0, 0, 0, 0, 0, 0),
(1, 15, 165, 'Hero', 0, 0, 0, 0, 0, 0, 0),
(1, 15, 166, 'tekst', 0, 0, 0, 0, 0, 0, 0),
(1, 15, 173, 'Banner', 0, 0, 0, 0, 0, 0, 0),
(1, 15, 175, 'Initiatieven', 0, 0, 0, 0, 0, 0, 0),
(1, 15, 178, 'Footer-links', 0, 0, 0, 0, 0, 0, 0),
(1, 15, 179, 'Footer-midden', 0, 0, 0, 0, 0, 0, 0),
(1, 15, 180, 'Quote', 0, 0, 0, 0, 0, 0, 0),
(1, 16, 51, 'Main', 0, 0, 0, 0, 0, 0, 0),
(1, 16, 52, 'Main', 1, 0, 0, 0, 0, 0, 0),
(1, 16, 53, 'Main : 3', 0, 0, 0, 0, 0, 0, 0),
(1, 16, 54, 'Main : 4', 0, 0, 0, 0, 0, 0, 0),
(1, 16, 55, 'Main : 5', 0, 0, 0, 0, 0, 0, 0),
(1, 16, 56, 'Main', 2, 0, 0, 0, 0, 0, 0),
(1, 16, 57, 'Main', 3, 0, 0, 0, 0, 0, 0),
(1, 16, 58, 'Main', 4, 0, 0, 0, 0, 0, 0),
(1, 16, 59, 'Main', 5, 0, 0, 0, 0, 0, 0),
(1, 16, 60, 'Main', 6, 0, 0, 0, 0, 0, 0),
(1, 16, 61, 'Main : 6', 0, 0, 0, 0, 0, 0, 0),
(1, 16, 62, 'Main : 7', 0, 0, 0, 0, 0, 0, 0),
(1, 16, 63, 'Main', 7, 0, 0, 0, 0, 0, 0),
(1, 16, 64, 'Main : 8', 0, 0, 0, 0, 0, 0, 0),
(1, 16, 65, 'Main : 9', 0, 0, 0, 0, 0, 0, 0),
(1, 16, 66, 'Main : 10', 0, 0, 0, 0, 0, 0, 0),
(1, 16, 67, 'Page Footer', 0, 0, 0, 0, 0, 0, 0),
(1, 16, 165, 'Hero', 0, 0, 0, 0, 0, 0, 0),
(1, 16, 166, 'tekst', 0, 0, 0, 0, 0, 0, 0),
(1, 16, 173, 'Banner', 0, 0, 0, 0, 0, 0, 0),
(1, 16, 175, 'Initiatieven', 0, 0, 0, 0, 0, 0, 0),
(1, 16, 178, 'Footer-links', 0, 0, 0, 0, 0, 0, 0),
(1, 16, 179, 'Footer-midden', 0, 0, 0, 0, 0, 0, 0),
(1, 16, 180, 'Quote', 0, 0, 0, 0, 0, 0, 0),
(1, 17, 51, 'Main', 0, 0, 0, 0, 0, 0, 0),
(1, 17, 52, 'Main', 1, 0, 0, 0, 0, 0, 0),
(1, 17, 53, 'Main : 3', 0, 0, 0, 0, 0, 0, 0),
(1, 17, 54, 'Main : 4', 0, 0, 0, 0, 0, 0, 0),
(1, 17, 55, 'Main : 5', 0, 0, 0, 0, 0, 0, 0),
(1, 17, 56, 'Main', 2, 0, 0, 0, 0, 0, 0),
(1, 17, 57, 'Main', 3, 0, 0, 0, 0, 0, 0),
(1, 17, 58, 'Main', 4, 0, 0, 0, 0, 0, 0),
(1, 17, 59, 'Main', 5, 0, 0, 0, 0, 0, 0),
(1, 17, 60, 'Main', 6, 0, 0, 0, 0, 0, 0),
(1, 17, 61, 'Main : 6', 0, 0, 0, 0, 0, 0, 0),
(1, 17, 62, 'Main : 7', 0, 0, 0, 0, 0, 0, 0),
(1, 17, 63, 'Main', 7, 0, 0, 0, 0, 0, 0),
(1, 17, 64, 'Main : 8', 0, 0, 0, 0, 0, 0, 0),
(1, 17, 65, 'Main : 9', 0, 0, 0, 0, 0, 0, 0),
(1, 17, 66, 'Main : 10', 0, 0, 0, 0, 0, 0, 0),
(1, 17, 67, 'Page Footer', 0, 0, 0, 0, 0, 0, 0),
(1, 17, 165, 'Hero', 0, 0, 0, 0, 0, 0, 0),
(1, 17, 166, 'tekst', 0, 0, 0, 0, 0, 0, 0),
(1, 17, 173, 'Banner', 0, 0, 0, 0, 0, 0, 0),
(1, 17, 175, 'Initiatieven', 0, 0, 0, 0, 0, 0, 0),
(1, 17, 178, 'Footer-links', 0, 0, 0, 0, 0, 0, 0),
(1, 17, 179, 'Footer-midden', 0, 0, 0, 0, 0, 0, 0),
(1, 17, 180, 'Quote', 0, 0, 0, 0, 0, 0, 0),
(1, 17, 208, 'Test', 0, 1, 0, 0, 0, 0, 0),
(1, 18, 51, 'Main', 0, 0, 0, 0, 0, 0, 0),
(1, 18, 52, 'Main', 1, 0, 0, 0, 0, 0, 0),
(1, 18, 53, 'Main : 3', 0, 0, 0, 0, 0, 0, 0),
(1, 18, 54, 'Main : 4', 0, 0, 0, 0, 0, 0, 0),
(1, 18, 55, 'Main : 5', 0, 0, 0, 0, 0, 0, 0),
(1, 18, 56, 'Main', 2, 0, 0, 0, 0, 0, 0),
(1, 18, 57, 'Main', 3, 0, 0, 0, 0, 0, 0),
(1, 18, 58, 'Main', 4, 0, 0, 0, 0, 0, 0),
(1, 18, 59, 'Main', 5, 0, 0, 0, 0, 0, 0),
(1, 18, 60, 'Main', 6, 0, 0, 0, 0, 0, 0),
(1, 18, 61, 'Main : 6', 0, 0, 0, 0, 0, 0, 0),
(1, 18, 62, 'Main : 7', 0, 0, 0, 0, 0, 0, 0),
(1, 18, 63, 'Main', 7, 0, 0, 0, 0, 0, 0),
(1, 18, 64, 'Main : 8', 0, 0, 0, 0, 0, 0, 0),
(1, 18, 65, 'Main : 9', 0, 0, 0, 0, 0, 0, 0),
(1, 18, 66, 'Main : 10', 0, 0, 0, 0, 0, 0, 0),
(1, 18, 67, 'Page Footer', 0, 0, 0, 0, 0, 0, 0),
(1, 18, 165, 'Hero', 0, 0, 0, 0, 0, 0, 0),
(1, 18, 166, 'tekst', 0, 0, 0, 0, 0, 0, 0),
(1, 18, 173, 'Banner', 0, 0, 0, 0, 0, 0, 0),
(1, 18, 175, 'Initiatieven', 0, 0, 0, 0, 0, 0, 0),
(1, 18, 178, 'Footer-links', 0, 0, 0, 0, 0, 0, 0),
(1, 18, 179, 'Footer-midden', 0, 0, 0, 0, 0, 0, 0),
(1, 18, 180, 'Quote', 0, 0, 0, 0, 0, 0, 0),
(1, 18, 208, 'Test', 0, 0, 0, 0, 0, 0, 0),
(1, 18, 209, 'Text', 0, 1, 0, 0, 0, 0, 0),
(1, 19, 51, 'Main', 0, 0, 0, 0, 0, 0, 0),
(1, 19, 52, 'Main', 1, 0, 0, 0, 0, 0, 0),
(1, 19, 53, 'Main : 3', 0, 0, 0, 0, 0, 0, 0),
(1, 19, 54, 'Main : 4', 0, 0, 0, 0, 0, 0, 0),
(1, 19, 55, 'Main : 5', 0, 0, 0, 0, 0, 0, 0),
(1, 19, 56, 'Main', 2, 0, 0, 0, 0, 0, 0),
(1, 19, 57, 'Main', 3, 0, 0, 0, 0, 0, 0),
(1, 19, 58, 'Main', 4, 0, 0, 0, 0, 0, 0),
(1, 19, 59, 'Main', 5, 0, 0, 0, 0, 0, 0),
(1, 19, 60, 'Main', 6, 0, 0, 0, 0, 0, 0),
(1, 19, 61, 'Main : 6', 0, 0, 0, 0, 0, 0, 0),
(1, 19, 62, 'Main : 7', 0, 0, 0, 0, 0, 0, 0),
(1, 19, 63, 'Main', 7, 0, 0, 0, 0, 0, 0),
(1, 19, 64, 'Main : 8', 0, 0, 0, 0, 0, 0, 0),
(1, 19, 65, 'Main : 9', 0, 0, 0, 0, 0, 0, 0),
(1, 19, 66, 'Main : 10', 0, 0, 0, 0, 0, 0, 0),
(1, 19, 67, 'Page Footer', 0, 0, 0, 0, 0, 0, 0),
(1, 19, 165, 'Hero', 0, 0, 0, 0, 0, 0, 0),
(1, 19, 166, 'tekst', 0, 0, 0, 0, 0, 0, 0),
(1, 19, 173, 'Banner', 0, 0, 0, 0, 0, 0, 0),
(1, 19, 175, 'Initiatieven', 0, 0, 0, 0, 0, 0, 0),
(1, 19, 178, 'Footer-links', 0, 0, 0, 0, 0, 0, 0),
(1, 19, 179, 'Footer-midden', 0, 0, 0, 0, 0, 0, 0),
(1, 19, 180, 'Quote', 0, 0, 0, 0, 0, 0, 0),
(1, 19, 208, 'Test', 0, 0, 0, 0, 0, 0, 0),
(1, 19, 209, 'Text', 0, 0, 0, 0, 0, 0, 0),
(1, 20, 51, 'Main', 0, 0, 0, 0, 0, 0, 0),
(1, 20, 52, 'Main', 1, 0, 0, 0, 0, 0, 0),
(1, 20, 53, 'Main : 3', 0, 0, 0, 0, 0, 0, 0),
(1, 20, 54, 'Main : 4', 0, 0, 0, 0, 0, 0, 0),
(1, 20, 55, 'Main : 5', 0, 0, 0, 0, 0, 0, 0),
(1, 20, 56, 'Main', 2, 0, 0, 0, 0, 0, 0),
(1, 20, 57, 'Main', 3, 0, 0, 0, 0, 0, 0),
(1, 20, 58, 'Main', 4, 0, 0, 0, 0, 0, 0),
(1, 20, 59, 'Main', 5, 0, 0, 0, 0, 0, 0),
(1, 20, 60, 'Main', 6, 0, 0, 0, 0, 0, 0),
(1, 20, 61, 'Main : 6', 0, 0, 0, 0, 0, 0, 0),
(1, 20, 62, 'Main : 7', 0, 0, 0, 0, 0, 0, 0),
(1, 20, 63, 'Main', 7, 0, 0, 0, 0, 0, 0),
(1, 20, 64, 'Main : 8', 0, 0, 0, 0, 0, 0, 0),
(1, 20, 65, 'Main : 9', 0, 0, 0, 0, 0, 0, 0),
(1, 20, 66, 'Main : 10', 0, 0, 0, 0, 0, 0, 0),
(1, 20, 67, 'Page Footer', 0, 0, 0, 0, 0, 0, 0),
(1, 20, 165, 'Hero', 0, 0, 0, 0, 0, 0, 0),
(1, 20, 166, 'tekst', 0, 0, 0, 0, 0, 0, 0),
(1, 20, 173, 'Banner', 0, 0, 0, 0, 0, 0, 0),
(1, 20, 175, 'Initiatieven', 0, 0, 0, 0, 0, 0, 0),
(1, 20, 178, 'Footer-links', 0, 0, 0, 0, 0, 0, 0),
(1, 20, 179, 'Footer-midden', 0, 0, 0, 0, 0, 0, 0),
(1, 20, 180, 'Quote', 0, 0, 0, 0, 0, 0, 0),
(1, 20, 208, 'Test', 0, 0, 0, 0, 0, 0, 0),
(1, 20, 209, 'Text', 0, 0, 0, 0, 0, 0, 0),
(1, 21, 51, 'Main', 0, 0, 0, 0, 0, 0, 0),
(1, 21, 52, 'Main', 1, 0, 0, 0, 0, 0, 0),
(1, 21, 53, 'Main : 3', 0, 0, 0, 0, 0, 0, 0),
(1, 21, 54, 'Main : 4', 0, 0, 0, 0, 0, 0, 0),
(1, 21, 55, 'Main : 5', 0, 0, 0, 0, 0, 0, 0),
(1, 21, 56, 'Main', 2, 0, 0, 0, 0, 0, 0),
(1, 21, 57, 'Main', 3, 0, 0, 0, 0, 0, 0),
(1, 21, 58, 'Main', 4, 0, 0, 0, 0, 0, 0),
(1, 21, 59, 'Main', 5, 0, 0, 0, 0, 0, 0),
(1, 21, 60, 'Main', 6, 0, 0, 0, 0, 0, 0),
(1, 21, 61, 'Main : 6', 0, 0, 0, 0, 0, 0, 0),
(1, 21, 62, 'Main : 7', 0, 0, 0, 0, 0, 0, 0),
(1, 21, 63, 'Main', 7, 0, 0, 0, 0, 0, 0),
(1, 21, 64, 'Main : 8', 0, 0, 0, 0, 0, 0, 0),
(1, 21, 65, 'Main : 9', 0, 0, 0, 0, 0, 0, 0),
(1, 21, 66, 'Main : 10', 0, 0, 0, 0, 0, 0, 0),
(1, 21, 67, 'Page Footer', 0, 0, 0, 0, 0, 0, 0),
(1, 21, 165, 'Hero', 0, 0, 0, 0, 0, 0, 0),
(1, 21, 166, 'tekst', 0, 0, 0, 0, 0, 0, 0),
(1, 21, 173, 'Banner', 0, 0, 0, 0, 0, 0, 0),
(1, 21, 175, 'Initiatieven', 0, 0, 0, 0, 0, 0, 0),
(1, 21, 178, 'Footer-links', 0, 0, 0, 0, 0, 0, 0),
(1, 21, 179, 'Footer-midden', 0, 0, 0, 0, 0, 0, 0),
(1, 21, 180, 'Quote', 0, 0, 0, 0, 0, 0, 0),
(1, 21, 208, 'Test', 0, 0, 0, 0, 0, 0, 0),
(1, 21, 209, 'Text', 0, 0, 0, 0, 0, 0, 0),
(1, 22, 51, 'Main', 0, 0, 0, 0, 0, 0, 0),
(1, 22, 52, 'Main', 1, 0, 0, 0, 0, 0, 0),
(1, 22, 53, 'Main : 3', 0, 0, 0, 0, 0, 0, 0),
(1, 22, 54, 'Main : 4', 0, 0, 0, 0, 0, 0, 0),
(1, 22, 55, 'Main : 5', 0, 0, 0, 0, 0, 0, 0),
(1, 22, 56, 'Main', 2, 0, 0, 0, 0, 0, 0),
(1, 22, 57, 'Main', 3, 0, 0, 0, 0, 0, 0),
(1, 22, 58, 'Main', 4, 0, 0, 0, 0, 0, 0),
(1, 22, 59, 'Main', 5, 0, 0, 0, 0, 0, 0),
(1, 22, 60, 'Main', 6, 0, 0, 0, 0, 0, 0),
(1, 22, 61, 'Main : 6', 0, 0, 0, 0, 0, 0, 0),
(1, 22, 62, 'Main : 7', 0, 0, 0, 0, 0, 0, 0),
(1, 22, 63, 'Main', 7, 0, 0, 0, 0, 0, 0),
(1, 22, 64, 'Main : 8', 0, 0, 0, 0, 0, 0, 0),
(1, 22, 65, 'Main : 9', 0, 0, 0, 0, 0, 0, 0),
(1, 22, 66, 'Main : 10', 0, 0, 0, 0, 0, 0, 0),
(1, 22, 67, 'Page Footer', 0, 0, 0, 0, 0, 0, 0),
(1, 22, 165, 'Hero', 0, 0, 0, 0, 0, 0, 0),
(1, 22, 166, 'tekst', 0, 0, 0, 0, 0, 0, 0),
(1, 22, 173, 'Banner', 0, 0, 0, 0, 0, 0, 0),
(1, 22, 175, 'Initiatieven', 0, 0, 0, 0, 0, 0, 0),
(1, 22, 178, 'Footer-links', 0, 0, 0, 0, 0, 0, 0),
(1, 22, 179, 'Footer-midden', 0, 0, 0, 0, 0, 0, 0),
(1, 22, 180, 'Quote', 0, 0, 0, 0, 0, 0, 0),
(1, 22, 208, 'Test', 0, 0, 0, 0, 0, 0, 0),
(1, 22, 209, 'Text', 0, 0, 0, 0, 0, 0, 0),
(1, 23, 51, 'Main', 0, 0, 0, 0, 0, 0, 0),
(1, 23, 52, 'Main', 1, 0, 0, 0, 0, 0, 0),
(1, 23, 53, 'Main : 3', 0, 0, 0, 0, 0, 0, 0),
(1, 23, 54, 'Main : 4', 0, 0, 0, 0, 0, 0, 0),
(1, 23, 55, 'Main : 5', 0, 0, 0, 0, 0, 0, 0),
(1, 23, 56, 'Main', 2, 0, 0, 0, 0, 0, 0),
(1, 23, 57, 'Main', 3, 0, 0, 0, 0, 0, 0),
(1, 23, 58, 'Main', 4, 0, 0, 0, 0, 0, 0),
(1, 23, 59, 'Main', 5, 0, 0, 0, 0, 0, 0),
(1, 23, 60, 'Main', 6, 0, 0, 0, 0, 0, 0),
(1, 23, 61, 'Main : 6', 0, 0, 0, 0, 0, 0, 0),
(1, 23, 62, 'Main : 7', 0, 0, 0, 0, 0, 0, 0),
(1, 23, 63, 'Main', 7, 0, 0, 0, 0, 0, 0),
(1, 23, 64, 'Main : 8', 0, 0, 0, 0, 0, 0, 0),
(1, 23, 65, 'Main : 9', 0, 0, 0, 0, 0, 0, 0),
(1, 23, 66, 'Main : 10', 0, 0, 0, 0, 0, 0, 0),
(1, 23, 67, 'Page Footer', 0, 0, 0, 0, 0, 0, 0),
(1, 23, 165, 'Hero', 0, 0, 0, 0, 0, 0, 0),
(1, 23, 166, 'tekst', 0, 0, 0, 0, 0, 0, 0),
(1, 23, 173, 'Banner', 0, 0, 0, 0, 0, 0, 0),
(1, 23, 175, 'Initiatieven', 0, 0, 0, 0, 0, 0, 0),
(1, 23, 178, 'Footer-links', 0, 0, 0, 0, 0, 0, 0),
(1, 23, 179, 'Footer-midden', 0, 0, 0, 0, 0, 0, 0),
(1, 23, 180, 'Quote', 0, 0, 0, 0, 0, 0, 0),
(1, 23, 208, 'Test', 0, 0, 0, 0, 0, 0, 0),
(1, 23, 209, 'Text', 0, 0, 0, 0, 0, 0, 0),
(1, 24, 51, 'Main', 0, 0, 0, 0, 0, 0, 0),
(1, 24, 52, 'Main', 1, 0, 0, 0, 0, 0, 0),
(1, 24, 53, 'Main : 3', 0, 0, 0, 0, 0, 0, 0),
(1, 24, 54, 'Main : 4', 0, 0, 0, 0, 0, 0, 0),
(1, 24, 55, 'Main : 5', 0, 0, 0, 0, 0, 0, 0),
(1, 24, 56, 'Main', 2, 0, 0, 0, 0, 0, 0),
(1, 24, 57, 'Main', 3, 0, 0, 0, 0, 0, 0),
(1, 24, 58, 'Main', 4, 0, 0, 0, 0, 0, 0),
(1, 24, 59, 'Main', 5, 0, 0, 0, 0, 0, 0),
(1, 24, 60, 'Main', 6, 0, 0, 0, 0, 0, 0),
(1, 24, 61, 'Main : 6', 0, 0, 0, 0, 0, 0, 0),
(1, 24, 62, 'Main : 7', 0, 0, 0, 0, 0, 0, 0),
(1, 24, 63, 'Main', 7, 0, 0, 0, 0, 0, 0),
(1, 24, 64, 'Main : 8', 0, 0, 0, 0, 0, 0, 0),
(1, 24, 65, 'Main : 9', 0, 0, 0, 0, 0, 0, 0),
(1, 24, 66, 'Main : 10', 0, 0, 0, 0, 0, 0, 0),
(1, 24, 67, 'Page Footer', 0, 0, 0, 0, 0, 0, 0),
(1, 24, 165, 'Hero', 0, 0, 0, 0, 0, 0, 0),
(1, 24, 166, 'tekst', 0, 0, 0, 0, 0, 0, 0),
(1, 24, 173, 'Banner', 0, 0, 0, 0, 0, 0, 0),
(1, 24, 175, 'Initiatieven', 0, 0, 0, 0, 0, 0, 0),
(1, 24, 178, 'Footer-links', 0, 0, 0, 0, 0, 0, 0),
(1, 24, 179, 'Footer-midden', 0, 0, 0, 0, 0, 0, 0),
(1, 24, 180, 'Quote', 0, 0, 0, 0, 0, 0, 0),
(1, 24, 208, 'Test', 0, 0, 0, 0, 0, 0, 0),
(1, 24, 209, 'Text', 0, 0, 0, 0, 0, 0, 0),
(1, 25, 51, 'Main', 0, 0, 0, 0, 0, 0, 0),
(1, 25, 52, 'Main', 1, 0, 0, 0, 0, 0, 0),
(1, 25, 53, 'Main : 3', 0, 0, 0, 0, 0, 0, 0),
(1, 25, 54, 'Main : 4', 0, 0, 0, 0, 0, 0, 0),
(1, 25, 55, 'Main : 5', 0, 0, 0, 0, 0, 0, 0),
(1, 25, 56, 'Main', 2, 0, 0, 0, 0, 0, 0),
(1, 25, 57, 'Main', 3, 0, 0, 0, 0, 0, 0),
(1, 25, 58, 'Main', 4, 0, 0, 0, 0, 0, 0),
(1, 25, 59, 'Main', 5, 0, 0, 0, 0, 0, 0),
(1, 25, 60, 'Main', 6, 0, 0, 0, 0, 0, 0),
(1, 25, 61, 'Main : 6', 0, 0, 0, 0, 0, 0, 0),
(1, 25, 62, 'Main : 7', 0, 0, 0, 0, 0, 0, 0),
(1, 25, 63, 'Main', 7, 0, 0, 0, 0, 0, 0),
(1, 25, 64, 'Main : 8', 0, 0, 0, 0, 0, 0, 0),
(1, 25, 65, 'Main : 9', 0, 0, 0, 0, 0, 0, 0),
(1, 25, 66, 'Main : 10', 0, 0, 0, 0, 0, 0, 0),
(1, 25, 67, 'Page Footer', 0, 0, 0, 0, 0, 0, 0),
(1, 25, 165, 'Hero', 0, 0, 0, 0, 0, 0, 0),
(1, 25, 166, 'tekst', 0, 0, 0, 0, 0, 0, 0),
(1, 25, 173, 'Banner', 0, 0, 0, 0, 0, 0, 0),
(1, 25, 175, 'Initiatieven', 0, 0, 0, 0, 0, 0, 0),
(1, 25, 178, 'Footer-links', 0, 0, 0, 0, 0, 0, 0),
(1, 25, 179, 'Footer-midden', 0, 0, 0, 0, 0, 0, 0),
(1, 25, 180, 'Quote', 0, 0, 0, 0, 0, 0, 0),
(1, 25, 208, 'Test', 0, 0, 0, 0, 0, 0, 0),
(1, 25, 209, 'Text', 0, 0, 0, 0, 0, 0, 0),
(1, 26, 51, 'Main', 0, 0, 0, 0, 0, 0, 0),
(1, 26, 52, 'Main', 1, 0, 0, 0, 0, 0, 0),
(1, 26, 53, 'Main : 3', 0, 0, 0, 0, 0, 0, 0),
(1, 26, 54, 'Main : 4', 0, 0, 0, 0, 0, 0, 0),
(1, 26, 55, 'Main : 5', 0, 0, 0, 0, 0, 0, 0),
(1, 26, 56, 'Main', 2, 0, 0, 0, 0, 0, 0),
(1, 26, 57, 'Main', 3, 0, 0, 0, 0, 0, 0),
(1, 26, 58, 'Main', 4, 0, 0, 0, 0, 0, 0),
(1, 26, 59, 'Main', 5, 0, 0, 0, 0, 0, 0),
(1, 26, 60, 'Main', 6, 0, 0, 0, 0, 0, 0),
(1, 26, 61, 'Main : 6', 0, 0, 0, 0, 0, 0, 0),
(1, 26, 62, 'Main : 7', 0, 0, 0, 0, 0, 0, 0),
(1, 26, 63, 'Main', 7, 0, 0, 0, 0, 0, 0),
(1, 26, 64, 'Main : 8', 0, 0, 0, 0, 0, 0, 0),
(1, 26, 65, 'Main : 9', 0, 0, 0, 0, 0, 0, 0),
(1, 26, 66, 'Main : 10', 0, 0, 0, 0, 0, 0, 0),
(1, 26, 67, 'Page Footer', 0, 0, 0, 0, 0, 0, 0),
(1, 26, 165, 'Hero', 0, 0, 0, 0, 0, 0, 0),
(1, 26, 166, 'tekst', 0, 0, 0, 0, 0, 0, 0),
(1, 26, 173, 'Banner', 0, 0, 0, 0, 0, 0, 0),
(1, 26, 175, 'Initiatieven', 0, 0, 0, 0, 0, 0, 0),
(1, 26, 178, 'Footer-links', 0, 0, 0, 0, 0, 0, 0),
(1, 26, 179, 'Footer-midden', 0, 0, 0, 0, 0, 0, 0),
(1, 26, 180, 'Quote', 0, 0, 0, 0, 0, 0, 0),
(1, 26, 208, 'Test', 0, 0, 0, 0, 0, 0, 0),
(1, 26, 209, 'Text', 0, 0, 0, 0, 0, 0, 0),
(1, 27, 51, 'Main', 0, 0, 0, 0, 0, 0, 0),
(1, 27, 52, 'Main', 1, 0, 0, 0, 0, 0, 0),
(1, 27, 53, 'Main : 3', 0, 0, 0, 0, 0, 0, 0),
(1, 27, 54, 'Main : 4', 0, 0, 0, 0, 0, 0, 0),
(1, 27, 55, 'Main : 5', 0, 0, 0, 0, 0, 0, 0),
(1, 27, 56, 'Main', 2, 0, 0, 0, 0, 0, 0),
(1, 27, 57, 'Main', 3, 0, 0, 0, 0, 0, 0),
(1, 27, 58, 'Main', 4, 0, 0, 0, 0, 0, 0),
(1, 27, 59, 'Main', 5, 0, 0, 0, 0, 0, 0),
(1, 27, 60, 'Main', 6, 0, 0, 0, 0, 0, 0),
(1, 27, 61, 'Main : 6', 0, 0, 0, 0, 0, 0, 0),
(1, 27, 62, 'Main : 7', 0, 0, 0, 0, 0, 0, 0),
(1, 27, 63, 'Main', 7, 0, 0, 0, 0, 0, 0),
(1, 27, 64, 'Main : 8', 0, 0, 0, 0, 0, 0, 0),
(1, 27, 65, 'Main : 9', 0, 0, 0, 0, 0, 0, 0),
(1, 27, 66, 'Main : 10', 0, 0, 0, 0, 0, 0, 0),
(1, 27, 67, 'Page Footer', 0, 0, 0, 0, 0, 0, 0),
(1, 27, 165, 'Hero', 0, 0, 0, 0, 0, 0, 0),
(1, 27, 166, 'tekst', 0, 0, 0, 0, 0, 0, 0),
(1, 27, 173, 'Banner', 0, 0, 0, 0, 0, 0, 0),
(1, 27, 175, 'Initiatieven', 0, 0, 0, 0, 0, 0, 0),
(1, 27, 178, 'Footer-links', 0, 0, 0, 0, 0, 0, 0),
(1, 27, 179, 'Footer-midden', 0, 0, 0, 0, 0, 0, 0),
(1, 27, 180, 'Quote', 0, 0, 0, 0, 0, 0, 0),
(1, 27, 208, 'Test', 0, 0, 0, 0, 0, 0, 0),
(1, 27, 329, 'Text', 0, 1, 0, 0, 0, 0, 0),
(127, 1, 1, 'Main', 0, 1, 0, 0, 0, 0, 0),
(128, 1, 2, 'Primary', 0, 1, 0, 0, 0, 0, 0),
(128, 1, 3, 'Primary', 1, 1, 0, 0, 0, 0, 0),
(128, 1, 4, 'Secondary 1', 0, 1, 0, 0, 0, 0, 0),
(128, 1, 5, 'Secondary 2', 0, 1, 0, 0, 0, 0, 0),
(128, 1, 6, 'Secondary 3', 0, 1, 0, 0, 0, 0, 0),
(128, 1, 7, 'Secondary 4', 0, 1, 0, 0, 0, 0, 0),
(128, 1, 8, 'Secondary 5', 0, 1, 0, 0, 0, 0, 0),
(145, 1, 43, 'Main', 0, 1, 0, 0, 0, 0, 0),
(146, 1, 44, 'Main', 0, 1, 0, 0, 0, 0, 0),
(147, 1, 45, 'Main', 0, 1, 0, 0, 0, 0, 0),
(148, 1, 46, 'Main', 0, 1, 0, 0, 0, 0, 0),
(149, 1, 47, 'Main', 0, 1, 0, 0, 0, 0, 0),
(150, 1, 48, 'Main', 0, 1, 0, 0, 1, 0, 0),
(151, 1, 49, 'Main', 0, 1, 0, 0, 0, 0, 0),
(152, 1, 50, 'Main', 0, 1, 0, 0, 0, 0, 0),
(153, 1, 171, 'Hero', 0, 1, 0, 0, 0, 0, 0),
(154, 1, 68, 'Main', 0, 1, 0, 0, 0, 0, 0),
(154, 1, 69, 'Main', 1, 1, 0, 0, 0, 0, 0),
(154, 1, 70, 'Main : 11', 0, 1, 0, 0, 0, 0, 0),
(154, 1, 71, 'Main : 12', 0, 1, 0, 0, 0, 0, 0),
(154, 1, 72, 'Main : 13', 0, 1, 0, 0, 0, 0, 0),
(154, 1, 73, 'Main : 14', 0, 1, 0, 0, 0, 0, 0),
(154, 1, 74, 'Main', 2, 1, 0, 0, 0, 0, 0),
(154, 1, 75, 'Main', 3, 1, 0, 0, 0, 0, 0),
(154, 1, 76, 'Main : 15', 0, 1, 0, 0, 0, 0, 0),
(154, 1, 77, 'Main : 16', 0, 1, 0, 0, 0, 0, 0),
(154, 1, 78, 'Page Footer', 0, 1, 0, 0, 0, 0, 0),
(154, 1, 79, 'Page Footer', 1, 1, 0, 0, 0, 0, 0),
(154, 1, 80, 'Page Footer : 17', 0, 1, 0, 0, 0, 0, 0),
(154, 1, 81, 'Page Footer : 17', 1, 1, 0, 0, 0, 0, 0),
(154, 1, 82, 'Page Footer : 18', 0, 1, 0, 0, 0, 0, 0),
(154, 1, 83, 'Page Footer : 18', 1, 1, 0, 0, 0, 0, 0),
(155, 1, 40, 'Main', 0, 1, 0, 0, 0, 0, 0),
(155, 1, 41, 'Main', 1, 1, 0, 0, 0, 0, 0),
(155, 1, 42, 'Main', 2, 1, 0, 0, 0, 0, 0),
(156, 1, 40, 'Main', 0, 0, 0, 0, 0, 0, 0),
(156, 1, 41, 'Main', 1, 0, 0, 0, 0, 0, 0),
(156, 1, 42, 'Main', 2, 0, 0, 0, 0, 0, 0),
(157, 1, 96, 'Main', 0, 1, 0, 0, 0, 0, 0),
(157, 1, 97, 'Main', 1, 1, 0, 0, 0, 0, 0),
(157, 1, 98, 'Main : 19', 0, 1, 0, 0, 0, 0, 0),
(157, 1, 99, 'Main : 20', 0, 1, 0, 0, 0, 0, 0),
(157, 1, 100, 'Main', 2, 1, 0, 0, 0, 0, 0),
(157, 1, 101, 'Main', 3, 1, 0, 0, 0, 0, 0),
(157, 1, 102, 'Main : 21', 0, 1, 0, 0, 0, 0, 0),
(157, 1, 103, 'Main : 21', 1, 1, 0, 0, 0, 0, 0),
(157, 1, 104, 'Main : 22', 0, 1, 0, 0, 0, 0, 0),
(157, 1, 105, 'Main : 22', 1, 1, 0, 0, 0, 0, 0),
(157, 1, 106, 'Main : 23', 0, 1, 0, 0, 0, 0, 0),
(157, 1, 107, 'Main : 23', 1, 1, 0, 0, 0, 0, 0),
(157, 1, 108, 'Main', 4, 1, 0, 0, 0, 0, 0),
(157, 1, 109, 'Main', 5, 1, 0, 0, 0, 0, 0),
(157, 1, 110, 'Main : 24', 0, 1, 0, 0, 0, 0, 0),
(157, 1, 111, 'Main : 25', 0, 1, 0, 0, 0, 0, 0),
(158, 1, 35, 'Main', 0, 1, 0, 0, 0, 0, 0),
(158, 1, 36, 'Main', 1, 1, 0, 0, 0, 0, 0),
(158, 1, 37, 'Main : 1', 0, 1, 0, 0, 0, 0, 0),
(158, 1, 38, 'Main : 2', 0, 1, 0, 0, 0, 0, 0),
(158, 1, 39, 'Main : 2', 1, 1, 0, 0, 0, 0, 0),
(159, 1, 35, 'Main', 0, 0, 0, 0, 0, 0, 0),
(159, 1, 36, 'Main', 1, 0, 0, 0, 0, 0, 0),
(159, 1, 37, 'Main : 1', 0, 0, 0, 0, 0, 0, 0),
(159, 1, 38, 'Main : 2', 0, 0, 0, 0, 0, 0, 0),
(159, 1, 39, 'Main : 2', 1, 0, 0, 0, 0, 0, 0),
(160, 1, 118, 'Main', 0, 1, 0, 0, 0, 0, 0),
(161, 1, 119, 'Main', 0, 1, 0, 0, 0, 0, 0),
(161, 1, 120, 'Main', 1, 1, 0, 0, 0, 0, 0),
(161, 1, 121, 'Main : 26', 0, 1, 0, 0, 0, 0, 0),
(161, 1, 122, 'Main : 27', 0, 1, 0, 0, 0, 0, 0),
(161, 1, 123, 'Main', 2, 1, 0, 0, 0, 0, 0),
(161, 1, 124, 'Main', 3, 1, 0, 0, 0, 0, 0),
(161, 1, 125, 'Main : 28', 0, 1, 0, 0, 0, 0, 0),
(161, 1, 126, 'Main : 29', 0, 1, 0, 0, 0, 0, 0),
(161, 1, 127, 'Main : 30', 0, 1, 0, 0, 0, 0, 0),
(161, 1, 128, 'Main : 30', 1, 1, 0, 0, 0, 0, 0),
(162, 1, 129, 'Main', 0, 1, 0, 0, 0, 0, 0),
(163, 1, 27, 'Page Header', 0, 1, 0, 0, 0, 0, 0),
(163, 1, 28, 'Page Header', 1, 1, 0, 0, 0, 0, 0),
(163, 1, 29, 'Sidebar', 0, 1, 0, 0, 0, 0, 0),
(163, 1, 30, 'Sidebar', 1, 1, 0, 0, 0, 0, 0),
(163, 1, 31, 'Sidebar', 2, 1, 0, 0, 0, 0, 0),
(163, 1, 32, 'Main', 0, 1, 0, 0, 0, 0, 0),
(163, 1, 33, 'Page Footer', 0, 1, 0, 0, 0, 0, 0),
(163, 1, 34, 'Page Footer', 1, 1, 0, 0, 0, 0, 0),
(164, 1, 27, 'Page Header', 0, 0, 0, 0, 0, 0, 0),
(164, 1, 29, 'Sidebar', 0, 0, 0, 0, 0, 0, 0),
(164, 1, 30, 'Sidebar', 1, 0, 0, 0, 0, 0, 0),
(164, 1, 31, 'Sidebar', 2, 0, 0, 0, 0, 0, 0),
(164, 1, 33, 'Page Footer', 0, 0, 0, 0, 0, 0, 0),
(164, 1, 34, 'Page Footer', 1, 0, 0, 0, 0, 0, 0),
(164, 1, 84, 'Page Header', 1, 1, 0, 0, 0, 0, 0),
(164, 1, 85, 'Main', 0, 1, 0, 0, 0, 0, 0),
(165, 1, 27, 'Page Header', 0, 0, 0, 0, 0, 0, 0),
(165, 1, 29, 'Sidebar', 0, 0, 0, 0, 0, 0, 0),
(165, 1, 30, 'Sidebar', 1, 0, 0, 0, 0, 0, 0),
(165, 1, 31, 'Sidebar', 2, 0, 0, 0, 0, 0, 0),
(165, 1, 33, 'Page Footer', 0, 0, 0, 0, 0, 0, 0),
(165, 1, 34, 'Page Footer', 1, 0, 0, 0, 0, 0, 0),
(165, 1, 86, 'Page Header', 1, 1, 0, 0, 0, 0, 0),
(165, 1, 87, 'Main', 0, 1, 0, 0, 0, 0, 0),
(166, 1, 27, 'Page Header', 0, 0, 0, 0, 0, 0, 0),
(166, 1, 29, 'Sidebar', 0, 0, 0, 0, 0, 0, 0),
(166, 1, 30, 'Sidebar', 1, 0, 0, 0, 0, 0, 0),
(166, 1, 31, 'Sidebar', 2, 0, 0, 0, 0, 0, 0),
(166, 1, 33, 'Page Footer', 0, 0, 0, 0, 0, 0, 0),
(166, 1, 34, 'Page Footer', 1, 0, 0, 0, 0, 0, 0),
(166, 1, 88, 'Page Header', 1, 1, 0, 0, 0, 0, 0),
(166, 1, 89, 'Main', 0, 1, 0, 0, 0, 0, 0),
(167, 1, 27, 'Page Header', 0, 0, 0, 0, 0, 0, 0),
(167, 1, 29, 'Sidebar', 0, 0, 0, 0, 0, 0, 0),
(167, 1, 30, 'Sidebar', 1, 0, 0, 0, 0, 0, 0),
(167, 1, 31, 'Sidebar', 2, 0, 0, 0, 0, 0, 0),
(167, 1, 33, 'Page Footer', 0, 0, 0, 0, 0, 0, 0),
(167, 1, 34, 'Page Footer', 1, 0, 0, 0, 0, 0, 0),
(167, 1, 90, 'Page Header', 1, 1, 0, 0, 0, 0, 0),
(167, 1, 91, 'Main', 0, 1, 0, 0, 0, 0, 0),
(168, 1, 27, 'Page Header', 0, 0, 0, 0, 0, 0, 0),
(168, 1, 29, 'Sidebar', 0, 0, 0, 0, 0, 0, 0),
(168, 1, 30, 'Sidebar', 1, 0, 0, 0, 0, 0, 0),
(168, 1, 31, 'Sidebar', 2, 0, 0, 0, 0, 0, 0),
(168, 1, 33, 'Page Footer', 0, 0, 0, 0, 0, 0, 0),
(168, 1, 34, 'Page Footer', 1, 0, 0, 0, 0, 0, 0),
(168, 1, 92, 'Page Header', 1, 1, 0, 0, 0, 0, 0),
(168, 1, 93, 'Main', 0, 1, 0, 0, 0, 0, 0),
(169, 1, 27, 'Page Header', 0, 0, 0, 0, 0, 0, 0),
(169, 1, 29, 'Sidebar', 0, 0, 0, 0, 0, 0, 0),
(169, 1, 30, 'Sidebar', 1, 0, 0, 0, 0, 0, 0),
(169, 1, 31, 'Sidebar', 2, 0, 0, 0, 0, 0, 0),
(169, 1, 33, 'Page Footer', 0, 0, 0, 0, 0, 0, 0),
(169, 1, 34, 'Page Footer', 1, 0, 0, 0, 0, 0, 0),
(169, 1, 94, 'Page Header', 1, 1, 0, 0, 0, 0, 0),
(169, 1, 95, 'Main', 0, 1, 0, 0, 0, 0, 0),
(170, 1, 9, 'Main', 0, 1, 0, 0, 0, 0, 0),
(170, 1, 10, 'Main', 1, 1, 0, 0, 0, 0, 0),
(170, 1, 11, 'Sidebar', 0, 1, 0, 0, 0, 0, 0),
(170, 1, 12, 'Sidebar', 1, 1, 0, 0, 0, 0, 0),
(170, 1, 13, 'Sidebar', 2, 1, 0, 0, 0, 0, 0),
(170, 1, 14, 'Sidebar', 3, 1, 0, 0, 0, 0, 0),
(170, 1, 15, 'Page Footer', 0, 1, 0, 0, 0, 0, 0),
(170, 1, 16, 'Page Footer', 1, 1, 0, 0, 0, 0, 0),
(171, 1, 9, 'Main', 0, 0, 0, 0, 0, 0, 0),
(171, 1, 11, 'Sidebar', 0, 0, 0, 0, 0, 0, 0),
(171, 1, 12, 'Sidebar', 1, 0, 0, 0, 0, 0, 0),
(171, 1, 13, 'Sidebar', 2, 0, 0, 0, 0, 0, 0),
(171, 1, 14, 'Sidebar', 3, 0, 0, 0, 0, 0, 0),
(171, 1, 15, 'Page Footer', 0, 0, 0, 0, 0, 0, 0),
(171, 1, 112, 'Page Footer', 1, 1, 0, 0, 0, 0, 0),
(171, 1, 113, 'Main', 1, 1, 0, 0, 0, 0, 0),
(172, 1, 9, 'Main', 0, 0, 0, 0, 0, 0, 0),
(172, 1, 11, 'Sidebar', 0, 0, 0, 0, 0, 0, 0),
(172, 1, 12, 'Sidebar', 1, 0, 0, 0, 0, 0, 0),
(172, 1, 13, 'Sidebar', 2, 0, 0, 0, 0, 0, 0),
(172, 1, 14, 'Sidebar', 3, 0, 0, 0, 0, 0, 0),
(172, 1, 15, 'Page Footer', 0, 0, 0, 0, 0, 0, 0),
(172, 1, 114, 'Page Footer', 1, 1, 0, 0, 0, 0, 0),
(172, 1, 115, 'Main', 1, 1, 0, 0, 0, 0, 0),
(173, 1, 9, 'Main', 0, 0, 0, 0, 0, 0, 0),
(173, 1, 11, 'Sidebar', 0, 0, 0, 0, 0, 0, 0),
(173, 1, 12, 'Sidebar', 1, 0, 0, 0, 0, 0, 0),
(173, 1, 13, 'Sidebar', 2, 0, 0, 0, 0, 0, 0),
(173, 1, 14, 'Sidebar', 3, 0, 0, 0, 0, 0, 0),
(173, 1, 15, 'Page Footer', 0, 0, 0, 0, 0, 0, 0),
(173, 1, 116, 'Page Footer', 1, 1, 0, 0, 0, 0, 0),
(173, 1, 117, 'Main', 1, 1, 0, 0, 0, 0, 0),
(174, 1, 130, 'Main', 0, 1, 0, 0, 0, 0, 0),
(174, 1, 131, 'Main', 1, 1, 0, 0, 0, 0, 0),
(174, 1, 132, 'Main : 31', 0, 1, 0, 0, 0, 0, 0),
(174, 1, 133, 'Main : 32', 0, 1, 0, 0, 0, 0, 0),
(174, 1, 134, 'Main : 32', 1, 1, 0, 0, 0, 0, 0),
(174, 1, 135, 'Main', 2, 1, 0, 0, 0, 0, 0),
(174, 1, 136, 'Main', 3, 1, 0, 0, 0, 0, 0),
(174, 1, 137, 'Main : 33', 0, 1, 0, 0, 0, 0, 0),
(174, 1, 138, 'Main : 34', 0, 1, 0, 0, 0, 0, 0),
(174, 1, 139, 'Main : 34', 1, 1, 0, 0, 0, 0, 0),
(174, 1, 140, 'Main : 34', 2, 1, 0, 0, 0, 0, 0),
(174, 1, 141, 'Main', 4, 1, 0, 0, 0, 0, 0),
(174, 1, 142, 'Main', 5, 1, 0, 0, 0, 0, 0),
(174, 1, 143, 'Main : 35', 0, 1, 0, 0, 0, 0, 0),
(174, 1, 144, 'Main : 36', 0, 1, 0, 0, 0, 0, 0),
(175, 1, 145, 'Main', 0, 1, 0, 0, 0, 0, 0),
(175, 1, 146, 'Main', 1, 1, 0, 0, 0, 0, 0),
(175, 1, 147, 'Main', 2, 1, 0, 0, 0, 0, 0),
(175, 1, 148, 'Main', 3, 1, 0, 0, 0, 0, 0),
(175, 1, 149, 'Main : 37', 0, 1, 0, 0, 0, 0, 0),
(175, 1, 150, 'Main : 37', 1, 1, 0, 0, 0, 0, 0),
(175, 1, 151, 'Main : 38', 0, 1, 0, 0, 0, 0, 0),
(175, 1, 152, 'Main : 38', 1, 1, 0, 0, 0, 0, 0),
(175, 1, 153, 'Main : 39', 0, 1, 0, 0, 0, 0, 0),
(175, 1, 154, 'Main : 39', 1, 1, 0, 0, 0, 0, 0),
(175, 1, 155, 'Main', 4, 1, 0, 0, 0, 0, 0),
(175, 1, 156, 'Main', 5, 1, 0, 0, 0, 0, 0),
(175, 1, 157, 'Main : 40', 0, 1, 0, 0, 0, 0, 0),
(175, 1, 158, 'Main : 41', 0, 1, 0, 0, 0, 0, 0),
(176, 1, 161, 'Main', 0, 1, 0, 0, 0, 0, 0),
(176, 1, 162, 'Main', 1, 1, 0, 0, 0, 0, 0),
(177, 1, 17, 'Page Header', 0, 1, 0, 0, 0, 0, 0),
(177, 1, 18, 'Sidebar', 0, 1, 0, 0, 0, 0, 0),
(177, 1, 19, 'Main', 0, 1, 0, 0, 0, 0, 0),
(177, 1, 20, 'Main', 1, 1, 0, 0, 0, 0, 0),
(177, 1, 21, 'Main', 2, 1, 0, 0, 0, 0, 0),
(177, 1, 22, 'Main', 3, 1, 0, 0, 0, 0, 0),
(177, 1, 23, 'Main', 4, 1, 0, 0, 0, 0, 0),
(177, 1, 24, 'Main', 5, 1, 0, 0, 0, 0, 0),
(177, 1, 25, 'Main', 6, 1, 0, 0, 0, 0, 0),
(177, 1, 26, 'Main', 7, 1, 0, 0, 0, 0, 0),
(178, 1, 17, 'Page Header', 0, 0, 0, 0, 0, 0, 0),
(178, 1, 18, 'Sidebar', 0, 0, 0, 0, 0, 0, 0),
(178, 1, 19, 'Main', 0, 0, 0, 0, 0, 0, 0),
(178, 1, 20, 'Main', 1, 0, 0, 0, 0, 0, 0),
(178, 1, 21, 'Main', 2, 0, 0, 0, 0, 0, 0),
(178, 1, 22, 'Main', 3, 0, 0, 0, 0, 0, 0),
(178, 1, 23, 'Main', 4, 0, 0, 0, 0, 0, 0),
(178, 1, 24, 'Main', 5, 0, 0, 0, 0, 0, 0),
(178, 1, 26, 'Main', 7, 0, 0, 0, 0, 0, 0),
(178, 1, 159, 'Main', 6, 1, 0, 0, 0, 0, 0),
(179, 1, 17, 'Page Header', 0, 0, 0, 0, 0, 0, 0),
(179, 1, 18, 'Sidebar', 0, 0, 0, 0, 0, 0, 0),
(179, 1, 19, 'Main', 0, 0, 0, 0, 0, 0, 0),
(179, 1, 20, 'Main', 1, 0, 0, 0, 0, 0, 0),
(179, 1, 21, 'Main', 2, 0, 0, 0, 0, 0, 0),
(179, 1, 22, 'Main', 3, 0, 0, 0, 0, 0, 0),
(179, 1, 23, 'Main', 4, 0, 0, 0, 0, 0, 0),
(179, 1, 24, 'Main', 5, 0, 0, 0, 0, 0, 0),
(179, 1, 26, 'Main', 7, 0, 0, 0, 0, 0, 0),
(179, 1, 160, 'Main', 6, 1, 0, 0, 0, 0, 0),
(180, 1, 169, 'Hero', 0, 1, 0, 0, 0, 0, 0),
(183, 2, 163, 'Main', 0, 1, 0, 0, 0, 0, 0),
(183, 3, 217, 'Main', 0, 1, 0, 0, 0, 0, 0),
(183, 4, 218, 'Main', 0, 1, 0, 0, 0, 0, 0),
(183, 5, 219, 'Main', 0, 1, 0, 0, 0, 0, 0),
(183, 6, 220, 'Main', 0, 1, 0, 0, 0, 0, 0),
(183, 7, 221, 'Main', 0, 1, 0, 0, 0, 0, 0),
(183, 8, 310, 'Main', 0, 1, 0, 0, 0, 0, 0),
(201, 1, 172, 'Hero', 0, 1, 0, 0, 0, 0, 0),
(201, 1, 215, 'Left', 0, 1, 0, 0, 0, 0, 0),
(201, 1, 216, 'Right', 0, 1, 0, 0, 0, 0, 0),
(202, 1, 170, 'Hero', 0, 1, 0, 0, 0, 0, 0),
(202, 1, 201, 'Footer-midden', 0, 1, 0, 0, 0, 0, 0),
(202, 1, 202, 'Footer-links', 0, 1, 0, 0, 0, 0, 0),
(202, 1, 214, 'Text', 0, 1, 0, 0, 0, 0, 0),
(203, 2, 168, 'Hero', 0, 1, 0, 0, 0, 0, 0),
(203, 3, 168, 'Hero', 0, 0, 0, 0, 0, 0, 0),
(203, 4, 168, 'Hero', 0, 0, 0, 0, 0, 0, 0),
(203, 4, 181, 'Footer-links', 0, 1, 0, 0, 0, 0, 0),
(203, 4, 182, 'Footer-midden', 0, 1, 0, 0, 0, 0, 0),
(203, 5, 168, 'Hero', 0, 0, 0, 0, 0, 0, 0),
(203, 5, 181, 'Footer-links', 0, 0, 0, 0, 0, 0, 0),
(203, 5, 182, 'Footer-midden', 0, 0, 0, 0, 0, 0, 0),
(203, 5, 205, 'Tekst', 0, 1, 0, 0, 0, 0, 0),
(203, 6, 168, 'Hero', 0, 0, 0, 0, 0, 0, 0),
(203, 6, 181, 'Footer-links', 0, 0, 0, 0, 0, 0, 0),
(203, 6, 182, 'Footer-midden', 0, 0, 0, 0, 0, 0, 0),
(203, 6, 205, 'Tekst', 0, 0, 0, 0, 0, 0, 0),
(203, 6, 206, 'Quote', 0, 1, 0, 0, 0, 0, 0),
(203, 7, 168, 'Hero', 0, 0, 0, 0, 0, 0, 0),
(203, 7, 181, 'Footer-links', 0, 0, 0, 0, 0, 0, 0),
(203, 7, 182, 'Footer-midden', 0, 0, 0, 0, 0, 0, 0),
(203, 7, 206, 'Quote', 0, 0, 0, 0, 0, 0, 0),
(203, 7, 207, 'Tekst', 0, 1, 0, 0, 0, 0, 0),
(203, 8, 168, 'Hero', 0, 0, 0, 0, 0, 0, 0),
(203, 8, 181, 'Footer-links', 0, 0, 0, 0, 0, 0, 0),
(203, 8, 182, 'Footer-midden', 0, 0, 0, 0, 0, 0, 0),
(203, 9, 168, 'Hero', 0, 0, 0, 0, 0, 0, 0),
(203, 9, 181, 'Footer-links', 0, 0, 0, 0, 0, 0, 0),
(203, 9, 182, 'Footer-midden', 0, 0, 0, 0, 0, 0, 0),
(203, 9, 211, 'Left', 0, 1, 0, 0, 0, 0, 0),
(203, 9, 212, 'Right', 0, 1, 0, 0, 0, 0, 0),
(203, 10, 168, 'Hero', 0, 0, 0, 0, 0, 0, 0),
(203, 10, 181, 'Footer-links', 0, 0, 0, 0, 0, 0, 0),
(203, 10, 182, 'Footer-midden', 0, 0, 0, 0, 0, 0, 0),
(203, 10, 211, 'Left', 0, 0, 0, 0, 0, 0, 0),
(203, 10, 213, 'Right', 0, 1, 0, 0, 0, 0, 0),
(203, 11, 168, 'Hero', 0, 0, 0, 0, 0, 0, 0),
(203, 11, 181, 'Footer-links', 0, 0, 0, 0, 0, 0, 0),
(203, 11, 182, 'Footer-midden', 0, 0, 0, 0, 0, 0, 0),
(203, 11, 211, 'Left', 0, 0, 0, 0, 0, 0, 0),
(203, 11, 213, 'Right', 0, 0, 0, 0, 0, 0, 0),
(203, 12, 168, 'Hero', 0, 0, 0, 0, 0, 0, 0),
(203, 12, 181, 'Footer-links', 0, 0, 0, 0, 0, 0, 0),
(203, 12, 182, 'Footer-midden', 0, 0, 0, 0, 0, 0, 0),
(203, 12, 211, 'Left', 0, 0, 0, 0, 0, 0, 0),
(203, 12, 213, 'Right', 0, 0, 0, 0, 0, 0, 0),
(203, 13, 168, 'Hero', 0, 0, 0, 0, 0, 0, 0),
(203, 13, 181, 'Footer-links', 0, 0, 0, 0, 0, 0, 0),
(203, 13, 182, 'Footer-midden', 0, 0, 0, 0, 0, 0, 0),
(203, 13, 211, 'Left', 0, 0, 0, 0, 0, 0, 0),
(203, 13, 213, 'Right', 0, 0, 0, 0, 0, 0, 0),
(203, 13, 252, 'Text', 0, 1, 0, 0, 0, 0, 0),
(203, 13, 253, 'Blokken', 0, 1, 0, 0, 0, 0, 0),
(203, 14, 168, 'Hero', 0, 0, 0, 0, 0, 0, 0),
(203, 14, 181, 'Footer-links', 0, 0, 0, 0, 0, 0, 0),
(203, 14, 182, 'Footer-midden', 0, 0, 0, 0, 0, 0, 0),
(203, 14, 211, 'Left', 0, 0, 0, 0, 0, 0, 0),
(203, 14, 213, 'Right', 0, 0, 0, 0, 0, 0, 0),
(203, 14, 252, 'Text', 0, 0, 0, 0, 0, 0, 0),
(203, 14, 253, 'Blokken', 0, 0, 0, 0, 0, 0, 0),
(203, 15, 168, 'Hero', 0, 0, 0, 0, 0, 0, 0),
(203, 15, 181, 'Footer-links', 0, 0, 0, 0, 0, 0, 0),
(203, 15, 182, 'Footer-midden', 0, 0, 0, 0, 0, 0, 0),
(203, 15, 211, 'Left', 0, 0, 0, 0, 0, 0, 0),
(203, 15, 213, 'Right', 0, 0, 0, 0, 0, 0, 0),
(203, 15, 252, 'Text', 0, 0, 0, 0, 0, 0, 0),
(203, 15, 253, 'Blokken', 0, 0, 0, 0, 0, 0, 0),
(203, 15, 254, 'Top', 0, 1, 0, 0, 0, 0, 0),
(203, 15, 255, 'Top left', 0, 1, 0, 0, 0, 0, 0),
(203, 16, 168, 'Hero', 0, 0, 0, 0, 0, 0, 0),
(203, 16, 181, 'Footer-links', 0, 0, 0, 0, 0, 0, 0),
(203, 16, 182, 'Footer-midden', 0, 0, 0, 0, 0, 0, 0),
(203, 16, 211, 'Left', 0, 0, 0, 0, 0, 0, 0),
(203, 16, 213, 'Right', 0, 0, 0, 0, 0, 0, 0),
(203, 16, 252, 'Text', 0, 0, 0, 0, 0, 0, 0),
(203, 16, 253, 'Blokken', 0, 0, 0, 0, 0, 0, 0),
(203, 16, 254, 'Top', 0, 0, 0, 0, 0, 0, 0),
(203, 16, 256, 'Top left', 0, 1, 0, 0, 0, 0, 0),
(203, 17, 168, 'Hero', 0, 0, 0, 0, 0, 0, 0),
(203, 17, 181, 'Footer-links', 0, 0, 0, 0, 0, 0, 0),
(203, 17, 182, 'Footer-midden', 0, 0, 0, 0, 0, 0, 0),
(203, 17, 211, 'Left', 0, 0, 0, 0, 0, 0, 0),
(203, 17, 213, 'Right', 0, 0, 0, 0, 0, 0, 0),
(203, 17, 252, 'Text', 0, 0, 0, 0, 0, 0, 0),
(203, 17, 253, 'Blokken', 0, 0, 0, 0, 0, 0, 0),
(203, 17, 254, 'Top', 0, 0, 0, 0, 0, 0, 0),
(203, 17, 257, 'Top right', 0, 1, 0, 0, 0, 0, 0),
(203, 17, 258, 'Top left', 0, 1, 0, 0, 0, 0, 0),
(203, 18, 168, 'Hero', 0, 0, 0, 0, 0, 0, 0),
(203, 18, 181, 'Footer-links', 0, 0, 0, 0, 0, 0, 0),
(203, 18, 182, 'Footer-midden', 0, 0, 0, 0, 0, 0, 0),
(203, 18, 211, 'Left', 0, 0, 0, 0, 0, 0, 0),
(203, 18, 213, 'Right', 0, 0, 0, 0, 0, 0, 0),
(203, 18, 252, 'Text', 0, 0, 0, 0, 0, 0, 0),
(203, 18, 253, 'Blokken', 0, 0, 0, 0, 0, 0, 0),
(203, 18, 254, 'Top', 0, 0, 0, 0, 0, 0, 0),
(203, 18, 257, 'Top right', 0, 0, 0, 0, 0, 0, 0),
(203, 18, 258, 'Top left', 0, 0, 0, 0, 0, 0, 0),
(203, 18, 259, 'Bottom left', 0, 1, 0, 0, 0, 0, 0),
(203, 18, 260, 'Bottom right', 0, 1, 0, 0, 0, 0, 0),
(203, 19, 168, 'Hero', 0, 0, 0, 0, 0, 0, 0),
(203, 19, 181, 'Footer-links', 0, 0, 0, 0, 0, 0, 0),
(203, 19, 182, 'Footer-midden', 0, 0, 0, 0, 0, 0, 0),
(203, 19, 211, 'Left', 0, 0, 0, 0, 0, 0, 0),
(203, 19, 213, 'Right', 0, 0, 0, 0, 0, 0, 0),
(203, 19, 252, 'Text', 0, 0, 0, 0, 0, 0, 0),
(203, 19, 253, 'Blokken', 0, 0, 0, 0, 0, 0, 0),
(203, 19, 254, 'Top', 0, 0, 0, 0, 0, 0, 0),
(203, 19, 261, 'Top left', 0, 1, 0, 0, 0, 0, 0),
(203, 19, 262, 'Top right', 0, 1, 0, 0, 0, 0, 0),
(203, 19, 263, 'Bottom left', 0, 1, 0, 0, 0, 0, 0),
(203, 19, 264, 'Bottom right', 0, 1, 0, 0, 0, 0, 0),
(203, 20, 168, 'Hero', 0, 0, 0, 0, 0, 0, 0),
(203, 20, 181, 'Footer-links', 0, 0, 0, 0, 0, 0, 0),
(203, 20, 182, 'Footer-midden', 0, 0, 0, 0, 0, 0, 0),
(203, 20, 211, 'Left', 0, 0, 0, 0, 0, 0, 0),
(203, 20, 213, 'Right', 0, 0, 0, 0, 0, 0, 0),
(203, 20, 252, 'Text', 0, 0, 0, 0, 0, 0, 0),
(203, 20, 253, 'Blokken', 0, 0, 0, 0, 0, 0, 0),
(203, 20, 254, 'Top', 0, 0, 0, 0, 0, 0, 0),
(203, 20, 265, 'Top left', 0, 1, 0, 0, 0, 0, 0),
(203, 20, 266, 'Top right', 0, 1, 0, 0, 0, 0, 0),
(203, 20, 267, 'Bottom left', 0, 1, 0, 0, 0, 0, 0),
(203, 20, 268, 'Bottom right', 0, 1, 0, 0, 0, 0, 0),
(203, 21, 168, 'Hero', 0, 0, 0, 0, 0, 0, 0),
(203, 21, 181, 'Footer-links', 0, 0, 0, 0, 0, 0, 0),
(203, 21, 182, 'Footer-midden', 0, 0, 0, 0, 0, 0, 0),
(203, 21, 211, 'Left', 0, 0, 0, 0, 0, 0, 0),
(203, 21, 213, 'Right', 0, 0, 0, 0, 0, 0, 0),
(203, 21, 252, 'Text', 0, 0, 0, 0, 0, 0, 0),
(203, 21, 253, 'Blokken', 0, 0, 0, 0, 0, 0, 0),
(203, 21, 254, 'Top', 0, 0, 0, 0, 0, 0, 0),
(203, 21, 266, 'Top right', 0, 0, 0, 0, 0, 0, 0),
(203, 21, 267, 'Bottom left', 0, 0, 0, 0, 0, 0, 0),
(203, 21, 268, 'Bottom right', 0, 0, 0, 0, 0, 0, 0),
(203, 21, 269, 'Top left', 0, 1, 0, 0, 0, 0, 0),
(203, 22, 168, 'Hero', 0, 0, 0, 0, 0, 0, 0),
(203, 22, 181, 'Footer-links', 0, 0, 0, 0, 0, 0, 0),
(203, 22, 182, 'Footer-midden', 0, 0, 0, 0, 0, 0, 0),
(203, 22, 211, 'Left', 0, 0, 0, 0, 0, 0, 0),
(203, 22, 213, 'Right', 0, 0, 0, 0, 0, 0, 0),
(203, 22, 252, 'Text', 0, 0, 0, 0, 0, 0, 0),
(203, 22, 253, 'Blokken', 0, 0, 0, 0, 0, 0, 0),
(203, 22, 254, 'Top', 0, 0, 0, 0, 0, 0, 0),
(203, 22, 266, 'Top right', 0, 0, 0, 0, 0, 0, 0),
(203, 22, 267, 'Bottom left', 0, 0, 0, 0, 0, 0, 0),
(203, 22, 268, 'Bottom right', 0, 0, 0, 0, 0, 0, 0),
(203, 22, 270, 'Top left', 0, 1, 0, 0, 0, 0, 0),
(203, 23, 168, 'Hero', 0, 0, 0, 0, 0, 0, 0),
(203, 23, 181, 'Footer-links', 0, 0, 0, 0, 0, 0, 0),
(203, 23, 182, 'Footer-midden', 0, 0, 0, 0, 0, 0, 0),
(203, 23, 211, 'Left', 0, 0, 0, 0, 0, 0, 0),
(203, 23, 213, 'Right', 0, 0, 0, 0, 0, 0, 0),
(203, 23, 252, 'Text', 0, 0, 0, 0, 0, 0, 0),
(203, 23, 253, 'Blokken', 0, 0, 0, 0, 0, 0, 0),
(203, 23, 254, 'Top', 0, 0, 0, 0, 0, 0, 0),
(203, 23, 266, 'Top right', 0, 0, 0, 0, 0, 0, 0),
(203, 23, 268, 'Bottom right', 0, 0, 0, 0, 0, 0, 0),
(203, 23, 270, 'Top left', 0, 0, 0, 0, 0, 0, 0),
(203, 23, 298, 'Bottom left', 0, 1, 0, 0, 0, 0, 0),
(203, 24, 168, 'Hero', 0, 0, 0, 0, 0, 0, 0),
(203, 24, 181, 'Footer-links', 0, 0, 0, 0, 0, 0, 0),
(203, 24, 182, 'Footer-midden', 0, 0, 0, 0, 0, 0, 0),
(203, 24, 211, 'Left', 0, 0, 0, 0, 0, 0, 0),
(203, 24, 213, 'Right', 0, 0, 0, 0, 0, 0, 0),
(203, 24, 252, 'Text', 0, 0, 0, 0, 0, 0, 0),
(203, 24, 253, 'Blokken', 0, 0, 0, 0, 0, 0, 0),
(203, 24, 254, 'Top', 0, 0, 0, 0, 0, 0, 0),
(203, 24, 266, 'Top right', 0, 0, 0, 0, 0, 0, 0),
(203, 24, 268, 'Bottom right', 0, 0, 0, 0, 0, 0, 0),
(203, 24, 270, 'Top left', 0, 0, 0, 0, 0, 0, 0),
(203, 24, 298, 'Bottom left', 0, 0, 0, 0, 0, 0, 0),
(203, 25, 168, 'Hero', 0, 0, 0, 0, 0, 0, 0),
(203, 25, 181, 'Footer-links', 0, 0, 0, 0, 0, 0, 0),
(203, 25, 182, 'Footer-midden', 0, 0, 0, 0, 0, 0, 0),
(203, 25, 211, 'Left', 0, 0, 0, 0, 0, 0, 0),
(203, 25, 213, 'Right', 0, 0, 0, 0, 0, 0, 0),
(203, 25, 252, 'Text', 0, 0, 0, 0, 0, 0, 0),
(203, 25, 253, 'Blokken', 0, 0, 0, 0, 0, 0, 0),
(203, 25, 254, 'Top', 0, 0, 0, 0, 0, 0, 0),
(203, 25, 266, 'Top right', 0, 0, 0, 0, 0, 0, 0),
(203, 25, 270, 'Top left', 0, 0, 0, 0, 0, 0, 0),
(203, 25, 298, 'Bottom left', 0, 0, 0, 0, 0, 0, 0),
(203, 25, 299, 'Bottom right', 0, 1, 0, 0, 0, 0, 0),
(203, 26, 168, 'Hero', 0, 0, 0, 0, 0, 0, 0),
(203, 26, 181, 'Footer-links', 0, 0, 0, 0, 0, 0, 0),
(203, 26, 182, 'Footer-midden', 0, 0, 0, 0, 0, 0, 0),
(203, 26, 211, 'Left', 0, 0, 0, 0, 0, 0, 0),
(203, 26, 213, 'Right', 0, 0, 0, 0, 0, 0, 0),
(203, 26, 252, 'Text', 0, 0, 0, 0, 0, 0, 0),
(203, 26, 253, 'Blokken', 0, 0, 0, 0, 0, 0, 0),
(203, 26, 254, 'Top', 0, 0, 0, 0, 0, 0, 0),
(203, 26, 299, 'Bottom right', 0, 0, 0, 0, 0, 0, 0),
(203, 26, 300, 'Bottom left', 0, 1, 0, 0, 0, 0, 0),
(203, 26, 301, 'Top left', 0, 1, 0, 0, 0, 0, 0),
(203, 26, 302, 'Top right', 0, 1, 0, 0, 0, 0, 0),
(203, 27, 168, 'Hero', 0, 0, 0, 0, 0, 0, 0),
(203, 27, 181, 'Footer-links', 0, 0, 0, 0, 0, 0, 0),
(203, 27, 182, 'Footer-midden', 0, 0, 0, 0, 0, 0, 0),
(203, 27, 211, 'Left', 0, 0, 0, 0, 0, 0, 0),
(203, 27, 213, 'Right', 0, 0, 0, 0, 0, 0, 0),
(203, 27, 252, 'Text', 0, 0, 0, 0, 0, 0, 0),
(203, 27, 253, 'Blokken', 0, 0, 0, 0, 0, 0, 0),
(203, 27, 254, 'Top', 0, 0, 0, 0, 0, 0, 0),
(203, 28, 168, 'Hero', 0, 0, 0, 0, 0, 0, 0),
(203, 28, 181, 'Footer-links', 0, 0, 0, 0, 0, 0, 0),
(203, 28, 182, 'Footer-midden', 0, 0, 0, 0, 0, 0, 0),
(203, 28, 211, 'Left', 0, 0, 0, 0, 0, 0, 0),
(203, 28, 213, 'Right', 0, 0, 0, 0, 0, 0, 0),
(203, 28, 252, 'Text', 0, 0, 0, 0, 0, 0, 0),
(203, 28, 253, 'Blokken', 0, 0, 0, 0, 0, 0, 0),
(203, 28, 254, 'Top', 0, 0, 0, 0, 0, 0, 0),
(203, 28, 307, 'Middle', 0, 1, 0, 0, 0, 0, 0),
(203, 29, 168, 'Hero', 0, 0, 0, 0, 0, 0, 0),
(203, 29, 181, 'Footer-links', 0, 0, 0, 0, 0, 0, 0),
(203, 29, 182, 'Footer-midden', 0, 0, 0, 0, 0, 0, 0),
(203, 29, 211, 'Left', 0, 0, 0, 0, 0, 0, 0),
(203, 29, 213, 'Right', 0, 0, 0, 0, 0, 0, 0),
(203, 29, 252, 'Text', 0, 0, 0, 0, 0, 0, 0),
(203, 29, 253, 'Blokken', 0, 0, 0, 0, 0, 0, 0),
(203, 29, 254, 'Top', 0, 0, 0, 0, 0, 0, 0),
(203, 29, 308, 'Middle', 0, 1, 0, 0, 0, 0, 0),
(203, 30, 168, 'Hero', 0, 0, 0, 0, 0, 0, 0),
(203, 30, 181, 'Footer-links', 0, 0, 0, 0, 0, 0, 0),
(203, 30, 182, 'Footer-midden', 0, 0, 0, 0, 0, 0, 0),
(203, 30, 211, 'Left', 0, 0, 0, 0, 0, 0, 0),
(203, 30, 213, 'Right', 0, 0, 0, 0, 0, 0, 0),
(203, 30, 252, 'Text', 0, 0, 0, 0, 0, 0, 0),
(203, 30, 253, 'Blokken', 0, 0, 0, 0, 0, 0, 0),
(203, 30, 308, 'Middle', 0, 0, 0, 0, 0, 0, 0),
(203, 30, 309, 'Top', 0, 1, 0, 0, 0, 0, 0),
(203, 31, 168, 'Hero', 0, 0, 0, 0, 0, 0, 0),
(203, 31, 181, 'Footer-links', 0, 0, 0, 0, 0, 0, 0),
(203, 31, 182, 'Footer-midden', 0, 0, 0, 0, 0, 0, 0),
(203, 31, 211, 'Left', 0, 0, 0, 0, 0, 0, 0),
(203, 31, 213, 'Right', 0, 0, 0, 0, 0, 0, 0),
(203, 31, 252, 'Text', 0, 0, 0, 0, 0, 0, 0),
(203, 31, 253, 'Blokken', 0, 0, 0, 0, 0, 0, 0),
(203, 31, 308, 'Middle', 0, 0, 0, 0, 0, 0, 0),
(203, 31, 309, 'Top', 0, 0, 0, 0, 0, 0, 0),
(209, 1, 170, 'Hero', 0, 0, 0, 0, 0, 0, 0),
(209, 2, 170, 'Hero', 0, 0, 0, 0, 0, 0, 0),
(209, 3, 170, 'Hero', 0, 0, 0, 0, 0, 0, 0),
(209, 3, 183, 'Footer-links', 0, 1, 0, 0, 0, 0, 0),
(209, 3, 184, 'Footer-midden', 0, 1, 0, 0, 0, 0, 0),
(210, 1, 172, 'Hero', 0, 0, 0, 0, 0, 0, 0),
(210, 2, 172, 'Hero', 0, 0, 0, 0, 0, 0, 0),
(210, 3, 172, 'Hero', 0, 0, 0, 0, 0, 0, 0),
(210, 3, 185, 'Footer-links', 0, 1, 0, 0, 0, 0, 0),
(210, 3, 186, 'Footer-midden', 0, 1, 0, 0, 0, 0, 0),
(211, 1, 172, 'Hero', 0, 0, 0, 0, 0, 0, 0),
(211, 2, 172, 'Hero', 0, 0, 0, 0, 0, 0, 0),
(211, 3, 172, 'Hero', 0, 0, 0, 0, 0, 0, 0),
(211, 4, 172, 'Hero', 0, 0, 0, 0, 0, 0, 0),
(211, 5, 172, 'Hero', 0, 0, 0, 0, 0, 0, 0),
(211, 6, 172, 'Hero', 0, 0, 0, 0, 0, 0, 0),
(211, 6, 247, 'Text', 0, 1, 0, 0, 0, 0, 0),
(211, 7, 172, 'Hero', 0, 0, 0, 0, 0, 0, 0),
(211, 7, 247, 'Text', 0, 0, 0, 0, 0, 0, 0),
(211, 7, 305, 'subnav', 0, 1, 0, 0, 0, 0, 0),
(211, 8, 172, 'Hero', 0, 0, 0, 0, 0, 0, 0),
(211, 8, 247, 'Text', 0, 0, 0, 0, 0, 0, 0),
(211, 8, 305, 'subnav', 0, 0, 0, 0, 0, 0, 0),
(212, 1, 170, 'Hero', 0, 0, 0, 0, 0, 0, 0),
(212, 2, 170, 'Hero', 0, 0, 0, 0, 0, 0, 0),
(212, 3, 170, 'Hero', 0, 0, 0, 0, 0, 0, 0),
(212, 4, 170, 'Hero', 0, 0, 0, 0, 0, 0, 0),
(212, 5, 170, 'Hero', 0, 0, 0, 0, 0, 0, 0),
(212, 5, 187, 'Footer-links', 0, 1, 0, 0, 0, 0, 0),
(212, 5, 188, 'Footer-midden', 0, 1, 0, 0, 0, 0, 0),
(212, 6, 170, 'Hero', 0, 0, 0, 0, 0, 0, 0),
(212, 6, 187, 'Footer-links', 0, 0, 0, 0, 0, 0, 0),
(212, 6, 188, 'Footer-midden', 0, 0, 0, 0, 0, 0, 0),
(212, 6, 222, 'Text', 0, 1, 0, 0, 0, 0, 0),
(212, 7, 170, 'Hero', 0, 0, 0, 0, 0, 0, 0),
(212, 7, 187, 'Footer-links', 0, 0, 0, 0, 0, 0, 0),
(212, 7, 188, 'Footer-midden', 0, 0, 0, 0, 0, 0, 0),
(212, 7, 223, 'Text', 0, 1, 0, 0, 0, 0, 0),
(213, 1, 170, 'Hero', 0, 0, 0, 0, 0, 0, 0),
(213, 2, 170, 'Hero', 0, 0, 0, 0, 0, 0, 0),
(213, 3, 170, 'Hero', 0, 0, 0, 0, 0, 0, 0),
(213, 4, 170, 'Hero', 0, 0, 0, 0, 0, 0, 0),
(213, 5, 170, 'Hero', 0, 0, 0, 0, 0, 0, 0),
(213, 5, 189, 'Footer-midden', 0, 1, 0, 0, 0, 0, 0),
(213, 5, 190, 'Footer-links', 0, 1, 0, 0, 0, 0, 0),
(213, 6, 170, 'Hero', 0, 0, 0, 0, 0, 0, 0),
(213, 6, 189, 'Footer-midden', 0, 0, 0, 0, 0, 0, 0),
(213, 6, 190, 'Footer-links', 0, 0, 0, 0, 0, 0, 0),
(213, 6, 224, 'Text', 0, 1, 0, 0, 0, 0, 0);
INSERT INTO `CollectionVersionBlocks` (`cID`, `cvID`, `bID`, `arHandle`, `cbDisplayOrder`, `isOriginal`, `cbOverrideAreaPermissions`, `cbIncludeAll`, `cbOverrideBlockTypeCacheSettings`, `cbOverrideBlockTypeContainerSettings`, `cbEnableBlockContainer`) VALUES
(214, 1, 170, 'Hero', 0, 0, 0, 0, 0, 0, 0),
(214, 2, 170, 'Hero', 0, 0, 0, 0, 0, 0, 0),
(214, 3, 170, 'Hero', 0, 0, 0, 0, 0, 0, 0),
(214, 4, 170, 'Hero', 0, 0, 0, 0, 0, 0, 0),
(214, 5, 170, 'Hero', 0, 0, 0, 0, 0, 0, 0),
(214, 5, 191, 'Footer-links', 0, 1, 0, 0, 0, 0, 0),
(214, 5, 192, 'Footer-midden', 0, 1, 0, 0, 0, 0, 0),
(214, 6, 170, 'Hero', 0, 0, 0, 0, 0, 0, 0),
(214, 6, 191, 'Footer-links', 0, 0, 0, 0, 0, 0, 0),
(214, 6, 192, 'Footer-midden', 0, 0, 0, 0, 0, 0, 0),
(214, 6, 225, 'Text', 0, 1, 0, 0, 0, 0, 0),
(214, 7, 170, 'Hero', 0, 0, 0, 0, 0, 0, 0),
(214, 7, 191, 'Footer-links', 0, 0, 0, 0, 0, 0, 0),
(214, 7, 192, 'Footer-midden', 0, 0, 0, 0, 0, 0, 0),
(214, 7, 226, 'Text', 0, 1, 0, 0, 0, 0, 0),
(215, 1, 170, 'Hero', 0, 0, 0, 0, 0, 0, 0),
(215, 2, 170, 'Hero', 0, 0, 0, 0, 0, 0, 0),
(215, 3, 170, 'Hero', 0, 0, 0, 0, 0, 0, 0),
(215, 4, 170, 'Hero', 0, 0, 0, 0, 0, 0, 0),
(215, 5, 170, 'Hero', 0, 0, 0, 0, 0, 0, 0),
(215, 5, 193, 'Footer-midden', 0, 1, 0, 0, 0, 0, 0),
(215, 5, 194, 'Footer-links', 0, 1, 0, 0, 0, 0, 0),
(215, 6, 170, 'Hero', 0, 0, 0, 0, 0, 0, 0),
(215, 6, 193, 'Footer-midden', 0, 0, 0, 0, 0, 0, 0),
(215, 6, 194, 'Footer-links', 0, 0, 0, 0, 0, 0, 0),
(215, 6, 227, 'Text', 0, 1, 0, 0, 0, 0, 0),
(215, 7, 170, 'Hero', 0, 0, 0, 0, 0, 0, 0),
(215, 7, 193, 'Footer-midden', 0, 0, 0, 0, 0, 0, 0),
(215, 7, 194, 'Footer-links', 0, 0, 0, 0, 0, 0, 0),
(215, 7, 227, 'Text', 0, 0, 0, 0, 0, 0, 0),
(215, 8, 170, 'Hero', 0, 0, 0, 0, 0, 0, 0),
(215, 8, 193, 'Footer-midden', 0, 0, 0, 0, 0, 0, 0),
(215, 8, 194, 'Footer-links', 0, 0, 0, 0, 0, 0, 0),
(215, 8, 227, 'Text', 0, 0, 0, 0, 0, 0, 0),
(215, 8, 228, 'Left', 0, 1, 0, 0, 0, 0, 0),
(215, 8, 229, 'Right', 0, 1, 0, 0, 0, 0, 0),
(215, 9, 170, 'Hero', 0, 0, 0, 0, 0, 0, 0),
(215, 9, 193, 'Footer-midden', 0, 0, 0, 0, 0, 0, 0),
(215, 9, 194, 'Footer-links', 0, 0, 0, 0, 0, 0, 0),
(215, 9, 227, 'Text', 0, 0, 0, 0, 0, 0, 0),
(215, 9, 228, 'Left', 0, 0, 0, 0, 0, 0, 0),
(215, 9, 230, 'Right', 0, 1, 0, 0, 0, 0, 0),
(215, 10, 170, 'Hero', 0, 0, 0, 0, 0, 0, 0),
(215, 10, 193, 'Footer-midden', 0, 0, 0, 0, 0, 0, 0),
(215, 10, 194, 'Footer-links', 0, 0, 0, 0, 0, 0, 0),
(215, 10, 227, 'Text', 0, 0, 0, 0, 0, 0, 0),
(215, 10, 228, 'Left', 0, 0, 0, 0, 0, 0, 0),
(215, 10, 231, 'Right', 0, 1, 0, 0, 0, 0, 0),
(215, 11, 170, 'Hero', 0, 0, 0, 0, 0, 0, 0),
(215, 11, 193, 'Footer-midden', 0, 0, 0, 0, 0, 0, 0),
(215, 11, 194, 'Footer-links', 0, 0, 0, 0, 0, 0, 0),
(215, 11, 227, 'Text', 0, 0, 0, 0, 0, 0, 0),
(215, 11, 233, 'Left', 0, 1, 0, 0, 0, 0, 0),
(215, 11, 234, 'Right', 0, 1, 0, 0, 0, 0, 0),
(215, 12, 170, 'Hero', 0, 0, 0, 0, 0, 0, 0),
(215, 12, 193, 'Footer-midden', 0, 0, 0, 0, 0, 0, 0),
(215, 12, 194, 'Footer-links', 0, 0, 0, 0, 0, 0, 0),
(215, 12, 227, 'Text', 0, 0, 0, 0, 0, 0, 0),
(215, 12, 234, 'Right', 0, 0, 0, 0, 0, 0, 0),
(215, 12, 235, 'Left', 0, 1, 0, 0, 0, 0, 0),
(215, 13, 170, 'Hero', 0, 0, 0, 0, 0, 0, 0),
(215, 13, 193, 'Footer-midden', 0, 0, 0, 0, 0, 0, 0),
(215, 13, 194, 'Footer-links', 0, 0, 0, 0, 0, 0, 0),
(215, 13, 227, 'Text', 0, 0, 0, 0, 0, 0, 0),
(215, 13, 234, 'Right', 0, 0, 0, 0, 0, 0, 0),
(215, 13, 235, 'Left', 0, 0, 0, 0, 0, 0, 0),
(215, 14, 170, 'Hero', 0, 0, 0, 0, 0, 0, 0),
(215, 14, 193, 'Footer-midden', 0, 0, 0, 0, 0, 0, 0),
(215, 14, 194, 'Footer-links', 0, 0, 0, 0, 0, 0, 0),
(215, 14, 227, 'Text', 0, 0, 0, 0, 0, 0, 0),
(215, 14, 234, 'Right', 0, 0, 0, 0, 0, 0, 0),
(215, 14, 235, 'Left', 0, 0, 0, 0, 0, 0, 0),
(215, 15, 170, 'Hero', 0, 0, 0, 0, 0, 0, 0),
(215, 15, 193, 'Footer-midden', 0, 0, 0, 0, 0, 0, 0),
(215, 15, 194, 'Footer-links', 0, 0, 0, 0, 0, 0, 0),
(215, 15, 227, 'Text', 0, 0, 0, 0, 0, 0, 0),
(215, 15, 234, 'Right', 0, 0, 0, 0, 0, 0, 0),
(215, 15, 235, 'Left', 0, 0, 0, 0, 0, 0, 0),
(215, 16, 170, 'Hero', 0, 0, 0, 0, 0, 0, 0),
(215, 16, 193, 'Footer-midden', 0, 0, 0, 0, 0, 0, 0),
(215, 16, 194, 'Footer-links', 0, 0, 0, 0, 0, 0, 0),
(215, 16, 227, 'Text', 0, 0, 0, 0, 0, 0, 0),
(215, 16, 234, 'Right', 0, 0, 0, 0, 0, 0, 0),
(215, 16, 235, 'Left', 0, 0, 0, 0, 0, 0, 0),
(215, 16, 248, 'Top', 0, 1, 0, 0, 0, 0, 0),
(215, 16, 249, 'Top left', 0, 1, 0, 0, 0, 0, 0),
(215, 16, 250, 'Top right', 0, 1, 0, 0, 0, 0, 0),
(215, 16, 251, 'Middle', 0, 1, 0, 0, 0, 0, 0),
(216, 1, 170, 'Hero', 0, 0, 0, 0, 0, 0, 0),
(216, 2, 170, 'Hero', 0, 0, 0, 0, 0, 0, 0),
(216, 3, 170, 'Hero', 0, 0, 0, 0, 0, 0, 0),
(216, 4, 170, 'Hero', 0, 0, 0, 0, 0, 0, 0),
(216, 5, 170, 'Hero', 0, 0, 0, 0, 0, 0, 0),
(216, 5, 195, 'Footer-links', 0, 1, 0, 0, 0, 0, 0),
(216, 5, 196, 'Footer-midden', 0, 1, 0, 0, 0, 0, 0),
(217, 1, 170, 'Hero', 0, 0, 0, 0, 0, 0, 0),
(217, 2, 170, 'Hero', 0, 0, 0, 0, 0, 0, 0),
(217, 3, 170, 'Hero', 0, 0, 0, 0, 0, 0, 0),
(217, 4, 170, 'Hero', 0, 0, 0, 0, 0, 0, 0),
(217, 5, 170, 'Hero', 0, 0, 0, 0, 0, 0, 0),
(217, 5, 197, 'Footer-midden', 0, 1, 0, 0, 0, 0, 0),
(217, 5, 198, 'Footer-links', 0, 1, 0, 0, 0, 0, 0),
(217, 6, 170, 'Hero', 0, 0, 0, 0, 0, 0, 0),
(217, 6, 197, 'Footer-midden', 0, 0, 0, 0, 0, 0, 0),
(217, 6, 198, 'Footer-links', 0, 0, 0, 0, 0, 0, 0),
(217, 6, 232, 'Text', 0, 1, 0, 0, 0, 0, 0),
(218, 1, 170, 'Hero', 0, 0, 0, 0, 0, 0, 0),
(218, 2, 170, 'Hero', 0, 0, 0, 0, 0, 0, 0),
(218, 3, 170, 'Hero', 0, 0, 0, 0, 0, 0, 0),
(218, 4, 170, 'Hero', 0, 0, 0, 0, 0, 0, 0),
(218, 5, 170, 'Hero', 0, 0, 0, 0, 0, 0, 0),
(218, 5, 199, 'Footer-links', 0, 1, 0, 0, 0, 0, 0),
(218, 5, 200, 'Footer-midden', 0, 1, 0, 0, 0, 0, 0),
(219, 1, 170, 'Hero', 0, 0, 0, 0, 0, 0, 0),
(219, 2, 170, 'Hero', 0, 0, 0, 0, 0, 0, 0),
(220, 2, 203, 'Main', 0, 1, 0, 0, 0, 0, 0),
(221, 2, 204, 'Main', 0, 1, 0, 0, 0, 0, 0),
(222, 1, 170, 'Hero', 0, 0, 0, 0, 0, 0, 0),
(222, 1, 201, 'Footer-midden', 0, 0, 0, 0, 0, 0, 0),
(222, 1, 202, 'Footer-links', 0, 0, 0, 0, 0, 0, 0),
(223, 1, 170, 'Hero', 0, 0, 0, 0, 0, 0, 0),
(223, 1, 201, 'Footer-midden', 0, 0, 0, 0, 0, 0, 0),
(223, 1, 202, 'Footer-links', 0, 0, 0, 0, 0, 0, 0),
(223, 1, 214, 'Text', 0, 0, 0, 0, 0, 0, 0),
(223, 2, 170, 'Hero', 0, 0, 0, 0, 0, 0, 0),
(223, 2, 201, 'Footer-midden', 0, 0, 0, 0, 0, 0, 0),
(223, 2, 202, 'Footer-links', 0, 0, 0, 0, 0, 0, 0),
(223, 2, 214, 'Text', 0, 0, 0, 0, 0, 0, 0),
(224, 1, 170, 'Hero', 0, 0, 0, 0, 0, 0, 0),
(224, 1, 201, 'Footer-midden', 0, 0, 0, 0, 0, 0, 0),
(224, 1, 202, 'Footer-links', 0, 0, 0, 0, 0, 0, 0),
(224, 1, 214, 'Text', 0, 0, 0, 0, 0, 0, 0),
(225, 1, 170, 'Hero', 0, 0, 0, 0, 0, 0, 0),
(225, 1, 201, 'Footer-midden', 0, 0, 0, 0, 0, 0, 0),
(225, 1, 202, 'Footer-links', 0, 0, 0, 0, 0, 0, 0),
(225, 1, 214, 'Text', 0, 0, 0, 0, 0, 0, 0),
(225, 2, 170, 'Hero', 0, 0, 0, 0, 0, 0, 0),
(225, 2, 201, 'Footer-midden', 0, 0, 0, 0, 0, 0, 0),
(225, 2, 202, 'Footer-links', 0, 0, 0, 0, 0, 0, 0),
(225, 2, 214, 'Text', 0, 0, 0, 0, 0, 0, 0),
(225, 3, 170, 'Hero', 0, 0, 0, 0, 0, 0, 0),
(225, 3, 201, 'Footer-midden', 0, 0, 0, 0, 0, 0, 0),
(225, 3, 202, 'Footer-links', 0, 0, 0, 0, 0, 0, 0),
(225, 3, 214, 'Text', 0, 0, 0, 0, 0, 0, 0),
(225, 3, 236, 'Left', 0, 1, 0, 0, 0, 0, 0),
(225, 3, 237, 'Right', 0, 1, 0, 0, 0, 0, 0),
(225, 4, 170, 'Hero', 0, 0, 0, 0, 0, 0, 0),
(225, 4, 201, 'Footer-midden', 0, 0, 0, 0, 0, 0, 0),
(225, 4, 202, 'Footer-links', 0, 0, 0, 0, 0, 0, 0),
(225, 4, 214, 'Text', 0, 0, 0, 0, 0, 0, 0),
(225, 4, 236, 'Left', 0, 0, 0, 0, 0, 0, 0),
(225, 4, 237, 'Right', 0, 0, 0, 0, 0, 0, 0),
(225, 5, 170, 'Hero', 0, 0, 0, 0, 0, 0, 0),
(225, 5, 201, 'Footer-midden', 0, 0, 0, 0, 0, 0, 0),
(225, 5, 202, 'Footer-links', 0, 0, 0, 0, 0, 0, 0),
(225, 5, 214, 'Text', 0, 0, 0, 0, 0, 0, 0),
(225, 5, 236, 'Left', 0, 0, 0, 0, 0, 0, 0),
(225, 5, 237, 'Right', 0, 0, 0, 0, 0, 0, 0),
(225, 5, 271, 'Bestuurslid1', 0, 1, 0, 0, 0, 0, 0),
(225, 5, 272, 'Bestuurslid2', 0, 1, 0, 0, 0, 0, 0),
(225, 5, 273, 'Bestuurslid3', 0, 1, 0, 0, 0, 0, 0),
(225, 6, 170, 'Hero', 0, 0, 0, 0, 0, 0, 0),
(225, 6, 201, 'Footer-midden', 0, 0, 0, 0, 0, 0, 0),
(225, 6, 202, 'Footer-links', 0, 0, 0, 0, 0, 0, 0),
(225, 6, 214, 'Text', 0, 0, 0, 0, 0, 0, 0),
(225, 6, 236, 'Left', 0, 0, 0, 0, 0, 0, 0),
(225, 6, 237, 'Right', 0, 0, 0, 0, 0, 0, 0),
(225, 6, 271, 'Bestuurslid1', 0, 0, 0, 0, 0, 0, 0),
(225, 6, 272, 'Bestuurslid2', 0, 0, 0, 0, 0, 0, 0),
(225, 6, 273, 'Bestuurslid3', 0, 0, 0, 0, 0, 0, 0),
(225, 6, 274, 'Bestuurslid4', 0, 1, 0, 0, 0, 0, 0),
(225, 6, 275, 'Bestuurslid5', 0, 1, 0, 0, 0, 0, 0),
(225, 7, 170, 'Hero', 0, 0, 0, 0, 0, 0, 0),
(225, 7, 201, 'Footer-midden', 0, 0, 0, 0, 0, 0, 0),
(225, 7, 202, 'Footer-links', 0, 0, 0, 0, 0, 0, 0),
(225, 7, 214, 'Text', 0, 0, 0, 0, 0, 0, 0),
(225, 7, 236, 'Left', 0, 0, 0, 0, 0, 0, 0),
(225, 7, 237, 'Right', 0, 0, 0, 0, 0, 0, 0),
(225, 7, 271, 'Bestuurslid1', 0, 0, 0, 0, 0, 0, 0),
(225, 7, 272, 'Bestuurslid2', 0, 0, 0, 0, 0, 0, 0),
(225, 7, 273, 'Bestuurslid3', 0, 0, 0, 0, 0, 0, 0),
(225, 7, 274, 'Bestuurslid4', 0, 0, 0, 0, 0, 0, 0),
(225, 7, 275, 'Bestuurslid5', 0, 0, 0, 0, 0, 0, 0),
(225, 7, 276, 'Bestuurslid6', 0, 1, 0, 0, 0, 0, 0),
(225, 7, 277, 'Bestuurslid7', 0, 1, 0, 0, 0, 0, 0),
(225, 8, 170, 'Hero', 0, 0, 0, 0, 0, 0, 0),
(225, 8, 201, 'Footer-midden', 0, 0, 0, 0, 0, 0, 0),
(225, 8, 202, 'Footer-links', 0, 0, 0, 0, 0, 0, 0),
(225, 8, 214, 'Text', 0, 0, 0, 0, 0, 0, 0),
(225, 8, 236, 'Left', 0, 0, 0, 0, 0, 0, 0),
(225, 8, 237, 'Right', 0, 0, 0, 0, 0, 0, 0),
(225, 8, 278, 'Bestuurslid1', 0, 1, 0, 0, 0, 0, 0),
(225, 8, 279, 'Bestuurslid2', 0, 1, 0, 0, 0, 0, 0),
(225, 8, 280, 'Bestuurslid3', 0, 1, 0, 0, 0, 0, 0),
(225, 8, 281, 'Bestuurslid4', 0, 1, 0, 0, 0, 0, 0),
(225, 8, 282, 'Bestuurslid5', 0, 1, 0, 0, 0, 0, 0),
(225, 8, 283, 'Bestuurslid6', 0, 1, 0, 0, 0, 0, 0),
(225, 8, 284, 'Bestuurslid7', 0, 1, 0, 0, 0, 0, 0),
(225, 9, 170, 'Hero', 0, 0, 0, 0, 0, 0, 0),
(225, 9, 201, 'Footer-midden', 0, 0, 0, 0, 0, 0, 0),
(225, 9, 202, 'Footer-links', 0, 0, 0, 0, 0, 0, 0),
(225, 9, 214, 'Text', 0, 0, 0, 0, 0, 0, 0),
(225, 9, 236, 'Left', 0, 0, 0, 0, 0, 0, 0),
(225, 9, 237, 'Right', 0, 0, 0, 0, 0, 0, 0),
(225, 9, 285, 'Bestuurslid1', 0, 1, 0, 0, 0, 0, 0),
(225, 9, 286, 'Bestuurslid2', 0, 1, 0, 0, 0, 0, 0),
(225, 9, 287, 'Bestuurslid3', 0, 1, 0, 0, 0, 0, 0),
(225, 9, 288, 'Bestuurslid4', 0, 1, 0, 0, 0, 0, 0),
(225, 9, 289, 'Bestuurslid5', 0, 1, 0, 0, 0, 0, 0),
(225, 9, 290, 'Bestuurslid6', 0, 1, 0, 0, 0, 0, 0),
(225, 9, 291, 'Bestuurslid7', 0, 1, 0, 0, 0, 0, 0),
(225, 10, 170, 'Hero', 0, 0, 0, 0, 0, 0, 0),
(225, 10, 201, 'Footer-midden', 0, 0, 0, 0, 0, 0, 0),
(225, 10, 202, 'Footer-links', 0, 0, 0, 0, 0, 0, 0),
(225, 10, 214, 'Text', 0, 0, 0, 0, 0, 0, 0),
(225, 10, 236, 'Left', 0, 0, 0, 0, 0, 0, 0),
(225, 10, 237, 'Right', 0, 0, 0, 0, 0, 0, 0),
(225, 10, 285, 'Bestuurslid1', 0, 0, 0, 0, 0, 0, 0),
(225, 10, 286, 'Bestuurslid2', 0, 0, 0, 0, 0, 0, 0),
(225, 10, 287, 'Bestuurslid3', 0, 0, 0, 0, 0, 0, 0),
(225, 10, 288, 'Bestuurslid4', 0, 0, 0, 0, 0, 0, 0),
(225, 10, 289, 'Bestuurslid5', 0, 0, 0, 0, 0, 0, 0),
(225, 10, 290, 'Bestuurslid6', 0, 0, 0, 0, 0, 0, 0),
(225, 10, 291, 'Bestuurslid7', 0, 0, 0, 0, 0, 0, 0),
(225, 10, 292, 'Bestuur', 0, 1, 0, 0, 0, 0, 0),
(225, 10, 293, 'Gegevens', 0, 1, 0, 0, 0, 0, 0),
(225, 11, 170, 'Hero', 0, 0, 0, 0, 0, 0, 0),
(225, 11, 201, 'Footer-midden', 0, 0, 0, 0, 0, 0, 0),
(225, 11, 202, 'Footer-links', 0, 0, 0, 0, 0, 0, 0),
(225, 11, 214, 'Text', 0, 0, 0, 0, 0, 0, 0),
(225, 11, 236, 'Left', 0, 0, 0, 0, 0, 0, 0),
(225, 11, 237, 'Right', 0, 0, 0, 0, 0, 0, 0),
(225, 11, 285, 'Bestuurslid1', 0, 0, 0, 0, 0, 0, 0),
(225, 11, 286, 'Bestuurslid2', 0, 0, 0, 0, 0, 0, 0),
(225, 11, 287, 'Bestuurslid3', 0, 0, 0, 0, 0, 0, 0),
(225, 11, 288, 'Bestuurslid4', 0, 0, 0, 0, 0, 0, 0),
(225, 11, 289, 'Bestuurslid5', 0, 0, 0, 0, 0, 0, 0),
(225, 11, 290, 'Bestuurslid6', 0, 0, 0, 0, 0, 0, 0),
(225, 11, 291, 'Bestuurslid7', 0, 0, 0, 0, 0, 0, 0),
(225, 11, 293, 'Gegevens', 0, 0, 0, 0, 0, 0, 0),
(225, 11, 296, 'Info', 0, 1, 0, 0, 0, 0, 0),
(225, 12, 170, 'Hero', 0, 0, 0, 0, 0, 0, 0),
(225, 12, 201, 'Footer-midden', 0, 0, 0, 0, 0, 0, 0),
(225, 12, 202, 'Footer-links', 0, 0, 0, 0, 0, 0, 0),
(225, 12, 214, 'Text', 0, 0, 0, 0, 0, 0, 0),
(225, 12, 236, 'Left', 0, 0, 0, 0, 0, 0, 0),
(225, 12, 237, 'Right', 0, 0, 0, 0, 0, 0, 0),
(225, 12, 285, 'Bestuurslid1', 0, 0, 0, 0, 0, 0, 0),
(225, 12, 286, 'Bestuurslid2', 0, 0, 0, 0, 0, 0, 0),
(225, 12, 287, 'Bestuurslid3', 0, 0, 0, 0, 0, 0, 0),
(225, 12, 288, 'Bestuurslid4', 0, 0, 0, 0, 0, 0, 0),
(225, 12, 289, 'Bestuurslid5', 0, 0, 0, 0, 0, 0, 0),
(225, 12, 290, 'Bestuurslid6', 0, 0, 0, 0, 0, 0, 0),
(225, 12, 291, 'Bestuurslid7', 0, 0, 0, 0, 0, 0, 0),
(225, 12, 293, 'Gegevens', 0, 0, 0, 0, 0, 0, 0),
(225, 12, 296, 'Info', 0, 0, 0, 0, 0, 0, 0),
(225, 12, 297, 'Bestuur', 0, 1, 0, 0, 0, 0, 0),
(225, 13, 170, 'Hero', 0, 0, 0, 0, 0, 0, 0),
(225, 13, 201, 'Footer-midden', 0, 0, 0, 0, 0, 0, 0),
(225, 13, 202, 'Footer-links', 0, 0, 0, 0, 0, 0, 0),
(225, 13, 214, 'Text', 0, 0, 0, 0, 0, 0, 0),
(225, 13, 236, 'Left', 0, 0, 0, 0, 0, 0, 0),
(225, 13, 237, 'Right', 0, 0, 0, 0, 0, 0, 0),
(225, 13, 285, 'Bestuurslid1', 0, 0, 0, 0, 0, 0, 0),
(225, 13, 286, 'Bestuurslid2', 0, 0, 0, 0, 0, 0, 0),
(225, 13, 287, 'Bestuurslid3', 0, 0, 0, 0, 0, 0, 0),
(225, 13, 288, 'Bestuurslid4', 0, 0, 0, 0, 0, 0, 0),
(225, 13, 289, 'Bestuurslid5', 0, 0, 0, 0, 0, 0, 0),
(225, 13, 290, 'Bestuurslid6', 0, 0, 0, 0, 0, 0, 0),
(225, 13, 291, 'Bestuurslid7', 0, 0, 0, 0, 0, 0, 0),
(225, 13, 293, 'Gegevens', 0, 0, 0, 0, 0, 0, 0),
(225, 13, 296, 'Info', 0, 0, 0, 0, 0, 0, 0),
(225, 14, 170, 'Hero', 0, 0, 0, 0, 0, 0, 0),
(225, 14, 201, 'Footer-midden', 0, 0, 0, 0, 0, 0, 0),
(225, 14, 202, 'Footer-links', 0, 0, 0, 0, 0, 0, 0),
(225, 14, 214, 'Text', 0, 0, 0, 0, 0, 0, 0),
(225, 14, 236, 'Left', 0, 0, 0, 0, 0, 0, 0),
(225, 14, 237, 'Right', 0, 0, 0, 0, 0, 0, 0),
(225, 14, 286, 'Bestuurslid2', 0, 0, 0, 0, 0, 0, 0),
(225, 14, 287, 'Bestuurslid3', 0, 0, 0, 0, 0, 0, 0),
(225, 14, 288, 'Bestuurslid4', 0, 0, 0, 0, 0, 0, 0),
(225, 14, 289, 'Bestuurslid5', 0, 0, 0, 0, 0, 0, 0),
(225, 14, 290, 'Bestuurslid6', 0, 0, 0, 0, 0, 0, 0),
(225, 14, 291, 'Bestuurslid7', 0, 0, 0, 0, 0, 0, 0),
(225, 14, 293, 'Gegevens', 0, 0, 0, 0, 0, 0, 0),
(225, 14, 296, 'Info', 0, 0, 0, 0, 0, 0, 0),
(225, 15, 170, 'Hero', 0, 0, 0, 0, 0, 0, 0),
(225, 15, 201, 'Footer-midden', 0, 0, 0, 0, 0, 0, 0),
(225, 15, 202, 'Footer-links', 0, 0, 0, 0, 0, 0, 0),
(225, 15, 214, 'Text', 0, 0, 0, 0, 0, 0, 0),
(225, 15, 236, 'Left', 0, 0, 0, 0, 0, 0, 0),
(225, 15, 237, 'Right', 0, 0, 0, 0, 0, 0, 0),
(225, 15, 286, 'Bestuurslid2', 0, 0, 0, 0, 0, 0, 0),
(225, 15, 287, 'Bestuurslid3', 0, 0, 0, 0, 0, 0, 0),
(225, 15, 288, 'Bestuurslid4', 0, 0, 0, 0, 0, 0, 0),
(225, 15, 289, 'Bestuurslid5', 0, 0, 0, 0, 0, 0, 0),
(225, 15, 290, 'Bestuurslid6', 0, 0, 0, 0, 0, 0, 0),
(225, 15, 291, 'Bestuurslid7', 0, 0, 0, 0, 0, 0, 0),
(225, 15, 293, 'Gegevens', 0, 0, 0, 0, 0, 0, 0),
(225, 15, 296, 'Info', 0, 0, 0, 0, 0, 0, 0),
(225, 15, 303, 'Bestuur', 0, 1, 0, 0, 0, 0, 0),
(225, 16, 170, 'Hero', 0, 0, 0, 0, 0, 0, 0),
(225, 16, 201, 'Footer-midden', 0, 0, 0, 0, 0, 0, 0),
(225, 16, 202, 'Footer-links', 0, 0, 0, 0, 0, 0, 0),
(225, 16, 214, 'Text', 0, 0, 0, 0, 0, 0, 0),
(225, 16, 236, 'Left', 0, 0, 0, 0, 0, 0, 0),
(225, 16, 237, 'Right', 0, 0, 0, 0, 0, 0, 0),
(225, 16, 286, 'Bestuurslid2', 0, 0, 0, 0, 0, 0, 0),
(225, 16, 287, 'Bestuurslid3', 0, 0, 0, 0, 0, 0, 0),
(225, 16, 288, 'Bestuurslid4', 0, 0, 0, 0, 0, 0, 0),
(225, 16, 289, 'Bestuurslid5', 0, 0, 0, 0, 0, 0, 0),
(225, 16, 290, 'Bestuurslid6', 0, 0, 0, 0, 0, 0, 0),
(225, 16, 291, 'Bestuurslid7', 0, 0, 0, 0, 0, 0, 0),
(225, 16, 293, 'Gegevens', 0, 0, 0, 0, 0, 0, 0),
(225, 16, 296, 'Info', 0, 0, 0, 0, 0, 0, 0),
(225, 16, 304, 'Bestuur', 0, 1, 0, 0, 0, 0, 0),
(226, 1, 172, 'Hero', 0, 0, 0, 0, 0, 0, 0),
(226, 1, 215, 'Left', 0, 0, 0, 0, 0, 0, 0),
(226, 1, 216, 'Right', 0, 0, 0, 0, 0, 0, 0),
(226, 2, 172, 'Hero', 0, 0, 0, 0, 0, 0, 0),
(226, 2, 215, 'Left', 0, 0, 0, 0, 0, 0, 0),
(226, 2, 216, 'Right', 0, 0, 0, 0, 0, 0, 0),
(227, 1, 172, 'Hero', 0, 0, 0, 0, 0, 0, 0),
(227, 1, 215, 'Left', 0, 0, 0, 0, 0, 0, 0),
(227, 1, 216, 'Right', 0, 0, 0, 0, 0, 0, 0),
(228, 1, 172, 'Hero', 0, 0, 0, 0, 0, 0, 0),
(228, 1, 215, 'Left', 0, 0, 0, 0, 0, 0, 0),
(228, 1, 216, 'Right', 0, 0, 0, 0, 0, 0, 0),
(228, 2, 172, 'Hero', 0, 0, 0, 0, 0, 0, 0),
(228, 2, 238, 'Left', 0, 1, 0, 0, 0, 0, 0),
(228, 2, 239, 'Right', 0, 1, 0, 0, 0, 0, 0),
(228, 3, 172, 'Hero', 0, 0, 0, 0, 0, 0, 0),
(228, 3, 238, 'Left', 0, 0, 0, 0, 0, 0, 0),
(228, 3, 239, 'Right', 0, 0, 0, 0, 0, 0, 0),
(228, 3, 240, 'Form', 0, 1, 0, 0, 0, 0, 0),
(228, 4, 172, 'Hero', 0, 0, 0, 0, 0, 0, 0),
(228, 4, 238, 'Left', 0, 0, 0, 0, 0, 0, 0),
(228, 4, 240, 'Form', 0, 0, 0, 0, 0, 0, 0),
(228, 4, 241, 'Right', 0, 1, 0, 0, 0, 0, 0),
(228, 5, 172, 'Hero', 0, 0, 0, 0, 0, 0, 0),
(228, 5, 238, 'Left', 0, 0, 0, 0, 0, 0, 0),
(228, 5, 240, 'Form', 0, 0, 0, 0, 0, 0, 0),
(228, 5, 241, 'Right', 0, 0, 0, 0, 0, 0, 0),
(228, 5, 306, 'subnav', 0, 1, 0, 0, 0, 0, 0),
(228, 6, 172, 'Hero', 0, 0, 0, 0, 0, 0, 0),
(228, 6, 238, 'Left', 0, 0, 0, 0, 0, 0, 0),
(228, 6, 240, 'Form', 0, 0, 0, 0, 0, 0, 0),
(228, 6, 241, 'Right', 0, 0, 0, 0, 0, 0, 0),
(228, 6, 306, 'subnav', 0, 0, 0, 0, 0, 0, 0),
(229, 1, 170, 'Hero', 0, 0, 0, 0, 0, 0, 0),
(229, 1, 201, 'Footer-midden', 0, 0, 0, 0, 0, 0, 0),
(229, 1, 202, 'Footer-links', 0, 0, 0, 0, 0, 0, 0),
(229, 1, 242, 'Text', 0, 1, 0, 0, 0, 0, 0),
(229, 2, 170, 'Hero', 0, 0, 0, 0, 0, 0, 0),
(229, 2, 201, 'Footer-midden', 0, 0, 0, 0, 0, 0, 0),
(229, 2, 202, 'Footer-links', 0, 0, 0, 0, 0, 0, 0),
(229, 2, 243, 'Text', 0, 1, 0, 0, 0, 0, 0),
(230, 1, 172, 'Hero', 0, 0, 0, 0, 0, 0, 0),
(230, 1, 215, 'Left', 0, 0, 0, 0, 0, 0, 0),
(230, 1, 216, 'Right', 0, 0, 0, 0, 0, 0, 0),
(231, 1, 172, 'Hero', 0, 0, 0, 0, 0, 0, 0),
(231, 1, 215, 'Left', 0, 0, 0, 0, 0, 0, 0),
(231, 1, 216, 'Right', 0, 0, 0, 0, 0, 0, 0),
(231, 2, 172, 'Hero', 0, 0, 0, 0, 0, 0, 0),
(231, 2, 216, 'Right', 0, 0, 0, 0, 0, 0, 0),
(231, 2, 244, 'Left', 0, 1, 0, 0, 0, 0, 0),
(231, 3, 172, 'Hero', 0, 0, 0, 0, 0, 0, 0),
(231, 3, 216, 'Right', 0, 0, 0, 0, 0, 0, 0),
(231, 3, 245, 'Left', 0, 1, 0, 0, 0, 0, 0),
(231, 4, 172, 'Hero', 0, 0, 0, 0, 0, 0, 0),
(231, 4, 245, 'Left', 0, 0, 0, 0, 0, 0, 0),
(231, 4, 246, 'Right', 0, 1, 0, 0, 0, 0, 0),
(231, 5, 172, 'Hero', 0, 0, 0, 0, 0, 0, 0),
(231, 5, 245, 'Left', 0, 0, 0, 0, 0, 0, 0),
(231, 5, 246, 'Right', 0, 0, 0, 0, 0, 0, 0),
(231, 6, 172, 'Hero', 0, 0, 0, 0, 0, 0, 0),
(231, 6, 245, 'Left', 0, 0, 0, 0, 0, 0, 0),
(231, 6, 246, 'Right', 0, 0, 0, 0, 0, 0, 0),
(231, 7, 172, 'Hero', 0, 0, 0, 0, 0, 0, 0),
(231, 7, 246, 'Right', 0, 0, 0, 0, 0, 0, 0),
(231, 7, 328, 'Left', 0, 1, 0, 0, 0, 0, 0),
(234, 1, 170, 'Hero', 0, 0, 0, 0, 0, 0, 0),
(234, 1, 201, 'Footer-midden', 0, 0, 0, 0, 0, 0, 0),
(234, 1, 202, 'Footer-links', 0, 0, 0, 0, 0, 0, 0),
(234, 1, 214, 'Text', 0, 0, 0, 0, 0, 0, 0),
(234, 2, 170, 'Hero', 0, 0, 0, 0, 0, 0, 0),
(234, 2, 201, 'Footer-midden', 0, 0, 0, 0, 0, 0, 0),
(234, 2, 202, 'Footer-links', 0, 0, 0, 0, 0, 0, 0),
(234, 2, 214, 'Text', 0, 0, 0, 0, 0, 0, 0),
(235, 1, 170, 'Hero', 0, 0, 0, 0, 0, 0, 0),
(235, 1, 201, 'Footer-midden', 0, 0, 0, 0, 0, 0, 0),
(235, 1, 202, 'Footer-links', 0, 0, 0, 0, 0, 0, 0),
(235, 1, 214, 'Text', 0, 0, 0, 0, 0, 0, 0),
(235, 2, 170, 'Hero', 0, 0, 0, 0, 0, 0, 0),
(235, 2, 201, 'Footer-midden', 0, 0, 0, 0, 0, 0, 0),
(235, 2, 202, 'Footer-links', 0, 0, 0, 0, 0, 0, 0),
(235, 2, 214, 'Text', 0, 0, 0, 0, 0, 0, 0),
(236, 1, 170, 'Hero', 0, 0, 0, 0, 0, 0, 0),
(236, 1, 201, 'Footer-midden', 0, 0, 0, 0, 0, 0, 0),
(236, 1, 202, 'Footer-links', 0, 0, 0, 0, 0, 0, 0),
(236, 1, 214, 'Text', 0, 0, 0, 0, 0, 0, 0),
(236, 2, 170, 'Hero', 0, 0, 0, 0, 0, 0, 0),
(236, 2, 201, 'Footer-midden', 0, 0, 0, 0, 0, 0, 0),
(236, 2, 202, 'Footer-links', 0, 0, 0, 0, 0, 0, 0),
(236, 2, 214, 'Text', 0, 0, 0, 0, 0, 0, 0),
(236, 3, 170, 'Hero', 0, 0, 0, 0, 0, 0, 0),
(236, 3, 201, 'Footer-midden', 0, 0, 0, 0, 0, 0, 0),
(236, 3, 202, 'Footer-links', 0, 0, 0, 0, 0, 0, 0),
(236, 3, 214, 'Text', 0, 0, 0, 0, 0, 0, 0),
(236, 4, 170, 'Hero', 0, 0, 0, 0, 0, 0, 0),
(236, 4, 201, 'Footer-midden', 0, 0, 0, 0, 0, 0, 0),
(236, 4, 202, 'Footer-links', 0, 0, 0, 0, 0, 0, 0),
(236, 4, 214, 'Text', 0, 0, 0, 0, 0, 0, 0),
(236, 5, 170, 'Hero', 0, 0, 0, 0, 0, 0, 0),
(236, 5, 201, 'Footer-midden', 0, 0, 0, 0, 0, 0, 0),
(236, 5, 202, 'Footer-links', 0, 0, 0, 0, 0, 0, 0),
(236, 5, 322, 'Text', 0, 1, 0, 0, 0, 0, 0),
(237, 1, 170, 'Hero', 0, 0, 0, 0, 0, 0, 0),
(237, 1, 201, 'Footer-midden', 0, 0, 0, 0, 0, 0, 0),
(237, 1, 202, 'Footer-links', 0, 0, 0, 0, 0, 0, 0),
(237, 1, 214, 'Text', 0, 0, 0, 0, 0, 0, 0),
(237, 2, 170, 'Hero', 0, 0, 0, 0, 0, 0, 0),
(237, 2, 201, 'Footer-midden', 0, 0, 0, 0, 0, 0, 0),
(237, 2, 202, 'Footer-links', 0, 0, 0, 0, 0, 0, 0),
(237, 2, 214, 'Text', 0, 0, 0, 0, 0, 0, 0),
(237, 3, 170, 'Hero', 0, 0, 0, 0, 0, 0, 0),
(237, 3, 201, 'Footer-midden', 0, 0, 0, 0, 0, 0, 0),
(237, 3, 202, 'Footer-links', 0, 0, 0, 0, 0, 0, 0),
(237, 3, 214, 'Text', 0, 0, 0, 0, 0, 0, 0),
(237, 4, 170, 'Hero', 0, 0, 0, 0, 0, 0, 0),
(237, 4, 201, 'Footer-midden', 0, 0, 0, 0, 0, 0, 0),
(237, 4, 202, 'Footer-links', 0, 0, 0, 0, 0, 0, 0),
(237, 4, 214, 'Text', 0, 0, 0, 0, 0, 0, 0),
(237, 5, 170, 'Hero', 0, 0, 0, 0, 0, 0, 0),
(237, 5, 201, 'Footer-midden', 0, 0, 0, 0, 0, 0, 0),
(237, 5, 202, 'Footer-links', 0, 0, 0, 0, 0, 0, 0),
(237, 5, 214, 'Text', 0, 0, 0, 0, 0, 0, 0),
(237, 6, 170, 'Hero', 0, 0, 0, 0, 0, 0, 0),
(237, 6, 201, 'Footer-midden', 0, 0, 0, 0, 0, 0, 0),
(237, 6, 202, 'Footer-links', 0, 0, 0, 0, 0, 0, 0),
(237, 6, 311, 'Text', 0, 1, 0, 0, 0, 0, 0),
(237, 7, 170, 'Hero', 0, 0, 0, 0, 0, 0, 0),
(237, 7, 201, 'Footer-midden', 0, 0, 0, 0, 0, 0, 0),
(237, 7, 202, 'Footer-links', 0, 0, 0, 0, 0, 0, 0),
(237, 7, 311, 'Text', 0, 0, 0, 0, 0, 0, 0),
(237, 8, 170, 'Hero', 0, 0, 0, 0, 0, 0, 0),
(237, 8, 201, 'Footer-midden', 0, 0, 0, 0, 0, 0, 0),
(237, 8, 202, 'Footer-links', 0, 0, 0, 0, 0, 0, 0),
(237, 8, 311, 'Text', 0, 0, 0, 0, 0, 0, 0),
(237, 8, 312, 'Left', 0, 1, 0, 0, 0, 0, 0),
(237, 9, 170, 'Hero', 0, 0, 0, 0, 0, 0, 0),
(237, 9, 201, 'Footer-midden', 0, 0, 0, 0, 0, 0, 0),
(237, 9, 202, 'Footer-links', 0, 0, 0, 0, 0, 0, 0),
(237, 9, 311, 'Text', 0, 0, 0, 0, 0, 0, 0),
(237, 9, 312, 'Left', 0, 0, 0, 0, 0, 0, 0),
(237, 9, 313, 'Right', 0, 1, 0, 0, 0, 0, 0),
(237, 10, 170, 'Hero', 0, 0, 0, 0, 0, 0, 0),
(237, 10, 201, 'Footer-midden', 0, 0, 0, 0, 0, 0, 0),
(237, 10, 202, 'Footer-links', 0, 0, 0, 0, 0, 0, 0),
(237, 10, 311, 'Text', 0, 0, 0, 0, 0, 0, 0),
(237, 10, 312, 'Left', 0, 0, 0, 0, 0, 0, 0),
(237, 10, 314, 'Right', 0, 1, 0, 0, 0, 0, 0),
(237, 11, 170, 'Hero', 0, 0, 0, 0, 0, 0, 0),
(237, 11, 201, 'Footer-midden', 0, 0, 0, 0, 0, 0, 0),
(237, 11, 202, 'Footer-links', 0, 0, 0, 0, 0, 0, 0),
(237, 11, 311, 'Text', 0, 0, 0, 0, 0, 0, 0),
(237, 11, 312, 'Left', 0, 0, 0, 0, 0, 0, 0),
(237, 11, 315, 'Right', 0, 1, 0, 0, 0, 0, 0),
(237, 12, 170, 'Hero', 0, 0, 0, 0, 0, 0, 0),
(237, 12, 201, 'Footer-midden', 0, 0, 0, 0, 0, 0, 0),
(237, 12, 202, 'Footer-links', 0, 0, 0, 0, 0, 0, 0),
(237, 12, 311, 'Text', 0, 0, 0, 0, 0, 0, 0),
(237, 12, 312, 'Left', 0, 0, 0, 0, 0, 0, 0),
(237, 12, 316, 'Right', 0, 1, 0, 0, 0, 0, 0),
(237, 13, 170, 'Hero', 0, 0, 0, 0, 0, 0, 0),
(237, 13, 201, 'Footer-midden', 0, 0, 0, 0, 0, 0, 0),
(237, 13, 202, 'Footer-links', 0, 0, 0, 0, 0, 0, 0),
(237, 13, 311, 'Text', 0, 0, 0, 0, 0, 0, 0),
(237, 13, 312, 'Left', 0, 0, 0, 0, 0, 0, 0),
(237, 13, 317, 'Right', 0, 1, 0, 0, 0, 0, 0),
(239, 1, 170, 'Hero', 0, 0, 0, 0, 0, 0, 0),
(239, 1, 201, 'Footer-midden', 0, 0, 0, 0, 0, 0, 0),
(239, 1, 202, 'Footer-links', 0, 0, 0, 0, 0, 0, 0),
(239, 1, 214, 'Text', 0, 0, 0, 0, 0, 0, 0),
(239, 2, 170, 'Hero', 0, 0, 0, 0, 0, 0, 0),
(239, 2, 201, 'Footer-midden', 0, 0, 0, 0, 0, 0, 0),
(239, 2, 202, 'Footer-links', 0, 0, 0, 0, 0, 0, 0),
(239, 2, 214, 'Text', 0, 0, 0, 0, 0, 0, 0),
(239, 3, 170, 'Hero', 0, 0, 0, 0, 0, 0, 0),
(239, 3, 201, 'Footer-midden', 0, 0, 0, 0, 0, 0, 0),
(239, 3, 202, 'Footer-links', 0, 0, 0, 0, 0, 0, 0),
(239, 3, 214, 'Text', 0, 0, 0, 0, 0, 0, 0),
(239, 4, 170, 'Hero', 0, 0, 0, 0, 0, 0, 0),
(239, 4, 201, 'Footer-midden', 0, 0, 0, 0, 0, 0, 0),
(239, 4, 202, 'Footer-links', 0, 0, 0, 0, 0, 0, 0),
(239, 4, 214, 'Text', 0, 0, 0, 0, 0, 0, 0),
(240, 1, 170, 'Hero', 0, 0, 0, 0, 0, 0, 0),
(240, 1, 201, 'Footer-midden', 0, 0, 0, 0, 0, 0, 0),
(240, 1, 202, 'Footer-links', 0, 0, 0, 0, 0, 0, 0),
(240, 1, 214, 'Text', 0, 0, 0, 0, 0, 0, 0),
(240, 2, 170, 'Hero', 0, 0, 0, 0, 0, 0, 0),
(240, 2, 201, 'Footer-midden', 0, 0, 0, 0, 0, 0, 0),
(240, 2, 202, 'Footer-links', 0, 0, 0, 0, 0, 0, 0),
(240, 2, 214, 'Text', 0, 0, 0, 0, 0, 0, 0),
(240, 3, 170, 'Hero', 0, 0, 0, 0, 0, 0, 0),
(240, 3, 201, 'Footer-midden', 0, 0, 0, 0, 0, 0, 0),
(240, 3, 202, 'Footer-links', 0, 0, 0, 0, 0, 0, 0),
(240, 3, 214, 'Text', 0, 0, 0, 0, 0, 0, 0),
(241, 1, 170, 'Hero', 0, 0, 0, 0, 0, 0, 0),
(241, 1, 201, 'Footer-midden', 0, 0, 0, 0, 0, 0, 0),
(241, 1, 202, 'Footer-links', 0, 0, 0, 0, 0, 0, 0),
(241, 1, 214, 'Text', 0, 0, 0, 0, 0, 0, 0),
(241, 2, 170, 'Hero', 0, 0, 0, 0, 0, 0, 0),
(241, 2, 201, 'Footer-midden', 0, 0, 0, 0, 0, 0, 0),
(241, 2, 202, 'Footer-links', 0, 0, 0, 0, 0, 0, 0),
(241, 2, 214, 'Text', 0, 0, 0, 0, 0, 0, 0),
(241, 3, 170, 'Hero', 0, 0, 0, 0, 0, 0, 0),
(241, 3, 201, 'Footer-midden', 0, 0, 0, 0, 0, 0, 0),
(241, 3, 202, 'Footer-links', 0, 0, 0, 0, 0, 0, 0),
(241, 3, 214, 'Text', 0, 0, 0, 0, 0, 0, 0),
(242, 1, 170, 'Hero', 0, 0, 0, 0, 0, 0, 0),
(242, 1, 201, 'Footer-midden', 0, 0, 0, 0, 0, 0, 0),
(242, 1, 202, 'Footer-links', 0, 0, 0, 0, 0, 0, 0),
(242, 1, 214, 'Text', 0, 0, 0, 0, 0, 0, 0),
(242, 2, 170, 'Hero', 0, 0, 0, 0, 0, 0, 0),
(242, 2, 201, 'Footer-midden', 0, 0, 0, 0, 0, 0, 0),
(242, 2, 202, 'Footer-links', 0, 0, 0, 0, 0, 0, 0),
(242, 2, 214, 'Text', 0, 0, 0, 0, 0, 0, 0),
(242, 3, 170, 'Hero', 0, 0, 0, 0, 0, 0, 0),
(242, 3, 201, 'Footer-midden', 0, 0, 0, 0, 0, 0, 0),
(242, 3, 202, 'Footer-links', 0, 0, 0, 0, 0, 0, 0),
(242, 3, 214, 'Text', 0, 0, 0, 0, 0, 0, 0),
(243, 1, 170, 'Hero', 0, 0, 0, 0, 0, 0, 0),
(243, 1, 201, 'Footer-midden', 0, 0, 0, 0, 0, 0, 0),
(243, 1, 202, 'Footer-links', 0, 0, 0, 0, 0, 0, 0),
(243, 1, 214, 'Text', 0, 0, 0, 0, 0, 0, 0),
(243, 2, 170, 'Hero', 0, 0, 0, 0, 0, 0, 0),
(243, 2, 201, 'Footer-midden', 0, 0, 0, 0, 0, 0, 0),
(243, 2, 202, 'Footer-links', 0, 0, 0, 0, 0, 0, 0),
(243, 2, 214, 'Text', 0, 0, 0, 0, 0, 0, 0),
(243, 3, 170, 'Hero', 0, 0, 0, 0, 0, 0, 0),
(243, 3, 201, 'Footer-midden', 0, 0, 0, 0, 0, 0, 0),
(243, 3, 202, 'Footer-links', 0, 0, 0, 0, 0, 0, 0),
(243, 3, 214, 'Text', 0, 0, 0, 0, 0, 0, 0),
(244, 1, 170, 'Hero', 0, 0, 0, 0, 0, 0, 0),
(244, 1, 201, 'Footer-midden', 0, 0, 0, 0, 0, 0, 0),
(244, 1, 202, 'Footer-links', 0, 0, 0, 0, 0, 0, 0),
(244, 1, 214, 'Text', 0, 0, 0, 0, 0, 0, 0),
(244, 2, 170, 'Hero', 0, 0, 0, 0, 0, 0, 0),
(244, 2, 201, 'Footer-midden', 0, 0, 0, 0, 0, 0, 0),
(244, 2, 202, 'Footer-links', 0, 0, 0, 0, 0, 0, 0),
(244, 2, 214, 'Text', 0, 0, 0, 0, 0, 0, 0),
(244, 3, 170, 'Hero', 0, 0, 0, 0, 0, 0, 0),
(244, 3, 201, 'Footer-midden', 0, 0, 0, 0, 0, 0, 0),
(244, 3, 202, 'Footer-links', 0, 0, 0, 0, 0, 0, 0),
(244, 3, 214, 'Text', 0, 0, 0, 0, 0, 0, 0),
(245, 1, 170, 'Hero', 0, 0, 0, 0, 0, 0, 0),
(245, 1, 201, 'Footer-midden', 0, 0, 0, 0, 0, 0, 0),
(245, 1, 202, 'Footer-links', 0, 0, 0, 0, 0, 0, 0),
(245, 1, 214, 'Text', 0, 0, 0, 0, 0, 0, 0),
(245, 2, 170, 'Hero', 0, 0, 0, 0, 0, 0, 0),
(245, 2, 201, 'Footer-midden', 0, 0, 0, 0, 0, 0, 0),
(245, 2, 202, 'Footer-links', 0, 0, 0, 0, 0, 0, 0),
(245, 2, 214, 'Text', 0, 0, 0, 0, 0, 0, 0),
(245, 3, 170, 'Hero', 0, 0, 0, 0, 0, 0, 0),
(245, 3, 201, 'Footer-midden', 0, 0, 0, 0, 0, 0, 0),
(245, 3, 202, 'Footer-links', 0, 0, 0, 0, 0, 0, 0),
(245, 3, 214, 'Text', 0, 0, 0, 0, 0, 0, 0),
(246, 1, 172, 'Hero', 0, 0, 0, 0, 0, 0, 0),
(246, 1, 215, 'Left', 0, 0, 0, 0, 0, 0, 0),
(246, 1, 216, 'Right', 0, 0, 0, 0, 0, 0, 0),
(246, 2, 172, 'Hero', 0, 0, 0, 0, 0, 0, 0),
(246, 2, 215, 'Left', 0, 0, 0, 0, 0, 0, 0),
(246, 2, 216, 'Right', 0, 0, 0, 0, 0, 0, 0),
(246, 3, 172, 'Hero', 0, 0, 0, 0, 0, 0, 0),
(246, 3, 216, 'Right', 0, 0, 0, 0, 0, 0, 0),
(246, 3, 323, 'Left', 0, 1, 0, 0, 0, 0, 0),
(246, 4, 172, 'Hero', 0, 0, 0, 0, 0, 0, 0),
(246, 4, 323, 'Left', 0, 0, 0, 0, 0, 0, 0),
(246, 4, 324, 'Right', 0, 1, 0, 0, 0, 0, 0),
(247, 1, 170, 'Hero', 0, 0, 0, 0, 0, 0, 0),
(247, 1, 201, 'Footer-midden', 0, 0, 0, 0, 0, 0, 0),
(247, 1, 202, 'Footer-links', 0, 0, 0, 0, 0, 0, 0),
(247, 1, 214, 'Text', 0, 0, 0, 0, 0, 0, 0),
(247, 2, 170, 'Hero', 0, 0, 0, 0, 0, 0, 0),
(247, 2, 201, 'Footer-midden', 0, 0, 0, 0, 0, 0, 0),
(247, 2, 202, 'Footer-links', 0, 0, 0, 0, 0, 0, 0),
(247, 2, 214, 'Text', 0, 0, 0, 0, 0, 0, 0),
(247, 3, 170, 'Hero', 0, 0, 0, 0, 0, 0, 0),
(247, 3, 201, 'Footer-midden', 0, 0, 0, 0, 0, 0, 0),
(247, 3, 202, 'Footer-links', 0, 0, 0, 0, 0, 0, 0),
(247, 3, 214, 'Text', 0, 0, 0, 0, 0, 0, 0),
(247, 4, 170, 'Hero', 0, 0, 0, 0, 0, 0, 0),
(247, 4, 201, 'Footer-midden', 0, 0, 0, 0, 0, 0, 0),
(247, 4, 202, 'Footer-links', 0, 0, 0, 0, 0, 0, 0),
(247, 4, 214, 'Text', 0, 0, 0, 0, 0, 0, 0),
(247, 4, 325, 'Left', 0, 1, 0, 0, 0, 0, 0),
(247, 4, 326, 'Right', 0, 1, 0, 0, 0, 0, 0),
(247, 4, 327, 'Form', 0, 1, 0, 0, 0, 0, 0),
(249, 1, 170, 'Hero', 0, 0, 0, 0, 0, 0, 0),
(249, 1, 201, 'Footer-midden', 0, 0, 0, 0, 0, 0, 0),
(249, 1, 202, 'Footer-links', 0, 0, 0, 0, 0, 0, 0),
(249, 1, 318, 'Text', 0, 1, 0, 0, 0, 0, 0),
(249, 1, 319, 'Blokken', 0, 1, 0, 0, 0, 0, 0),
(249, 2, 170, 'Hero', 0, 0, 0, 0, 0, 0, 0),
(249, 2, 201, 'Footer-midden', 0, 0, 0, 0, 0, 0, 0),
(249, 2, 202, 'Footer-links', 0, 0, 0, 0, 0, 0, 0),
(249, 2, 318, 'Text', 0, 0, 0, 0, 0, 0, 0),
(249, 2, 319, 'Blokken', 0, 0, 0, 0, 0, 0, 0),
(250, 1, 170, 'Hero', 0, 0, 0, 0, 0, 0, 0),
(250, 1, 201, 'Footer-midden', 0, 0, 0, 0, 0, 0, 0),
(250, 1, 202, 'Footer-links', 0, 0, 0, 0, 0, 0, 0),
(250, 1, 320, 'Text', 0, 1, 0, 0, 0, 0, 0),
(250, 1, 321, 'Blokken', 0, 1, 0, 0, 0, 0, 0),
(250, 2, 170, 'Hero', 0, 0, 0, 0, 0, 0, 0),
(250, 2, 201, 'Footer-midden', 0, 0, 0, 0, 0, 0, 0),
(250, 2, 202, 'Footer-links', 0, 0, 0, 0, 0, 0, 0),
(250, 2, 320, 'Text', 0, 0, 0, 0, 0, 0, 0),
(250, 2, 321, 'Blokken', 0, 0, 0, 0, 0, 0, 0);

-- --------------------------------------------------------

--
-- Tabelstructuur voor tabel `CollectionVersionBlocksCacheSettings`
--

CREATE TABLE `CollectionVersionBlocksCacheSettings` (
  `cID` int(10) UNSIGNED NOT NULL DEFAULT '0',
  `cvID` int(10) UNSIGNED NOT NULL DEFAULT '1',
  `bID` int(10) UNSIGNED NOT NULL DEFAULT '0',
  `arHandle` varchar(255) COLLATE utf8_unicode_ci NOT NULL,
  `btCacheBlockOutput` tinyint(1) NOT NULL DEFAULT '0',
  `btCacheBlockOutputOnPost` tinyint(1) NOT NULL DEFAULT '0',
  `btCacheBlockOutputForRegisteredUsers` tinyint(1) NOT NULL DEFAULT '0',
  `btCacheBlockOutputLifetime` int(10) UNSIGNED NOT NULL DEFAULT '0'
) ENGINE=InnoDB DEFAULT CHARSET=utf8 COLLATE=utf8_unicode_ci;

--
-- Gegevens worden geëxporteerd voor tabel `CollectionVersionBlocksCacheSettings`
--

INSERT INTO `CollectionVersionBlocksCacheSettings` (`cID`, `cvID`, `bID`, `arHandle`, `btCacheBlockOutput`, `btCacheBlockOutputOnPost`, `btCacheBlockOutputForRegisteredUsers`, `btCacheBlockOutputLifetime`) VALUES
(150, 1, 48, 'Main', 1, 1, 1, 3600);

-- --------------------------------------------------------

--
-- Tabelstructuur voor tabel `CollectionVersionBlocksOutputCache`
--

CREATE TABLE `CollectionVersionBlocksOutputCache` (
  `cID` int(10) UNSIGNED NOT NULL DEFAULT '0',
  `cvID` int(10) UNSIGNED NOT NULL DEFAULT '1',
  `bID` int(10) UNSIGNED NOT NULL DEFAULT '0',
  `arHandle` varchar(255) COLLATE utf8_unicode_ci NOT NULL,
  `btCachedBlockOutput` longtext COLLATE utf8_unicode_ci,
  `btCachedBlockOutputExpires` int(10) UNSIGNED NOT NULL DEFAULT '0'
) ENGINE=InnoDB DEFAULT CHARSET=utf8 COLLATE=utf8_unicode_ci;

--
-- Gegevens worden geëxporteerd voor tabel `CollectionVersionBlocksOutputCache`
--

INSERT INTO `CollectionVersionBlocksOutputCache` (`cID`, `cvID`, `bID`, `arHandle`, `btCachedBlockOutput`, `btCachedBlockOutputExpires`) VALUES
(1, 25, 180, 'Quote', '<img src="/application/files/5914/8783/9164/Quote_AKF_2.jpg" alt="Quote" width="323" height="180" class="ccm-image-block img-responsive bID-180" title="Quote">\n', 1645957229),
(1, 26, 173, 'banner', '<div style="background-image: url(/application/files/5414/8777/0879/Stoergelukkig.jpg); background-position: center; background-repeat: no-repeat; background-size: contain;"></div>\r\n', 1645969330),
(1, 26, 180, 'Quote', '<img src="/application/files/5914/8783/9164/Quote_AKF_2.jpg" alt="Quote" width="323" height="180" class="ccm-image-block img-responsive bID-180" title="Quote">\n', 1645968560),
(1, 27, 180, 'Quote', '<img src="/application/files/5914/8783/9164/Quote_AKF_2.jpg" alt="Quote" width="323" height="180" class="ccm-image-block img-responsive bID-180" title="Quote">\n', 1645972849),
(203, 26, 299, 'Bottom right', '<a class="blokken--image" href="http://aartsenfruit-kids-foundation.dev/afk/terugblik"><div class="blokken--wrapper"><img src="/application/files/2714/8793/6949/28.jpg" alt="Terugblik" width="608" height="385" class="ccm-image-block img-responsive bID-299" title="Terugblik"><div class="blokken--title--link">\r\n            <div class="blokken--tekst">\r\n              <div class="blokken--title">\r\n                Terugblik\r\n              </div>\r\n            </div>\r\n          </div>\r\n        </div></a>\r\n<script>\r\n$(function() {\r\n    $(''.bID-299'')\r\n        .mouseover(function(e){$(this).attr("src", ''/application/files/1814/8794/5272/28_hover.jpg'');})\r\n        .mouseout(function(e){$(this).attr("src", ''/application/files/2714/8793/6949/28.jpg'');});\r\n});\r\n</script>\r\n', 1645959367),
(203, 26, 300, 'Bottom left', '<a class="blokken--image" href="http://aartsenfruit-kids-foundation.dev/afk/hoe-het-begon"><div class="blokken--wrapper"><img src="/application/files/1714/8793/6948/263.jpg" alt="Hoe het begon" width="592" height="385" class="ccm-image-block img-responsive bID-300" title="Hoe het begon"><div class="blokken--title--link">\r\n            <div class="blokken--tekst">\r\n              <div class="blokken--title">\r\n                Hoe het begon\r\n              </div>\r\n            </div>\r\n          </div>\r\n        </div></a>\r\n<script>\r\n$(function() {\r\n    $(''.bID-300'')\r\n        .mouseover(function(e){$(this).attr("src", ''/application/files/1514/8794/5270/263_hover.jpg'');})\r\n        .mouseout(function(e){$(this).attr("src", ''/application/files/1714/8793/6948/263.jpg'');});\r\n});\r\n</script>\r\n', 1645959367),
(203, 26, 301, 'Top left', '<a class="blokken--image" href="http://aartsenfruit-kids-foundation.dev/application/files/4914/8793/7028/Jaarrekening_2015-2016_St_Aartsenfruit_Kids_Foundation.pdf"><div class="blokken--wrapper"><img src="/application/files/5114/8793/6950/27.jpg" alt="Financieel overzicht" width="596" height="385" class="ccm-image-block img-responsive bID-301" title="Financieel overzicht"><div class="blokken--title--link">\r\n            <div class="blokken--tekst">\r\n              <div class="blokken--title">\r\n                Financieel overzicht\r\n              </div>\r\n            </div>\r\n          </div>\r\n        </div></a>\r\n<script>\r\n$(function() {\r\n    $(''.bID-301'')\r\n        .mouseover(function(e){$(this).attr("src", ''/application/files/5314/8794/5271/27_hover.jpg'');})\r\n        .mouseout(function(e){$(this).attr("src", ''/application/files/5114/8793/6950/27.jpg'');});\r\n});\r\n</script>\r\n', 1645959367),
(203, 26, 302, 'Top right', '<a class="blokken--image" href="http://aartsenfruit-kids-foundation.dev/application/files/9414/8793/7028/Beleidsplan-AKF.pdf"><div class="blokken--wrapper"><img src="/application/files/4814/8793/6950/203.jpg" alt="Beleidsplan" width="600" height="385" class="ccm-image-block img-responsive bID-302" title="Beleidsplan"><div class="blokken--title--link">\r\n            <div class="blokken--tekst">\r\n              <div class="blokken--title">\r\n                Beleidsplan\r\n              </div>\r\n            </div>\r\n          </div>\r\n        </div></a>\r\n<script>\r\n$(function() {\r\n    $(''.bID-302'')\r\n        .mouseover(function(e){$(this).attr("src", ''/application/files/9214/8794/5271/203_hover.jpg'');})\r\n        .mouseout(function(e){$(this).attr("src", ''/application/files/4814/8793/6950/203.jpg'');});\r\n});\r\n</script>\r\n', 1645959367),
(246, 4, 324, 'Right', '<img src="/application/files/4714/8786/0233/Quote_AKF_1.jpg" alt="" width="323" height="180" class="ccm-image-block img-responsive bID-324">\n', 1645972329),
(249, 1, 319, 'Blokken', '<img src="/application/files/5814/8820/5592/261.jpg" alt="" width="800" height="385" class="ccm-image-block img-responsive bID-319">\n', 1645972002),
(250, 1, 321, 'Blokken', '<img src="/application/files/4514/8820/5698/260.jpg" alt="" width="800" height="385" class="ccm-image-block img-responsive bID-321">\n', 1645972105);

-- --------------------------------------------------------

--
-- Tabelstructuur voor tabel `CollectionVersionBlockStyles`
--

CREATE TABLE `CollectionVersionBlockStyles` (
  `cID` int(10) UNSIGNED NOT NULL DEFAULT '0',
  `cvID` int(10) UNSIGNED NOT NULL DEFAULT '0',
  `bID` int(10) UNSIGNED NOT NULL DEFAULT '0',
  `arHandle` varchar(255) COLLATE utf8_unicode_ci NOT NULL,
  `issID` int(10) UNSIGNED NOT NULL DEFAULT '0'
) ENGINE=InnoDB DEFAULT CHARSET=utf8 COLLATE=utf8_unicode_ci;

--
-- Gegevens worden geëxporteerd voor tabel `CollectionVersionBlockStyles`
--

INSERT INTO `CollectionVersionBlockStyles` (`cID`, `cvID`, `bID`, `arHandle`, `issID`) VALUES
(170, 1, 11, 'Sidebar', 1),
(171, 1, 11, 'Sidebar', 1),
(172, 1, 11, 'Sidebar', 1),
(173, 1, 11, 'Sidebar', 1),
(170, 1, 12, 'Sidebar', 2),
(171, 1, 12, 'Sidebar', 2),
(172, 1, 12, 'Sidebar', 2),
(173, 1, 12, 'Sidebar', 2),
(177, 1, 18, 'Sidebar', 3),
(178, 1, 18, 'Sidebar', 3),
(179, 1, 18, 'Sidebar', 3),
(158, 1, 37, 'Main : 1', 4),
(159, 1, 37, 'Main : 1', 4),
(158, 1, 38, 'Main : 2', 5),
(159, 1, 38, 'Main : 2', 5),
(158, 1, 39, 'Main : 2', 6),
(159, 1, 39, 'Main : 2', 6),
(155, 1, 41, 'Main', 7),
(156, 1, 41, 'Main', 7),
(1, 1, 53, 'Main : 3', 8),
(1, 2, 53, 'Main : 3', 8),
(1, 3, 53, 'Main : 3', 8),
(1, 4, 53, 'Main : 3', 8),
(1, 5, 53, 'Main : 3', 8),
(1, 6, 53, 'Main : 3', 8),
(1, 7, 53, 'Main : 3', 8),
(1, 8, 53, 'Main : 3', 8),
(1, 9, 53, 'Main : 3', 8),
(1, 10, 53, 'Main : 3', 8),
(1, 11, 53, 'Main : 3', 8),
(1, 12, 53, 'Main : 3', 8),
(1, 13, 53, 'Main : 3', 8),
(1, 14, 53, 'Main : 3', 8),
(1, 15, 53, 'Main : 3', 8),
(1, 16, 53, 'Main : 3', 8),
(1, 17, 53, 'Main : 3', 8),
(1, 18, 53, 'Main : 3', 8),
(1, 19, 53, 'Main : 3', 8),
(1, 20, 53, 'Main : 3', 8),
(1, 21, 53, 'Main : 3', 8),
(1, 22, 53, 'Main : 3', 8),
(1, 23, 53, 'Main : 3', 8),
(1, 24, 53, 'Main : 3', 8),
(1, 25, 53, 'Main : 3', 8),
(1, 26, 53, 'Main : 3', 8),
(1, 27, 53, 'Main : 3', 8),
(1, 1, 54, 'Main : 4', 9),
(1, 2, 54, 'Main : 4', 9),
(1, 3, 54, 'Main : 4', 9),
(1, 4, 54, 'Main : 4', 9),
(1, 5, 54, 'Main : 4', 9),
(1, 6, 54, 'Main : 4', 9),
(1, 7, 54, 'Main : 4', 9),
(1, 8, 54, 'Main : 4', 9),
(1, 9, 54, 'Main : 4', 9),
(1, 10, 54, 'Main : 4', 9),
(1, 11, 54, 'Main : 4', 9),
(1, 12, 54, 'Main : 4', 9),
(1, 13, 54, 'Main : 4', 9),
(1, 14, 54, 'Main : 4', 9),
(1, 15, 54, 'Main : 4', 9),
(1, 16, 54, 'Main : 4', 9),
(1, 17, 54, 'Main : 4', 9),
(1, 18, 54, 'Main : 4', 9),
(1, 19, 54, 'Main : 4', 9),
(1, 20, 54, 'Main : 4', 9),
(1, 21, 54, 'Main : 4', 9),
(1, 22, 54, 'Main : 4', 9),
(1, 23, 54, 'Main : 4', 9),
(1, 24, 54, 'Main : 4', 9),
(1, 25, 54, 'Main : 4', 9),
(1, 26, 54, 'Main : 4', 9),
(1, 27, 54, 'Main : 4', 9),
(1, 1, 55, 'Main : 5', 10),
(1, 2, 55, 'Main : 5', 10),
(1, 3, 55, 'Main : 5', 10),
(1, 4, 55, 'Main : 5', 10),
(1, 5, 55, 'Main : 5', 10),
(1, 6, 55, 'Main : 5', 10),
(1, 7, 55, 'Main : 5', 10),
(1, 8, 55, 'Main : 5', 10),
(1, 9, 55, 'Main : 5', 10),
(1, 10, 55, 'Main : 5', 10),
(1, 11, 55, 'Main : 5', 10),
(1, 12, 55, 'Main : 5', 10),
(1, 13, 55, 'Main : 5', 10),
(1, 14, 55, 'Main : 5', 10),
(1, 15, 55, 'Main : 5', 10),
(1, 16, 55, 'Main : 5', 10),
(1, 17, 55, 'Main : 5', 10),
(1, 18, 55, 'Main : 5', 10),
(1, 19, 55, 'Main : 5', 10),
(1, 20, 55, 'Main : 5', 10),
(1, 21, 55, 'Main : 5', 10),
(1, 22, 55, 'Main : 5', 10),
(1, 23, 55, 'Main : 5', 10),
(1, 24, 55, 'Main : 5', 10),
(1, 25, 55, 'Main : 5', 10),
(1, 26, 55, 'Main : 5', 10),
(1, 27, 55, 'Main : 5', 10),
(1, 1, 57, 'Main', 11),
(1, 2, 57, 'Main', 11),
(1, 3, 57, 'Main', 11),
(1, 4, 57, 'Main', 11),
(1, 5, 57, 'Main', 11),
(1, 6, 57, 'Main', 11),
(1, 7, 57, 'Main', 11),
(1, 8, 57, 'Main', 11),
(1, 9, 57, 'Main', 11),
(1, 10, 57, 'Main', 11),
(1, 11, 57, 'Main', 11),
(1, 12, 57, 'Main', 11),
(1, 13, 57, 'Main', 11),
(1, 14, 57, 'Main', 11),
(1, 15, 57, 'Main', 11),
(1, 16, 57, 'Main', 11),
(1, 17, 57, 'Main', 11),
(1, 18, 57, 'Main', 11),
(1, 19, 57, 'Main', 11),
(1, 20, 57, 'Main', 11),
(1, 21, 57, 'Main', 11),
(1, 22, 57, 'Main', 11),
(1, 23, 57, 'Main', 11),
(1, 24, 57, 'Main', 11),
(1, 25, 57, 'Main', 11),
(1, 26, 57, 'Main', 11),
(1, 27, 57, 'Main', 11),
(1, 1, 64, 'Main : 8', 12),
(1, 2, 64, 'Main : 8', 12),
(1, 3, 64, 'Main : 8', 12),
(1, 4, 64, 'Main : 8', 12),
(1, 5, 64, 'Main : 8', 12),
(1, 6, 64, 'Main : 8', 12),
(1, 7, 64, 'Main : 8', 12),
(1, 8, 64, 'Main : 8', 12),
(1, 9, 64, 'Main : 8', 12),
(1, 10, 64, 'Main : 8', 12),
(1, 11, 64, 'Main : 8', 12),
(1, 12, 64, 'Main : 8', 12),
(1, 13, 64, 'Main : 8', 12),
(1, 14, 64, 'Main : 8', 12),
(1, 15, 64, 'Main : 8', 12),
(1, 16, 64, 'Main : 8', 12),
(1, 17, 64, 'Main : 8', 12),
(1, 18, 64, 'Main : 8', 12),
(1, 19, 64, 'Main : 8', 12),
(1, 20, 64, 'Main : 8', 12),
(1, 21, 64, 'Main : 8', 12),
(1, 22, 64, 'Main : 8', 12),
(1, 23, 64, 'Main : 8', 12),
(1, 24, 64, 'Main : 8', 12),
(1, 25, 64, 'Main : 8', 12),
(1, 26, 64, 'Main : 8', 12),
(1, 27, 64, 'Main : 8', 12),
(1, 1, 65, 'Main : 9', 13),
(1, 2, 65, 'Main : 9', 13),
(1, 3, 65, 'Main : 9', 13),
(1, 4, 65, 'Main : 9', 13),
(1, 5, 65, 'Main : 9', 13),
(1, 6, 65, 'Main : 9', 13),
(1, 7, 65, 'Main : 9', 13),
(1, 8, 65, 'Main : 9', 13),
(1, 9, 65, 'Main : 9', 13),
(1, 10, 65, 'Main : 9', 13),
(1, 11, 65, 'Main : 9', 13),
(1, 12, 65, 'Main : 9', 13),
(1, 13, 65, 'Main : 9', 13),
(1, 14, 65, 'Main : 9', 13),
(1, 15, 65, 'Main : 9', 13),
(1, 16, 65, 'Main : 9', 13),
(1, 17, 65, 'Main : 9', 13),
(1, 18, 65, 'Main : 9', 13),
(1, 19, 65, 'Main : 9', 13),
(1, 20, 65, 'Main : 9', 13),
(1, 21, 65, 'Main : 9', 13),
(1, 22, 65, 'Main : 9', 13),
(1, 23, 65, 'Main : 9', 13),
(1, 24, 65, 'Main : 9', 13),
(1, 25, 65, 'Main : 9', 13),
(1, 26, 65, 'Main : 9', 13),
(1, 27, 65, 'Main : 9', 13),
(157, 1, 98, 'Main : 19', 16),
(157, 1, 99, 'Main : 20', 17),
(157, 1, 102, 'Main : 21', 18),
(157, 1, 103, 'Main : 21', 19),
(157, 1, 104, 'Main : 22', 20),
(157, 1, 105, 'Main : 22', 21),
(157, 1, 106, 'Main : 23', 22),
(157, 1, 107, 'Main : 23', 23),
(157, 1, 110, 'Main : 24', 24),
(161, 1, 125, 'Main : 28', 25),
(174, 1, 143, 'Main : 35', 26),
(175, 1, 158, 'Main : 41', 27);

-- --------------------------------------------------------

--
-- Tabelstructuur voor tabel `CollectionVersionFeatureAssignments`
--

CREATE TABLE `CollectionVersionFeatureAssignments` (
  `cID` int(10) UNSIGNED NOT NULL DEFAULT '0',
  `cvID` int(10) UNSIGNED NOT NULL DEFAULT '1',
  `faID` int(10) UNSIGNED NOT NULL DEFAULT '0'
) ENGINE=InnoDB DEFAULT CHARSET=utf8 COLLATE=utf8_unicode_ci;

--
-- Gegevens worden geëxporteerd voor tabel `CollectionVersionFeatureAssignments`
--

INSERT INTO `CollectionVersionFeatureAssignments` (`cID`, `cvID`, `faID`) VALUES
(1, 3, 11),
(1, 4, 11),
(1, 5, 11),
(1, 6, 12),
(1, 7, 12),
(1, 8, 12),
(1, 8, 19),
(1, 9, 12),
(1, 9, 19),
(1, 10, 12),
(1, 10, 19),
(1, 11, 12),
(1, 11, 19),
(1, 12, 12),
(1, 12, 19),
(1, 13, 12),
(1, 13, 19),
(1, 14, 12),
(1, 14, 19),
(1, 14, 20),
(1, 15, 12),
(1, 15, 19),
(1, 15, 20),
(1, 16, 12),
(1, 16, 19),
(1, 16, 20),
(1, 17, 12),
(1, 17, 19),
(1, 17, 20),
(1, 18, 12),
(1, 18, 19),
(1, 18, 20),
(1, 19, 12),
(1, 19, 19),
(1, 19, 20),
(1, 20, 12),
(1, 20, 19),
(1, 20, 20),
(1, 21, 12),
(1, 21, 19),
(1, 21, 20),
(1, 22, 12),
(1, 22, 19),
(1, 22, 20),
(1, 23, 12),
(1, 23, 19),
(1, 23, 20),
(1, 24, 12),
(1, 24, 19),
(1, 24, 20),
(1, 25, 12),
(1, 25, 19),
(1, 25, 20),
(1, 26, 12),
(1, 26, 19),
(1, 26, 20),
(1, 27, 12),
(1, 27, 19),
(1, 27, 20),
(153, 1, 17),
(157, 1, 2),
(161, 1, 6),
(170, 1, 1),
(171, 1, 3),
(172, 1, 4),
(173, 1, 5),
(174, 1, 7),
(174, 1, 8),
(174, 1, 9),
(175, 1, 10),
(180, 1, 15),
(201, 1, 18),
(202, 1, 16),
(203, 2, 14),
(203, 3, 14),
(203, 4, 14),
(203, 5, 14),
(203, 6, 14),
(203, 6, 21),
(203, 7, 14),
(203, 7, 21),
(203, 8, 14),
(203, 9, 14),
(203, 10, 14),
(203, 11, 14),
(203, 12, 14),
(203, 13, 14),
(203, 14, 14),
(203, 15, 14),
(203, 16, 14),
(203, 16, 22),
(203, 17, 14),
(203, 17, 23),
(203, 17, 24),
(203, 18, 14),
(203, 18, 23),
(203, 18, 24),
(203, 18, 25),
(203, 18, 26),
(203, 19, 14),
(203, 19, 27),
(203, 19, 28),
(203, 19, 29),
(203, 19, 30),
(203, 20, 14),
(203, 20, 31),
(203, 20, 32),
(203, 20, 33),
(203, 20, 34),
(203, 21, 14),
(203, 21, 32),
(203, 21, 33),
(203, 21, 34),
(203, 21, 35),
(203, 22, 14),
(203, 22, 32),
(203, 22, 33),
(203, 22, 34),
(203, 22, 36),
(203, 23, 14),
(203, 23, 32),
(203, 23, 34),
(203, 23, 36),
(203, 23, 58),
(203, 24, 14),
(203, 24, 32),
(203, 24, 34),
(203, 24, 36),
(203, 24, 58),
(203, 25, 14),
(203, 25, 32),
(203, 25, 36),
(203, 25, 58),
(203, 25, 59),
(203, 26, 14),
(203, 26, 59),
(203, 26, 60),
(203, 26, 61),
(203, 26, 62),
(203, 27, 14),
(203, 28, 14),
(203, 29, 14),
(203, 30, 14),
(203, 31, 14),
(225, 5, 37),
(225, 5, 38),
(225, 5, 39),
(225, 6, 37),
(225, 6, 38),
(225, 6, 39),
(225, 6, 40),
(225, 6, 41),
(225, 7, 37),
(225, 7, 38),
(225, 7, 39),
(225, 7, 40),
(225, 7, 41),
(225, 7, 42),
(225, 7, 43),
(225, 8, 44),
(225, 8, 45),
(225, 8, 46),
(225, 8, 47),
(225, 8, 48),
(225, 8, 49),
(225, 8, 50),
(225, 9, 51),
(225, 9, 52),
(225, 9, 53),
(225, 9, 54),
(225, 9, 55),
(225, 9, 56),
(225, 9, 57),
(225, 10, 51),
(225, 10, 52),
(225, 10, 53),
(225, 10, 54),
(225, 10, 55),
(225, 10, 56),
(225, 10, 57),
(225, 11, 51),
(225, 11, 52),
(225, 11, 53),
(225, 11, 54),
(225, 11, 55),
(225, 11, 56),
(225, 11, 57),
(225, 12, 51),
(225, 12, 52),
(225, 12, 53),
(225, 12, 54),
(225, 12, 55),
(225, 12, 56),
(225, 12, 57),
(225, 13, 51),
(225, 13, 52),
(225, 13, 53),
(225, 13, 54),
(225, 13, 55),
(225, 13, 56),
(225, 13, 57),
(225, 14, 52),
(225, 14, 53),
(225, 14, 54),
(225, 14, 55),
(225, 14, 56),
(225, 14, 57),
(225, 15, 52),
(225, 15, 53),
(225, 15, 54),
(225, 15, 55),
(225, 15, 56),
(225, 15, 57),
(225, 16, 52),
(225, 16, 53),
(225, 16, 54),
(225, 16, 55),
(225, 16, 56),
(225, 16, 57),
(246, 4, 65),
(249, 1, 63),
(249, 2, 63),
(250, 1, 64),
(250, 2, 64);

-- --------------------------------------------------------

--
-- Tabelstructuur voor tabel `CollectionVersionRelatedEdits`
--

CREATE TABLE `CollectionVersionRelatedEdits` (
  `cID` int(10) UNSIGNED NOT NULL DEFAULT '0',
  `cvID` int(10) UNSIGNED NOT NULL DEFAULT '0',
  `cRelationID` int(10) UNSIGNED NOT NULL DEFAULT '0',
  `cvRelationID` int(10) UNSIGNED NOT NULL DEFAULT '0'
) ENGINE=InnoDB DEFAULT CHARSET=utf8 COLLATE=utf8_unicode_ci;

-- --------------------------------------------------------

--
-- Tabelstructuur voor tabel `CollectionVersions`
--

CREATE TABLE `CollectionVersions` (
  `cID` int(10) UNSIGNED NOT NULL DEFAULT '0',
  `cvID` int(10) UNSIGNED NOT NULL DEFAULT '1',
  `cvName` text COLLATE utf8_unicode_ci,
  `cvHandle` varchar(255) COLLATE utf8_unicode_ci DEFAULT NULL,
  `cvDescription` text COLLATE utf8_unicode_ci,
  `cvDatePublic` datetime DEFAULT NULL,
  `cvDateCreated` datetime NOT NULL DEFAULT '1000-01-01 00:00:00',
  `cvComments` varchar(255) COLLATE utf8_unicode_ci DEFAULT NULL,
  `cvIsApproved` tinyint(1) NOT NULL DEFAULT '0',
  `cvIsNew` tinyint(1) NOT NULL DEFAULT '0',
  `cvAuthorUID` int(10) UNSIGNED DEFAULT NULL,
  `cvApproverUID` int(10) UNSIGNED DEFAULT NULL,
  `pThemeID` int(10) UNSIGNED NOT NULL DEFAULT '0',
  `pTemplateID` int(10) UNSIGNED NOT NULL DEFAULT '0',
  `cvActivateDatetime` datetime DEFAULT NULL
) ENGINE=InnoDB DEFAULT CHARSET=utf8 COLLATE=utf8_unicode_ci;

--
-- Gegevens worden geëxporteerd voor tabel `CollectionVersions`
--

INSERT INTO `CollectionVersions` (`cID`, `cvID`, `cvName`, `cvHandle`, `cvDescription`, `cvDatePublic`, `cvDateCreated`, `cvComments`, `cvIsApproved`, `cvIsNew`, `cvAuthorUID`, `cvApproverUID`, `pThemeID`, `pTemplateID`, `cvActivateDatetime`) VALUES
(1, 1, 'Home', 'home', '', '2017-02-22 09:42:53', '2017-02-22 09:42:53', 'Initial Version', 0, 0, 1, NULL, 2, 6, NULL),
(1, 2, 'Home', 'home', '', '2017-02-22 09:42:53', '2017-02-22 10:58:54', 'Version 2', 0, 0, 1, 1, 2, 6, NULL),
(1, 3, 'Home', 'home', '', '2017-02-22 09:42:53', '2017-02-22 11:22:31', 'Version 3', 0, 0, 1, 1, 2, 6, NULL),
(1, 4, 'Home', 'home', '', '2017-02-22 09:42:53', '2017-02-22 11:33:27', 'Version 4', 0, 0, 1, 1, 2, 6, NULL),
(1, 5, 'Home', 'home', '', '2017-02-22 09:42:00', '2017-02-22 11:49:38', 'New Version 5', 0, 0, 1, 1, 2, 6, NULL),
(1, 6, 'Home', 'home', '', '2017-02-22 09:42:00', '2017-02-22 13:36:39', 'Version 6', 0, 0, 1, 1, 2, 6, NULL),
(1, 7, 'Home', 'home', '', '2017-02-22 09:42:00', '2017-02-22 13:48:14', 'Version 7', 0, 0, 1, 1, 2, 6, NULL),
(1, 8, 'Home', 'home', '', '2017-02-22 09:42:00', '2017-02-22 14:41:28', 'Version 8', 0, 0, 1, 1, 2, 6, NULL),
(1, 9, 'Home', 'home', '', '2017-02-22 09:42:00', '2017-02-22 14:43:35', 'Version 9', 0, 0, 1, 1, 2, 6, NULL),
(1, 10, 'Home', 'home', '', '2017-02-22 09:42:00', '2017-02-22 14:56:03', 'Version 10', 0, 0, 1, 1, 2, 6, NULL),
(1, 11, 'Home', 'home', '', '2017-02-22 09:42:00', '2017-02-22 14:58:29', 'Version 11', 0, 0, 1, 1, 2, 6, NULL),
(1, 12, 'Home', 'home', '', '2017-02-22 09:42:00', '2017-02-23 09:28:16', 'Version 12', 0, 0, 1, 1, 2, 6, NULL),
(1, 13, 'Home', 'home', '', '2017-02-22 09:42:00', '2017-02-23 09:33:54', 'Version 13', 0, 0, 1, 1, 2, 6, NULL),
(1, 14, 'Home', 'home', '', '2017-02-22 09:42:00', '2017-02-23 09:39:35', 'Version 14', 0, 0, 1, 1, 2, 6, NULL),
(1, 15, 'Home', 'home', '', '2017-02-22 09:42:00', '2017-02-23 10:08:50', 'New Version 15', 0, 0, 1, 1, 2, 6, NULL),
(1, 16, 'Home', 'home', '', '2017-02-22 09:42:00', '2017-02-23 10:27:05', 'Version 16', 0, 0, 1, 1, 2, 6, NULL),
(1, 17, 'Home', 'home', '', '2017-02-22 09:42:00', '2017-02-23 10:42:26', 'Version 17', 0, 0, 1, 1, 2, 6, NULL),
(1, 18, 'Home', 'home', '', '2017-02-22 09:42:00', '2017-02-23 10:43:34', 'Version 18', 0, 0, 1, 1, 2, 6, NULL),
(1, 19, 'Home', 'home', '', '2017-02-22 09:42:00', '2017-02-23 11:45:45', 'New Version 19', 0, 0, 1, 1, 2, 6, NULL),
(1, 20, 'Home', 'home', 'Test', '2017-02-22 09:42:00', '2017-02-23 12:12:40', 'New Version 20', 0, 0, 1, 1, 2, 6, NULL),
(1, 21, 'Home', 'home', 'StOergelukkig is de naam die wij gegeven hebben aan onze missie', '2017-02-22 09:42:00', '2017-02-23 12:15:21', 'New Version 21', 0, 0, 1, 1, 2, 6, NULL),
(1, 22, 'Home', 'home', 'StOergelukkig is de naam die wij gegeven hebben aan onze missie', '2017-02-22 09:42:00', '2017-02-23 14:24:55', 'Version 22', 0, 0, 1, 1, 2, 6, NULL),
(1, 23, 'Home', 'home', 'StOergelukkig is de naam die wij gegeven hebben aan onze missie', '2017-02-22 09:42:00', '2017-02-23 14:25:24', 'Version 23', 0, 0, 1, 1, 2, 6, NULL),
(1, 24, 'Home', 'home', 'StOergelukkig is de naam die wij gegeven hebben aan onze missie', '2017-02-22 09:42:00', '2017-02-23 14:25:50', 'Version 24', 0, 0, 1, 1, 2, 6, NULL),
(1, 25, 'Home', 'home', 'StOergelukkig is de naam die wij gegeven hebben aan onze missie', '2017-02-22 09:42:00', '2017-02-23 14:30:05', 'Version 25', 0, 0, 1, 1, 2, 6, NULL),
(1, 26, 'Home', 'home', 'stOerGelukkig is de naam die wij gegeven hebben aan onze missie', '2017-02-22 09:42:00', '2017-02-27 14:29:18', 'New Version 26', 0, 0, 1, 1, 2, 6, NULL),
(1, 27, 'Home', 'home', 'stOerGelukkig is de naam die wij gegeven hebben aan onze missie', '2017-02-22 09:42:00', '2017-02-27 15:40:46', 'Version 27', 1, 0, 1, 1, 2, 6, NULL),
(2, 1, 'Dashboard', 'dashboard', '', '2017-02-22 09:43:47', '2017-02-22 09:43:47', 'Initial Version', 1, 0, 1, NULL, 2, 0, NULL),
(3, 1, 'Sitemap', 'sitemap', 'Whole world at a glance.', '2017-02-22 09:43:48', '2017-02-22 09:43:48', 'Initial Version', 1, 0, 1, NULL, 2, 0, NULL),
(4, 1, 'Full Sitemap', 'full', '', '2017-02-22 09:43:48', '2017-02-22 09:43:48', 'Initial Version', 1, 0, 1, NULL, 2, 0, NULL),
(5, 1, 'Flat View', 'explore', '', '2017-02-22 09:43:48', '2017-02-22 09:43:48', 'Initial Version', 1, 0, 1, NULL, 2, 0, NULL),
(6, 1, 'Page Search', 'search', '', '2017-02-22 09:43:48', '2017-02-22 09:43:48', 'Initial Version', 1, 0, 1, NULL, 2, 0, NULL),
(7, 1, 'Files', 'files', 'All documents and images.', '2017-02-22 09:43:48', '2017-02-22 09:43:48', 'Initial Version', 1, 0, 1, NULL, 2, 0, NULL),
(8, 1, 'File Manager', 'search', '', '2017-02-22 09:43:48', '2017-02-22 09:43:48', 'Initial Version', 1, 0, 1, NULL, 2, 0, NULL),
(9, 1, 'Attributes', 'attributes', '', '2017-02-22 09:43:48', '2017-02-22 09:43:48', 'Initial Version', 1, 0, 1, NULL, 2, 0, NULL),
(10, 1, 'File Sets', 'sets', '', '2017-02-22 09:43:48', '2017-02-22 09:43:48', 'Initial Version', 1, 0, 1, NULL, 2, 0, NULL),
(11, 1, 'Add File Set', 'add_set', '', '2017-02-22 09:43:48', '2017-02-22 09:43:48', 'Initial Version', 1, 0, 1, NULL, 2, 0, NULL),
(12, 1, 'Members', 'users', 'Add and manage the user accounts and groups on your website.', '2017-02-22 09:43:48', '2017-02-22 09:43:48', 'Initial Version', 1, 0, 1, NULL, 2, 0, NULL),
(13, 1, 'Search Users', 'search', '', '2017-02-22 09:43:48', '2017-02-22 09:43:48', 'Initial Version', 1, 0, 1, NULL, 2, 0, NULL),
(14, 1, 'User Groups', 'groups', '', '2017-02-22 09:43:48', '2017-02-22 09:43:48', 'Initial Version', 1, 0, 1, NULL, 2, 0, NULL),
(15, 1, 'Attributes', 'attributes', '', '2017-02-22 09:43:48', '2017-02-22 09:43:48', 'Initial Version', 1, 0, 1, NULL, 2, 0, NULL),
(16, 1, 'Add User', 'add', '', '2017-02-22 09:43:48', '2017-02-22 09:43:48', 'Initial Version', 1, 0, 1, NULL, 2, 0, NULL),
(17, 1, 'Add Group', 'add_group', '', '2017-02-22 09:43:48', '2017-02-22 09:43:48', 'Initial Version', 1, 0, 1, NULL, 2, 0, NULL),
(18, 1, 'Move Multiple Groups', 'bulkupdate', '', '2017-02-22 09:43:48', '2017-02-22 09:43:48', 'Initial Version', 1, 0, 1, NULL, 2, 0, NULL),
(19, 1, 'Group Sets', 'group_sets', '', '2017-02-22 09:43:48', '2017-02-22 09:43:48', 'Initial Version', 1, 0, 1, NULL, 2, 0, NULL),
(20, 1, 'Community Points', 'points', NULL, '2017-02-22 09:43:49', '2017-02-22 09:43:49', 'Initial Version', 1, 0, 1, NULL, 2, 0, NULL),
(21, 1, 'Assign Points', 'assign', NULL, '2017-02-22 09:43:49', '2017-02-22 09:43:49', 'Initial Version', 1, 0, 1, NULL, 2, 0, NULL),
(22, 1, 'Actions', 'actions', NULL, '2017-02-22 09:43:49', '2017-02-22 09:43:49', 'Initial Version', 1, 0, 1, NULL, 2, 0, NULL),
(23, 1, 'Reports', 'reports', 'Get data from forms and logs.', '2017-02-22 09:43:49', '2017-02-22 09:43:49', 'Initial Version', 1, 0, 1, NULL, 2, 0, NULL),
(24, 1, 'Form Results', 'forms', 'Get submission data.', '2017-02-22 09:43:49', '2017-02-22 09:43:49', 'Initial Version', 1, 0, 1, NULL, 2, 0, NULL),
(25, 1, 'Surveys', 'surveys', '', '2017-02-22 09:43:49', '2017-02-22 09:43:49', 'Initial Version', 1, 0, 1, NULL, 2, 0, NULL),
(26, 1, 'Logs', 'logs', '', '2017-02-22 09:43:49', '2017-02-22 09:43:49', 'Initial Version', 1, 0, 1, NULL, 2, 0, NULL),
(27, 1, 'Pages & Themes', 'pages', 'Reskin your site.', '2017-02-22 09:43:49', '2017-02-22 09:43:49', 'Initial Version', 1, 0, 1, NULL, 2, 0, NULL),
(28, 1, 'Themes', 'themes', 'Reskin your site.', '2017-02-22 09:43:49', '2017-02-22 09:43:49', 'Initial Version', 1, 0, 1, NULL, 2, 0, NULL),
(29, 1, 'Inspect', 'inspect', '', '2017-02-22 09:43:49', '2017-02-22 09:43:49', 'Initial Version', 1, 0, 1, NULL, 2, 0, NULL),
(30, 1, 'Page Types', 'types', '', '2017-02-22 09:43:49', '2017-02-22 09:43:49', 'Initial Version', 1, 0, 1, NULL, 2, 0, NULL),
(31, 1, 'Organize Page Type Order', 'organize', '', '2017-02-22 09:43:49', '2017-02-22 09:43:49', 'Initial Version', 1, 0, 1, NULL, 2, 0, NULL),
(32, 1, 'Add Page Type', 'add', '', '2017-02-22 09:43:49', '2017-02-22 09:43:49', 'Initial Version', 1, 0, 1, NULL, 2, 0, NULL),
(33, 1, 'Compose Form', 'form', '', '2017-02-22 09:43:49', '2017-02-22 09:43:49', 'Initial Version', 1, 0, 1, NULL, 2, 0, NULL),
(34, 1, 'Defaults and Output', 'output', '', '2017-02-22 09:43:49', '2017-02-22 09:43:49', 'Initial Version', 1, 0, 1, NULL, 2, 0, NULL),
(35, 1, 'Page Type Attributes', 'attributes', '', '2017-02-22 09:43:49', '2017-02-22 09:43:49', 'Initial Version', 1, 0, 1, NULL, 2, 0, NULL),
(36, 1, 'Page Type Permissions', 'permissions', '', '2017-02-22 09:43:49', '2017-02-22 09:43:49', 'Initial Version', 1, 0, 1, NULL, 2, 0, NULL),
(37, 1, 'Page Templates', 'templates', 'Form factors for pages in your site.', '2017-02-22 09:43:49', '2017-02-22 09:43:49', 'Initial Version', 1, 0, 1, NULL, 2, 0, NULL),
(38, 1, 'Add Page Template', 'add', 'Add page templates to your site.', '2017-02-22 09:43:49', '2017-02-22 09:43:49', 'Initial Version', 1, 0, 1, NULL, 2, 0, NULL),
(39, 1, 'Attributes', 'attributes', '', '2017-02-22 09:43:49', '2017-02-22 09:43:49', 'Initial Version', 1, 0, 1, NULL, 2, 0, NULL),
(40, 1, 'Single Pages', 'single', '', '2017-02-22 09:43:49', '2017-02-22 09:43:49', 'Initial Version', 1, 0, 1, NULL, 2, 0, NULL),
(41, 1, 'RSS Feeds', 'feeds', '', '2017-02-22 09:43:49', '2017-02-22 09:43:49', 'Initial Version', 1, 0, 1, NULL, 2, 0, NULL),
(42, 1, 'Conversations', 'conversations', '', '2017-02-22 09:43:49', '2017-02-22 09:43:49', 'Initial Version', 1, 0, 1, NULL, 2, 0, NULL),
(43, 1, 'Messages', 'messages', '', '2017-02-22 09:43:50', '2017-02-22 09:43:50', 'Initial Version', 1, 0, 1, NULL, 2, 0, NULL),
(44, 1, 'Workflow', 'workflow', '', '2017-02-22 09:43:50', '2017-02-22 09:43:50', 'Initial Version', 1, 0, 1, NULL, 2, 0, NULL),
(45, 1, 'Waiting for Me', 'me', '', '2017-02-22 09:43:50', '2017-02-22 09:43:50', 'Initial Version', 1, 0, 1, NULL, 2, 0, NULL),
(46, 1, 'Workflow List', 'workflows', '', '2017-02-22 09:43:50', '2017-02-22 09:43:50', 'Initial Version', 1, 0, 1, NULL, 2, 0, NULL),
(47, 1, 'Stacks & Blocks', 'blocks', 'Manage sitewide content and administer block types.', '2017-02-22 09:43:50', '2017-02-22 09:43:50', 'Initial Version', 1, 0, 1, NULL, 2, 0, NULL),
(48, 1, 'Stacks', 'stacks', 'Share content across your site.', '2017-02-22 09:43:50', '2017-02-22 09:43:50', 'Initial Version', 1, 0, 1, NULL, 2, 0, NULL),
(49, 1, 'Block & Stack Permissions', 'permissions', 'Control who can add blocks and stacks on your site.', '2017-02-22 09:43:50', '2017-02-22 09:43:50', 'Initial Version', 1, 0, 1, NULL, 2, 0, NULL),
(50, 1, 'Stack List', 'list', '', '2017-02-22 09:43:50', '2017-02-22 09:43:50', 'Initial Version', 1, 0, 1, NULL, 2, 0, NULL),
(51, 1, 'Block Types', 'types', 'Manage the installed block types in your site.', '2017-02-22 09:43:50', '2017-02-22 09:43:50', 'Initial Version', 1, 0, 1, NULL, 2, 0, NULL),
(52, 1, 'Extend concrete5', 'extend', '', '2017-02-22 09:43:50', '2017-02-22 09:43:50', 'Initial Version', 1, 0, 1, NULL, 2, 0, NULL),
(53, 1, 'Dashboard', 'news', '', '2017-02-22 09:43:50', '2017-02-22 09:43:50', 'Initial Version', 1, 0, 1, NULL, 2, 0, NULL),
(54, 1, 'Add Functionality', 'install', 'Install add-ons & themes.', '2017-02-22 09:43:50', '2017-02-22 09:43:50', 'Initial Version', 1, 0, 1, NULL, 2, 0, NULL),
(55, 1, 'Update Add-Ons', 'update', 'Update your installed packages.', '2017-02-22 09:43:50', '2017-02-22 09:43:50', 'Initial Version', 1, 0, 1, NULL, 2, 0, NULL),
(56, 1, 'Connect to the Community', 'connect', 'Connect to the concrete5 community.', '2017-02-22 09:43:50', '2017-02-22 09:43:50', 'Initial Version', 1, 0, 1, NULL, 2, 0, NULL),
(57, 1, 'Get More Themes', 'themes', 'Download themes from concrete5.org.', '2017-02-22 09:43:50', '2017-02-22 09:43:50', 'Initial Version', 1, 0, 1, NULL, 2, 0, NULL),
(58, 1, 'Get More Add-Ons', 'addons', 'Download add-ons from concrete5.org.', '2017-02-22 09:43:50', '2017-02-22 09:43:50', 'Initial Version', 1, 0, 1, NULL, 2, 0, NULL),
(59, 1, 'System & Settings', 'system', 'Secure and setup your site.', '2017-02-22 09:43:50', '2017-02-22 09:43:50', 'Initial Version', 1, 0, 1, NULL, 2, 0, NULL),
(60, 1, 'Basics', 'basics', 'Basic information about your website.', '2017-02-22 09:43:51', '2017-02-22 09:43:51', 'Initial Version', 1, 0, 1, NULL, 2, 0, NULL),
(61, 1, 'Site Name', 'name', '', '2017-02-22 09:43:51', '2017-02-22 09:43:51', 'Initial Version', 1, 0, 1, NULL, 2, 0, NULL),
(62, 1, 'Accessibility', 'accessibility', '', '2017-02-22 09:43:51', '2017-02-22 09:43:51', 'Initial Version', 1, 0, 1, NULL, 2, 0, NULL),
(63, 1, 'Social Links', 'social', '', '2017-02-22 09:43:51', '2017-02-22 09:43:51', 'Initial Version', 1, 0, 1, NULL, 2, 0, NULL),
(64, 1, 'Bookmark Icons', 'icons', 'Bookmark icon and mobile home screen icon setup.', '2017-02-22 09:43:51', '2017-02-22 09:43:51', 'Initial Version', 1, 0, 1, NULL, 2, 0, NULL),
(65, 1, 'Rich Text Editor', 'editor', '', '2017-02-22 09:43:51', '2017-02-22 09:43:51', 'Initial Version', 1, 0, 1, NULL, 2, 0, NULL),
(66, 1, 'Languages', 'multilingual', '', '2017-02-22 09:43:51', '2017-02-22 09:43:51', 'Initial Version', 1, 0, 1, NULL, 2, 0, NULL),
(67, 1, 'Time Zone', 'timezone', '', '2017-02-22 09:43:51', '2017-02-22 09:43:51', 'Initial Version', 1, 0, 1, NULL, 2, 0, NULL),
(68, 1, 'Multilingual', 'multilingual', 'Run your site in multiple languages.', '2017-02-22 09:43:51', '2017-02-22 09:43:51', 'Initial Version', 1, 0, 1, NULL, 2, 0, NULL),
(69, 1, 'Multilingual Setup', 'setup', '', '2017-02-22 09:43:51', '2017-02-22 09:43:51', 'Initial Version', 1, 0, 1, NULL, 2, 0, NULL),
(70, 1, 'Copy Languages', 'copy', '', '2017-02-22 09:43:51', '2017-02-22 09:43:51', 'Initial Version', 1, 0, 1, NULL, 2, 0, NULL),
(71, 1, 'Page Report', 'page_report', '', '2017-02-22 09:43:51', '2017-02-22 09:43:51', 'Initial Version', 1, 0, 1, NULL, 2, 0, NULL),
(72, 1, 'Translate Site Interface', 'translate_interface', '', '2017-02-22 09:43:51', '2017-02-22 09:43:51', 'Initial Version', 1, 0, 1, NULL, 2, 0, NULL),
(73, 1, 'SEO & Statistics', 'seo', 'Enable pretty URLs and tracking codes.', '2017-02-22 09:43:51', '2017-02-22 09:43:51', 'Initial Version', 1, 0, 1, NULL, 2, 0, NULL),
(74, 1, 'URLs and Redirection', 'urls', '', '2017-02-22 09:43:51', '2017-02-22 09:43:51', 'Initial Version', 1, 0, 1, NULL, 2, 0, NULL),
(75, 1, 'Bulk SEO Updater', 'bulk', '', '2017-02-22 09:43:51', '2017-02-22 09:43:51', 'Initial Version', 1, 0, 1, NULL, 2, 0, NULL),
(76, 1, 'Tracking Codes', 'codes', '', '2017-02-22 09:43:51', '2017-02-22 09:43:51', 'Initial Version', 1, 0, 1, NULL, 2, 0, NULL),
(77, 1, 'Excluded URL Word List', 'excluded', '', '2017-02-22 09:43:51', '2017-02-22 09:43:51', 'Initial Version', 1, 0, 1, NULL, 2, 0, NULL),
(78, 1, 'Search Index', 'searchindex', '', '2017-02-22 09:43:51', '2017-02-22 09:43:51', 'Initial Version', 1, 0, 1, NULL, 2, 0, NULL),
(79, 1, 'Files', 'files', '', '2017-02-22 09:43:51', '2017-02-22 09:43:51', 'Initial Version', 1, 0, 1, NULL, 2, 0, NULL),
(80, 1, 'File Manager Permissions', 'permissions', '', '2017-02-22 09:43:51', '2017-02-22 09:43:51', 'Initial Version', 1, 0, 1, NULL, 2, 0, NULL),
(81, 1, 'Allowed File Types', 'filetypes', '', '2017-02-22 09:43:51', '2017-02-22 09:43:51', 'Initial Version', 1, 0, 1, NULL, 2, 0, NULL),
(82, 1, 'Thumbnails', 'thumbnails', '', '2017-02-22 09:43:51', '2017-02-22 09:43:51', 'Initial Version', 1, 0, 1, NULL, 2, 0, NULL),
(83, 1, 'Image Uploading', 'image_uploading', '', '2017-02-22 09:43:52', '2017-02-22 09:43:52', 'Initial Version', 1, 0, 1, NULL, 2, 0, NULL),
(84, 1, 'File Storage Locations', 'storage', '', '2017-02-22 09:43:52', '2017-02-22 09:43:52', 'Initial Version', 1, 0, 1, NULL, 2, 0, NULL),
(85, 1, 'Optimization', 'optimization', 'Keep your site running well.', '2017-02-22 09:43:52', '2017-02-22 09:43:52', 'Initial Version', 1, 0, 1, NULL, 2, 0, NULL),
(86, 1, 'Cache & Speed Settings', 'cache', '', '2017-02-22 09:43:52', '2017-02-22 09:43:52', 'Initial Version', 1, 0, 1, NULL, 2, 0, NULL),
(87, 1, 'Clear Cache', 'clearcache', '', '2017-02-22 09:43:52', '2017-02-22 09:43:52', 'Initial Version', 1, 0, 1, NULL, 2, 0, NULL),
(88, 1, 'Automated Jobs', 'jobs', '', '2017-02-22 09:43:52', '2017-02-22 09:43:52', 'Initial Version', 1, 0, 1, NULL, 2, 0, NULL),
(89, 1, 'Database Query Log', 'query_log', '', '2017-02-22 09:43:52', '2017-02-22 09:43:52', 'Initial Version', 1, 0, 1, NULL, 2, 0, NULL),
(90, 1, 'Permissions & Access', 'permissions', 'Control who sees and edits your site.', '2017-02-22 09:43:52', '2017-02-22 09:43:52', 'Initial Version', 1, 0, 1, NULL, 2, 0, NULL),
(91, 1, 'Site Access', 'site', '', '2017-02-22 09:43:52', '2017-02-22 09:43:52', 'Initial Version', 1, 0, 1, NULL, 2, 0, NULL),
(92, 1, 'Task Permissions', 'tasks', '', '2017-02-22 09:43:52', '2017-02-22 09:43:52', 'Initial Version', 1, 0, 1, NULL, 2, 0, NULL),
(93, 1, 'User Permissions', 'users', '', '2017-02-22 09:43:52', '2017-02-22 09:43:52', 'Initial Version', 1, 0, 1, NULL, 2, 0, NULL),
(94, 1, 'Advanced Permissions', 'advanced', '', '2017-02-22 09:43:52', '2017-02-22 09:43:52', 'Initial Version', 1, 0, 1, NULL, 2, 0, NULL),
(95, 1, 'IP Blacklist', 'blacklist', '', '2017-02-22 09:43:52', '2017-02-22 09:43:52', 'Initial Version', 1, 0, 1, NULL, 2, 0, NULL),
(96, 1, 'Captcha Setup', 'captcha', '', '2017-02-22 09:43:52', '2017-02-22 09:43:52', 'Initial Version', 1, 0, 1, NULL, 2, 0, NULL),
(97, 1, 'Spam Control', 'antispam', '', '2017-02-22 09:43:52', '2017-02-22 09:43:52', 'Initial Version', 1, 0, 1, NULL, 2, 0, NULL),
(98, 1, 'Maintenance Mode', 'maintenance', '', '2017-02-22 09:43:53', '2017-02-22 09:43:53', 'Initial Version', 1, 0, 1, NULL, 2, 0, NULL),
(99, 1, 'Login & Registration', 'registration', 'Change login behaviors and setup public profiles.', '2017-02-22 09:43:53', '2017-02-22 09:43:53', 'Initial Version', 1, 0, 1, NULL, 2, 0, NULL),
(100, 1, 'Login Destination', 'postlogin', '', '2017-02-22 09:43:53', '2017-02-22 09:43:53', 'Initial Version', 1, 0, 1, NULL, 2, 0, NULL),
(101, 1, 'Public Profiles', 'profiles', '', '2017-02-22 09:43:53', '2017-02-22 09:43:53', 'Initial Version', 1, 0, 1, NULL, 2, 0, NULL),
(102, 1, 'Public Registration', 'open', '', '2017-02-22 09:43:53', '2017-02-22 09:43:53', 'Initial Version', 1, 0, 1, NULL, 2, 0, NULL),
(103, 1, 'Authentication Types', 'authentication', '', '2017-02-22 09:43:53', '2017-02-22 09:43:53', 'Initial Version', 1, 0, 1, NULL, 2, 0, NULL),
(104, 1, 'Email', 'mail', 'Control how your site send and processes mail.', '2017-02-22 09:43:53', '2017-02-22 09:43:53', 'Initial Version', 1, 0, 1, NULL, 2, 0, NULL),
(105, 1, 'SMTP Method', 'method', '', '2017-02-22 09:43:53', '2017-02-22 09:43:53', 'Initial Version', 1, 0, 1, NULL, 2, 0, NULL),
(106, 1, 'Test Mail Settings', 'test', '', '2017-02-22 09:43:53', '2017-02-22 09:43:53', 'Initial Version', 1, 0, 1, NULL, 2, 0, NULL),
(107, 1, 'Email Importers', 'importers', '', '2017-02-22 09:43:53', '2017-02-22 09:43:53', 'Initial Version', 1, 0, 1, NULL, 2, 0, NULL),
(108, 1, 'Conversations', 'conversations', 'Manage your conversations settings', '2017-02-22 09:43:53', '2017-02-22 09:43:53', 'Initial Version', 1, 0, 1, NULL, 2, 0, NULL),
(109, 1, 'Settings', 'settings', '', '2017-02-22 09:43:53', '2017-02-22 09:43:53', 'Initial Version', 1, 0, 1, NULL, 2, 0, NULL),
(110, 1, 'Community Points', 'points', '', '2017-02-22 09:43:53', '2017-02-22 09:43:53', 'Initial Version', 1, 0, 1, NULL, 2, 0, NULL),
(111, 1, 'Banned Words', 'bannedwords', '', '2017-02-22 09:43:53', '2017-02-22 09:43:53', 'Initial Version', 1, 0, 1, NULL, 2, 0, NULL),
(112, 1, 'Conversation Permissions', 'permissions', '', '2017-02-22 09:43:53', '2017-02-22 09:43:53', 'Initial Version', 1, 0, 1, NULL, 2, 0, NULL),
(113, 1, 'Attributes', 'attributes', 'Setup attributes for pages, users, files and more.', '2017-02-22 09:43:53', '2017-02-22 09:43:53', 'Initial Version', 1, 0, 1, NULL, 2, 0, NULL),
(114, 1, 'Sets', 'sets', 'Group attributes into sets for easier organization', '2017-02-22 09:43:53', '2017-02-22 09:43:53', 'Initial Version', 1, 0, 1, NULL, 2, 0, NULL),
(115, 1, 'Types', 'types', 'Choose which attribute types are available for different items.', '2017-02-22 09:43:54', '2017-02-22 09:43:54', 'Initial Version', 1, 0, 1, NULL, 2, 0, NULL),
(116, 1, 'Topics', 'topics', '', '2017-02-22 09:43:54', '2017-02-22 09:43:54', 'Initial Version', 1, 0, 1, NULL, 2, 0, NULL),
(117, 1, 'Add Topic Tree', 'add', '', '2017-02-22 09:43:54', '2017-02-22 09:43:54', 'Initial Version', 1, 0, 1, NULL, 2, 0, NULL),
(118, 1, 'Environment', 'environment', 'Advanced settings for web developers.', '2017-02-22 09:43:54', '2017-02-22 09:43:54', 'Initial Version', 1, 0, 1, NULL, 2, 0, NULL),
(119, 1, 'Environment Information', 'info', '', '2017-02-22 09:43:54', '2017-02-22 09:43:54', 'Initial Version', 1, 0, 1, NULL, 2, 0, NULL),
(120, 1, 'Debug Settings', 'debug', '', '2017-02-22 09:43:54', '2017-02-22 09:43:54', 'Initial Version', 1, 0, 1, NULL, 2, 0, NULL),
(121, 1, 'Logging Settings', 'logging', '', '2017-02-22 09:43:54', '2017-02-22 09:43:54', 'Initial Version', 1, 0, 1, NULL, 2, 0, NULL),
(122, 1, 'Proxy Server', 'proxy', '', '2017-02-22 09:43:54', '2017-02-22 09:43:54', 'Initial Version', 1, 0, 1, NULL, 2, 0, NULL),
(123, 1, 'Database Entities', 'entities', '', '2017-02-22 09:43:54', '2017-02-22 09:43:54', 'Initial Version', 1, 0, 1, NULL, 2, 0, NULL),
(124, 1, 'Backup & Restore', 'backup', 'Backup or restore your website.', '2017-02-22 09:43:54', '2017-02-22 09:43:54', 'Initial Version', 1, 0, 1, NULL, 2, 0, NULL),
(125, 1, 'Backup Database', 'backup', '', '2017-02-22 09:43:54', '2017-02-22 09:43:54', 'Initial Version', 1, 0, 1, NULL, 2, 0, NULL),
(126, 1, 'Update concrete5', 'update', '', '2017-02-22 09:43:54', '2017-02-22 09:43:54', 'Initial Version', 1, 0, 1, NULL, 2, 0, NULL),
(127, 1, 'Welcome to concrete5', 'welcome', 'Learn about how to use concrete5, how to develop for concrete5, and get general help.', '2017-02-22 09:43:55', '2017-02-22 09:43:55', 'Initial Version', 1, 0, 1, NULL, 2, 4, NULL),
(128, 1, 'Customize Dashboard Home', 'home', '', '2017-02-22 09:43:55', '2017-02-22 09:43:55', 'Initial Version', 1, 0, 1, NULL, 2, 2, NULL),
(129, 1, 'Drafts', '!drafts', '', '2017-02-22 09:43:59', '2017-02-22 09:43:59', 'Initial Version', 1, 0, 1, NULL, 2, 0, NULL),
(130, 1, 'Trash', '!trash', '', '2017-02-22 09:43:59', '2017-02-22 09:43:59', 'Initial Version', 1, 0, 1, NULL, 2, 0, NULL),
(131, 1, 'Stacks', '!stacks', '', '2017-02-22 09:43:59', '2017-02-22 09:43:59', 'Initial Version', 1, 0, 1, NULL, 2, 0, NULL),
(132, 1, 'Login', 'login', '', '2017-02-22 09:43:59', '2017-02-22 09:43:59', 'Initial Version', 1, 0, 1, NULL, 2, 0, NULL),
(133, 1, 'Register', 'register', '', '2017-02-22 09:43:59', '2017-02-22 09:43:59', 'Initial Version', 1, 0, 1, NULL, 2, 0, NULL),
(134, 1, 'My Account', 'account', '', '2017-02-22 09:43:59', '2017-02-22 09:43:59', 'Initial Version', 1, 0, 1, NULL, 2, 0, NULL),
(135, 1, 'Edit Profile', 'edit_profile', 'Edit your user profile and change password.', '2017-02-22 09:43:59', '2017-02-22 09:43:59', 'Initial Version', 1, 0, 1, NULL, 2, 0, NULL),
(136, 1, 'Profile Picture', 'avatar', 'Specify a new image attached to posts or edits.', '2017-02-22 09:43:59', '2017-02-22 09:43:59', 'Initial Version', 1, 0, 1, NULL, 2, 0, NULL),
(137, 1, 'Messages', 'messages', 'Inbox for site-specific messages.', '2017-02-22 09:43:59', '2017-02-22 09:43:59', 'Initial Version', 1, 0, 1, NULL, 2, 0, NULL),
(138, 1, 'Inbox', 'inbox', '', '2017-02-22 09:43:59', '2017-02-22 09:43:59', 'Initial Version', 1, 0, 1, NULL, 2, 0, NULL),
(139, 1, 'Members', 'members', '', '2017-02-22 09:43:59', '2017-02-22 09:43:59', 'Initial Version', 1, 0, 1, NULL, 2, 0, NULL),
(140, 1, 'View Profile', 'profile', '', '2017-02-22 09:43:59', '2017-02-22 09:43:59', 'Initial Version', 1, 0, 1, NULL, 2, 0, NULL),
(141, 1, 'Directory', 'directory', '', '2017-02-22 09:43:59', '2017-02-22 09:43:59', 'Initial Version', 1, 0, 1, NULL, 2, 0, NULL),
(142, 1, 'Page Not Found', 'page_not_found', '', '2017-02-22 09:43:59', '2017-02-22 09:43:59', 'Initial Version', 1, 0, 1, NULL, 2, 0, NULL),
(143, 1, 'Page Forbidden', 'page_forbidden', '', '2017-02-22 09:43:59', '2017-02-22 09:43:59', 'Initial Version', 1, 0, 1, NULL, 2, 0, NULL),
(144, 1, 'Download File', 'download_file', '', '2017-02-22 09:43:59', '2017-02-22 09:43:59', 'Initial Version', 1, 0, 1, NULL, 2, 0, NULL),
(145, 1, 'Footer Contact', 'footer-contact', NULL, '2017-02-22 09:44:06', '2017-02-22 09:44:06', 'Initial Version', 1, 0, 1, NULL, 2, 0, NULL),
(146, 1, 'Footer Legal', 'footer-legal', NULL, '2017-02-22 09:44:06', '2017-02-22 09:44:06', 'Initial Version', 1, 0, 1, NULL, 2, 0, NULL),
(147, 1, 'Footer Navigation', 'footer-navigation', NULL, '2017-02-22 09:44:06', '2017-02-22 09:44:06', 'Initial Version', 1, 0, 1, NULL, 2, 0, NULL),
(148, 1, 'Footer Site Title', 'footer-site-title', NULL, '2017-02-22 09:44:06', '2017-02-22 09:44:06', 'Initial Version', 1, 0, 1, NULL, 2, 0, NULL),
(149, 1, 'Footer Social', 'footer-social', NULL, '2017-02-22 09:44:06', '2017-02-22 09:44:06', 'Initial Version', 1, 0, 1, NULL, 2, 0, NULL),
(150, 1, 'Header Navigation', 'header-navigation', NULL, '2017-02-22 09:44:06', '2017-02-22 09:44:06', 'Initial Version', 1, 0, 1, NULL, 2, 0, NULL),
(151, 1, 'Header Search', 'header-search', NULL, '2017-02-22 09:44:06', '2017-02-22 09:44:06', 'Initial Version', 1, 0, 1, NULL, 2, 0, NULL),
(152, 1, 'Header Site Title', 'header-site-title', NULL, '2017-02-22 09:44:06', '2017-02-22 09:44:06', 'Initial Version', 1, 0, 1, NULL, 2, 0, NULL),
(153, 1, '', NULL, NULL, '2017-02-22 09:44:08', '2017-02-22 09:44:08', 'Initial Version', 1, 0, NULL, NULL, 0, 6, NULL),
(154, 1, 'Services', 'services', '', '2017-02-22 09:44:08', '2017-02-22 09:44:08', 'Initial Version', 1, 0, 1, NULL, 2, 6, NULL),
(155, 1, '', NULL, NULL, '2017-02-22 09:44:08', '2017-02-22 09:44:08', 'Initial Version', 1, 0, NULL, NULL, 0, 6, NULL),
(156, 1, 'Portfolio', 'portfolio', '', '2017-02-22 09:44:08', '2017-02-22 09:44:08', 'Initial Version', 1, 0, 1, NULL, 2, 6, NULL),
(157, 1, 'Team', 'team', '', '2017-02-22 09:44:08', '2017-02-22 09:44:08', 'Initial Version', 1, 0, 1, NULL, 2, 6, NULL),
(158, 1, '', NULL, NULL, '2017-02-22 09:44:08', '2017-02-22 09:44:08', 'Initial Version', 1, 0, NULL, NULL, 0, 6, NULL),
(159, 1, 'Blog', 'blog', '', '2017-02-22 09:44:08', '2017-02-22 09:44:08', 'Initial Version', 1, 0, 1, NULL, 2, 6, NULL),
(160, 1, 'Search', 'search', '', '2017-02-22 09:44:08', '2017-02-22 09:44:08', 'Initial Version', 1, 0, 1, NULL, 2, 6, NULL),
(161, 1, 'Contact', 'contact', '', '2017-02-22 09:44:08', '2017-02-22 09:44:08', 'Initial Version', 1, 0, 1, NULL, 2, 6, NULL),
(162, 1, 'Blank Page', 'blank-page', '', '2017-02-22 09:44:09', '2017-02-22 09:44:09', 'Initial Version', 1, 0, 1, NULL, 2, 5, NULL),
(163, 1, '', NULL, NULL, '2017-02-22 09:44:09', '2017-02-22 09:44:09', 'Initial Version', 1, 0, NULL, NULL, 0, 7, NULL),
(164, 1, 'Project Title', 'project-title', 'Pellentesque ultricies ligula vel neque dictum, eu mollis tortor adipiscing.', '2014-08-06 15:30:00', '2017-02-22 09:44:09', 'Initial Version', 1, 0, 1, NULL, 2, 7, NULL),
(165, 1, 'Project Title 2', 'project-title-2', 'Pellentesque ultricies ligula vel neque dictum, eu mollis tortor adipiscing.', '2014-08-06 15:20:00', '2017-02-22 09:44:09', 'Initial Version', 1, 0, 1, NULL, 2, 7, NULL),
(166, 1, 'Project Title 3', 'project-title-3', 'Pellentesque ultricies ligula vel neque dictum, eu mollis tortor adipiscing.', '2014-08-06 15:10:00', '2017-02-22 09:44:09', 'Initial Version', 1, 0, 1, NULL, 2, 7, NULL),
(167, 1, 'Project Title 4', 'project-title-4', 'Pellentesque ultricies ligula vel neque dictum, eu mollis tortor adipiscing.', '2014-08-06 15:00:00', '2017-02-22 09:44:09', 'Initial Version', 1, 0, 1, NULL, 2, 7, NULL),
(168, 1, 'Project Title 5', 'project-title-5', 'Pellentesque ultricies ligula vel neque dictum, eu mollis tortor adipiscing.', '2014-08-06 14:30:00', '2017-02-22 09:44:09', 'Initial Version', 1, 0, 1, NULL, 2, 7, NULL),
(169, 1, 'Project Title 6', 'project-title-6', 'Pellentesque ultricies ligula vel neque dictum, eu mollis tortor adipiscing.', '2014-08-06 14:20:00', '2017-02-22 09:44:09', 'Initial Version', 1, 0, 1, NULL, 2, 7, NULL),
(170, 1, '', NULL, NULL, '2017-02-22 09:44:09', '2017-02-22 09:44:09', 'Initial Version', 1, 0, NULL, NULL, 0, 8, NULL),
(171, 1, 'Hello World!', 'hello-world', 'Pellentesque ultricies ligula vel neque dictum, eu mollis tortor adipiscing. Etiam congue, est vel tincidunt vestibulum, nunc nunc porta nulla, at adipiscing neque tellus quis urna. Quisque dignissim neque a ipsum sodales, mattis aliquam ante dictum.', '2014-07-01 12:00:00', '2017-02-22 09:44:09', 'Initial Version', 1, 0, 1, NULL, 2, 8, NULL),
(172, 1, 'Another Blog Post', 'another-blog-post', 'Lorem ipsum dolor sit amet, consectetur adipiscing elit. Nullam sit amet consectetur lacus. Vestibulum neque lectus, egestas non cursus vitae, aliquam at magna.', '2014-07-04 15:00:00', '2017-02-22 09:44:09', 'Initial Version', 1, 0, 1, NULL, 2, 8, NULL),
(173, 1, 'A Beautiful Site Deserves a Beautiful Blog', 'a-beautiful-blog', 'Donec blandit lectus nec neque ullamcorper rhoncus. Sed adipiscing tempus sem eu molestie. Aenean laoreet pretium ante vitae ultrices. Aenean eu gravida magna, vel aliquet magna. In auctor convallis gravida. Phasellus est erat.', '2014-08-01 16:30:00', '2017-02-22 09:44:09', 'Initial Version', 1, 0, 1, NULL, 2, 8, NULL),
(174, 1, 'About', 'about', '', '2017-02-22 09:44:09', '2017-02-22 09:44:09', 'Initial Version', 1, 0, 1, NULL, 2, 6, NULL),
(175, 1, 'Careers', 'careers', '', '2017-02-22 09:44:09', '2017-02-22 09:44:09', 'Initial Version', 1, 0, 1, NULL, 2, 6, NULL),
(176, 1, 'Frequently Asked Questions', 'faq', '', '2017-02-22 09:44:09', '2017-02-22 09:44:09', 'Initial Version', 1, 0, 1, NULL, 2, 6, NULL),
(177, 1, '', NULL, NULL, '2017-02-22 09:44:09', '2017-02-22 09:44:09', 'Initial Version', 1, 0, NULL, NULL, 0, 7, NULL),
(178, 1, 'Web Developer', 'web-developer', 'Curabitur sagittis elementum felis at sodales. Nullam fermentum at urna quis accumsan. Nam bibendum leo nisi, lacinia molestie arcu consequat quis. Morbi at suscipit risus. Sed consequat eleifend metus, vitae malesuada eros elementum sed. Fusce risus felis, viverra et dignissim at, lobortis non est. Lorem ipsum dolor sit amet, consectetur adipiscing elit. Nullam sit amet consectetur lacus.', '2017-02-22 09:44:09', '2017-02-22 09:44:09', 'Initial Version', 1, 0, 1, NULL, 2, 7, NULL),
(179, 1, 'Sales Associate', 'sales-associate', 'Curabitur sagittis elementum felis at sodales. Nullam fermentum at urna quis accumsan. Nam bibendum leo nisi, lacinia molestie arcu consequat quis. Morbi at suscipit risus. Sed consequat eleifend metus, vitae malesuada eros elementum sed. Fusce risus felis, viverra et dignissim at, lobortis non est. Lorem ipsum dolor sit amet, consectetur adipiscing elit. Nullam sit amet consectetur lacus.', '2017-02-22 09:44:09', '2017-02-22 09:44:09', 'Initial Version', 1, 0, 1, NULL, 2, 7, NULL),
(180, 1, '', NULL, NULL, '2017-02-22 09:44:09', '2017-02-22 09:44:09', 'Initial Version', 1, 0, NULL, NULL, 0, 5, NULL),
(181, 1, '', NULL, NULL, '2017-02-22 09:44:09', '2017-02-22 09:44:09', 'Initial Version', 1, 0, NULL, NULL, 0, 7, NULL),
(182, 1, '', NULL, NULL, '2017-02-22 09:44:09', '2017-02-22 09:44:09', 'Initial Version', 1, 0, NULL, NULL, 0, 8, NULL),
(183, 1, 'Navigation', 'navigation', NULL, '2017-02-22 09:47:40', '2017-02-22 09:47:40', 'Initial Version', 0, 0, 1, NULL, 2, 0, NULL),
(183, 2, 'Navigation', 'navigation', NULL, '2017-02-22 09:47:40', '2017-02-22 10:58:54', 'New Version 2', 0, 0, 1, 1, 2, 0, NULL),
(183, 3, 'Navigation', 'navigation', NULL, '2017-02-22 09:47:40', '2017-02-23 14:24:55', 'New Version 3', 0, 0, 1, 1, 2, 0, NULL),
(183, 4, 'Navigation', 'navigation', NULL, '2017-02-22 09:47:40', '2017-02-23 14:25:24', 'New Version 4', 0, 0, 1, 1, 2, 0, NULL),
(183, 5, 'Navigation', 'navigation', NULL, '2017-02-22 09:47:40', '2017-02-23 14:25:35', 'New Version 5', 0, 0, 1, 1, 2, 0, NULL),
(183, 6, 'Navigation', 'navigation', NULL, '2017-02-22 09:47:40', '2017-02-23 14:25:50', 'New Version 6', 0, 0, 1, 1, 2, 0, NULL),
(183, 7, 'Navigation', 'navigation', NULL, '2017-02-22 09:47:40', '2017-02-23 14:30:05', 'New Version 7', 0, 0, 1, 1, 2, 0, NULL),
(183, 8, 'Navigation', 'navigation', NULL, '2017-02-22 09:47:40', '2017-02-27 14:47:27', 'New Version 8', 1, 0, 1, 1, 2, 0, NULL),
(201, 1, '', NULL, NULL, '2017-02-22 11:10:39', '2017-02-22 11:10:39', 'Initial Version', 1, 0, NULL, NULL, 0, 10, NULL),
(202, 1, '', NULL, NULL, '2017-02-22 11:10:39', '2017-02-22 11:10:39', 'Initial Version', 1, 0, NULL, NULL, 0, 9, NULL),
(203, 1, 'AFK', 'afk', '', '2017-02-22 11:10:39', '2017-02-22 11:10:39', 'Initial Version', 0, 0, 1, 1, 2, 10, NULL),
(203, 2, 'AFK', 'afk', '', '2017-02-22 11:10:39', '2017-02-22 14:31:21', 'Version 2', 0, 0, 1, 1, 2, 10, NULL),
(203, 3, 'AFK', 'afk', '', '2017-02-22 11:10:00', '2017-02-23 10:15:28', 'New Version 3', 0, 0, 1, 1, 2, 10, NULL),
(203, 4, 'AFK', 'afk', '', '2017-02-22 11:10:00', '2017-02-23 10:18:25', 'Version 4', 0, 0, 1, 1, 2, 10, NULL),
(203, 5, 'AFK', 'afk', '', '2017-02-22 11:10:00', '2017-02-23 10:38:26', 'Version 5', 0, 0, 1, 1, 2, 10, NULL),
(203, 6, 'AFK', 'afk', '', '2017-02-22 11:10:00', '2017-02-23 10:38:46', 'Version 6', 0, 0, 1, 1, 2, 10, NULL),
(203, 7, 'AFK', 'afk', '', '2017-02-22 11:10:00', '2017-02-23 10:39:12', 'Version 7', 0, 0, 1, 1, 2, 10, NULL),
(203, 8, 'AFK', 'afk', '', '2017-02-22 11:10:00', '2017-02-23 10:44:02', 'Version 8', 0, 0, 1, 1, 2, 10, NULL),
(203, 9, 'AFK', 'afk', '', '2017-02-22 11:10:00', '2017-02-23 12:29:33', 'Version 9', 0, 0, 1, 1, 2, 10, NULL),
(203, 10, 'AFK', 'afk', '', '2017-02-22 11:10:00', '2017-02-23 12:34:52', 'Version 10', 0, 0, 1, 1, 2, 10, NULL),
(203, 11, 'AKF', 'afk', '', '2017-02-22 11:10:00', '2017-02-24 12:18:20', 'New Version 11', 0, 0, 1, 1, 2, 10, NULL),
(203, 12, 'AKF', 'afk', '', '2017-02-22 11:10:00', '2017-02-24 12:42:55', 'New Version 12', 0, 0, 1, 1, 2, 9, NULL),
(203, 13, 'AKF', 'afk', '', '2017-02-22 11:10:00', '2017-02-24 12:44:40', 'Version 13', 0, 0, 1, 1, 2, 9, NULL),
(203, 14, 'AKF', 'afk', '', '2017-02-22 11:10:00', '2017-02-24 12:52:29', 'New Version 14', 0, 0, 1, 1, 2, 11, NULL),
(203, 15, 'AKF', 'afk', '', '2017-02-22 11:10:00', '2017-02-24 12:52:48', 'Version 15', 0, 0, 1, 1, 2, 11, NULL),
(203, 16, 'AKF', 'afk', '', '2017-02-22 11:10:00', '2017-02-24 12:54:06', 'Version 16', 0, 0, 1, 1, 2, 11, NULL),
(203, 17, 'AKF', 'afk', '', '2017-02-22 11:10:00', '2017-02-24 12:58:51', 'Version 17', 0, 0, 1, 1, 2, 11, NULL),
(203, 18, 'AKF', 'afk', '', '2017-02-22 11:10:00', '2017-02-24 13:32:16', 'Version 18', 0, 0, 1, 1, 2, 11, NULL),
(203, 19, 'AKF', 'afk', '', '2017-02-22 11:10:00', '2017-02-24 13:37:06', 'Version 19', 0, 0, 1, 1, 2, 11, NULL),
(203, 20, 'AKF', 'afk', '', '2017-02-22 11:10:00', '2017-02-24 14:08:55', 'Version 20', 0, 0, 1, 1, 2, 11, NULL),
(203, 21, 'AKF', 'afk', '', '2017-02-22 11:10:00', '2017-02-24 15:08:02', 'Version 21', 0, 0, 1, 1, 2, 11, NULL),
(203, 22, 'AKF', 'afk', '', '2017-02-22 11:10:00', '2017-02-24 15:10:37', 'Version 22', 0, 0, 1, 1, 2, 11, NULL),
(203, 23, 'AKF', 'afk', '', '2017-02-22 11:10:00', '2017-02-27 09:00:43', 'Version 23', 0, 0, 1, 1, 2, 11, NULL),
(203, 24, 'AKF', 'afk', '', '2017-02-22 11:10:00', '2017-02-27 09:00:58', 'Version 24', 0, 0, 1, 1, 2, 11, NULL),
(203, 25, 'AKF', 'afk', '', '2017-02-22 11:10:00', '2017-02-27 09:01:34', 'Version 25', 0, 0, 1, 1, 2, 11, NULL),
(203, 26, 'AKF', 'afk', '', '2017-02-22 11:10:00', '2017-02-27 09:11:49', 'Version 26', 0, 0, 1, 1, 2, 11, NULL),
(203, 27, 'AKF', 'afk', '', '2017-02-22 11:10:00', '2017-02-27 13:47:51', 'Version 27', 0, 0, 1, 1, 2, 11, NULL),
(203, 28, 'AKF', 'afk', '', '2017-02-22 11:10:00', '2017-02-27 13:54:08', 'Version 28', 0, 0, 1, 1, 2, 11, NULL),
(203, 29, 'AKF', 'afk', '', '2017-02-22 11:10:00', '2017-02-27 13:58:19', 'Version 29', 0, 0, 1, 1, 2, 11, NULL),
(203, 30, 'AKF', 'afk', '', '2017-02-22 11:10:00', '2017-02-27 14:25:32', 'Version 30', 0, 0, 1, 1, 2, 11, NULL),
(203, 31, 'AKF', 'afk', '', '2017-02-22 11:10:00', '2017-02-27 14:47:27', 'Version 31', 1, 0, 1, 1, 2, 11, NULL),
(204, 1, 'Stoere traktaties', 'stoere-traktaties', '', '2017-02-22 11:11:00', '2017-02-22 11:11:00', 'Initial Version', 1, 0, 1, 1, 2, 10, NULL),
(205, 1, 'Initiatieven', 'initiatieven', '', '2017-02-22 11:11:16', '2017-02-22 11:11:16', 'Initial Version', 1, 0, 1, 1, 2, 9, NULL),
(206, 1, 'Contact', 'contact', '', '2017-02-22 11:11:27', '2017-02-22 11:11:27', 'Initial Version', 1, 0, 1, 1, 2, 9, NULL),
(207, 1, 'test', 'test', '', '2017-02-22 13:42:39', '2017-02-22 13:42:39', 'Initial Version', 1, 0, 1, 1, 2, 9, NULL),
(208, 1, 'test', 'test', '', '2017-02-22 13:42:51', '2017-02-22 13:42:51', 'Initial Version', 1, 0, 1, 1, 2, 9, NULL),
(209, 1, 'Stoere traktaties', 'stoere-traktaties', '', '2017-02-22 14:34:31', '2017-02-22 14:34:31', 'Initial Version', 0, 0, 1, 1, 2, 9, NULL),
(209, 2, 'Stoere traktaties', 'stoere-traktaties', '', '2017-02-22 14:34:00', '2017-02-23 10:15:39', 'New Version 2', 0, 0, 1, 1, 2, 9, NULL),
(209, 3, 'Stoere traktaties', 'stoere-traktaties', '', '2017-02-22 14:34:00', '2017-02-23 10:18:53', 'Version 3', 1, 0, 1, 1, 2, 9, NULL),
(210, 1, 'Contact', 'contact', '', '2017-02-22 14:34:41', '2017-02-22 14:34:41', 'Initial Version', 0, 0, 1, 1, 2, 10, NULL),
(210, 2, 'Contact', 'contact', '', '2017-02-22 14:34:00', '2017-02-23 10:15:50', 'New Version 2', 0, 0, 1, 1, 2, 10, NULL),
(210, 3, 'Contact', 'contact', '', '2017-02-22 14:34:00', '2017-02-23 10:19:14', 'Version 3', 1, 0, 1, 1, 2, 10, NULL),
(211, 1, 'Initiatieven', 'initiatieven', '', '2017-02-22 14:53:02', '2017-02-22 14:53:02', 'Initial Version', 0, 0, 1, 1, 2, 10, NULL),
(211, 2, 'Initiatieven', 'initiatieven', '', '2017-02-22 14:53:00', '2017-02-22 14:53:12', 'New Version 2', 0, 0, 1, 1, 2, 10, NULL),
(211, 3, 'Initiatieven', 'initiatieven', '', '2017-02-22 14:53:00', '2017-02-23 10:16:00', 'New Version 3', 0, 0, 1, 1, 2, 10, NULL),
(211, 4, 'Initiatieven', 'initiatieven', '', '2017-02-22 14:53:00', '2017-02-23 14:24:09', 'New Version 4', 0, 0, 1, 1, 2, 10, NULL),
(211, 5, 'Initiatieven', 'initiatieven', '', '2017-02-22 14:53:00', '2017-02-23 16:39:59', 'New Version 5', 0, 0, 1, 1, 2, 9, NULL),
(211, 6, 'Initiatieven', 'initiatieven', '', '2017-02-22 14:53:00', '2017-02-23 16:40:18', 'Version 6', 0, 0, 1, 1, 2, 9, NULL),
(211, 7, 'Initiatieven', 'initiatieven', '', '2017-02-22 14:53:00', '2017-02-27 10:07:00', 'Version 7', 0, 0, 1, 1, 2, 9, NULL),
(211, 8, 'Initiatieven', 'initiatieven', '', '2017-02-22 14:53:00', '2017-02-27 13:45:13', 'New Version 8', 1, 0, 1, 1, 2, 9, NULL),
(212, 1, 'Kinderfeestjes', 'kinderfeestjes', '', '2017-02-22 14:53:33', '2017-02-22 14:53:33', 'Initial Version', 0, 0, 1, 1, 2, 9, NULL),
(212, 2, 'Kinderfeestjes', 'kinderfeestjes', '', '2017-02-22 14:53:00', '2017-02-22 15:08:17', 'New Version 2', 0, 0, 1, 1, 2, 9, NULL),
(212, 3, 'Kinderfeestjes', 'kinderfeestjes', 'Gelukkig op je feestje', '2017-02-22 14:53:00', '2017-02-22 15:27:07', 'New Version 3', 0, 0, 1, 1, 2, 9, NULL),
(212, 4, 'Kinderfeestjes', 'kinderfeestjes', 'Gelukkig op je feestje', '2017-02-22 14:53:00', '2017-02-23 10:16:14', 'New Version 4', 0, 0, 1, 1, 2, 9, NULL),
(212, 5, 'Kinderfeestjes', 'kinderfeestjes', 'Gelukkig op je feestje', '2017-02-22 14:53:00', '2017-02-23 10:19:40', 'Version 5', 0, 0, 1, 1, 2, 9, NULL),
(212, 6, 'Kinderfeestjes', 'kinderfeestjes', 'Gelukkig op je feestje', '2017-02-22 14:53:00', '2017-02-23 14:50:38', 'Version 6', 0, 0, 1, 1, 2, 9, NULL),
(212, 7, 'Kinderfeestjes', 'kinderfeestjes', 'Gelukkig op je feestje', '2017-02-22 14:53:00', '2017-02-23 14:51:44', 'Version 7', 1, 0, 1, 1, 2, 9, NULL),
(213, 1, 'Zomerkampen', 'zomerkampen', '', '2017-02-22 14:53:43', '2017-02-22 14:53:43', 'Initial Version', 0, 0, 1, 1, 2, 9, NULL),
(213, 2, 'Zomerkampen', 'zomerkampen', '', '2017-02-22 14:53:00', '2017-02-22 15:08:30', 'New Version 2', 0, 0, 1, 1, 2, 9, NULL),
(213, 3, 'Zomerkampen', 'zomerkampen', 'Oergelukkig zomerkamp', '2017-02-22 14:53:00', '2017-02-22 15:27:33', 'New Version 3', 0, 0, 1, 1, 2, 9, NULL),
(213, 4, 'Zomerkampen', 'zomerkampen', 'Oergelukkig zomerkamp', '2017-02-22 14:53:00', '2017-02-23 10:16:25', 'New Version 4', 0, 0, 1, 1, 2, 9, NULL),
(213, 5, 'Zomerkampen', 'zomerkampen', 'Oergelukkig zomerkamp', '2017-02-22 14:53:00', '2017-02-23 10:20:09', 'Version 5', 0, 0, 1, 1, 2, 9, NULL),
(213, 6, 'Zomerkampen', 'zomerkampen', 'Oergelukkig zomerkamp', '2017-02-22 14:53:00', '2017-02-23 14:52:20', 'Version 6', 1, 0, 1, 1, 2, 9, NULL),
(214, 1, 'Busy Bee', 'busy-bee', '', '2017-02-22 14:53:52', '2017-02-22 14:53:52', 'Initial Version', 0, 0, 1, 1, 2, 9, NULL),
(214, 2, 'Busy Bee', 'busy-bee', '', '2017-02-22 14:53:00', '2017-02-22 15:08:41', 'New Version 2', 0, 0, 1, 1, 2, 9, NULL),
(214, 3, 'Busy Bee', 'busy-bee', 'Stoer naar school', '2017-02-22 14:53:00', '2017-02-22 15:27:45', 'New Version 3', 0, 0, 1, 1, 2, 9, NULL),
(214, 4, 'Busy Bee', 'busy-bee', 'Stoer naar school', '2017-02-22 14:53:00', '2017-02-23 10:16:37', 'New Version 4', 0, 0, 1, 1, 2, 9, NULL),
(214, 5, 'Busy Bee', 'busy-bee', 'Stoer naar school', '2017-02-22 14:53:00', '2017-02-23 10:20:28', 'Version 5', 0, 0, 1, 1, 2, 9, NULL),
(214, 6, 'Busy Bee', 'busy-bee', 'Stoer naar school', '2017-02-22 14:53:00', '2017-02-23 14:53:39', 'Version 6', 0, 0, 1, 1, 2, 9, NULL),
(214, 7, 'Busy Bee', 'busy-bee', 'Stoer naar school', '2017-02-22 14:53:00', '2017-02-23 14:54:26', 'Version 7', 1, 0, 1, 1, 2, 9, NULL),
(215, 1, 'Stoere traktaties', 'stoere', '', '2017-02-22 14:54:01', '2017-02-22 14:54:01', 'Initial Version', 0, 0, 1, 1, 2, 9, NULL),
(215, 2, 'Stoere traktaties', 'stoere', '', '2017-02-22 14:54:00', '2017-02-22 15:08:52', 'New Version 2', 0, 0, 1, 1, 2, 9, NULL),
(215, 3, 'Stoere Traktaties', 'stoere', 'Het lekkerste lespakket voor de basisschool', '2017-02-22 14:54:00', '2017-02-22 15:28:17', 'New Version 3', 0, 0, 1, 1, 2, 9, NULL),
(215, 4, 'Stoere Traktaties', 'stoere', 'Het lekkerste lespakket voor de basisschool', '2017-02-22 14:54:00', '2017-02-23 10:16:50', 'New Version 4', 0, 0, 1, 1, 2, 9, NULL),
(215, 5, 'Stoere Traktaties', 'stoere', 'Het lekkerste lespakket voor de basisschool', '2017-02-22 14:54:00', '2017-02-23 10:20:47', 'Version 5', 0, 0, 1, 1, 2, 9, NULL),
(215, 6, 'Stoere Traktaties', 'stoere', 'Het lekkerste lespakket voor de basisschool', '2017-02-22 14:54:00', '2017-02-23 14:56:50', 'Version 6', 0, 0, 1, 1, 2, 9, NULL),
(215, 7, 'Stoere Traktaties', 'stoere', 'Het lekkerste lespakket voor de basisschool', '2017-02-22 14:54:00', '2017-02-23 15:01:56', 'New Version 7', 0, 0, 1, 1, 2, 10, NULL),
(215, 8, 'Stoere Traktaties', 'stoere', 'Het lekkerste lespakket voor de basisschool', '2017-02-22 14:54:00', '2017-02-23 15:02:35', 'Version 8', 0, 0, 1, 1, 2, 10, NULL),
(215, 9, 'Stoere Traktaties', 'stoere', 'Het lekkerste lespakket voor de basisschool', '2017-02-22 14:54:00', '2017-02-23 15:05:01', 'Version 9', 0, 0, 1, 1, 2, 10, NULL),
(215, 10, 'Stoere Traktaties', 'stoere', 'Het lekkerste lespakket voor de basisschool', '2017-02-22 14:54:00', '2017-02-23 15:08:32', 'Version 10', 0, 0, 1, 1, 2, 10, NULL),
(215, 11, 'Stoere Traktaties', 'stoere', 'Het lekkerste lespakket voor de basisschool', '2017-02-22 14:54:00', '2017-02-23 15:24:12', 'Version 11', 0, 0, 1, 1, 2, 10, NULL),
(215, 12, 'Stoere Traktaties', 'stoere', 'Het lekkerste lespakket voor de basisschool', '2017-02-22 14:54:00', '2017-02-23 15:25:44', 'Version 12', 0, 0, 1, 1, 2, 10, NULL),
(215, 13, 'Stoere Traktaties', 'stoere-traktaties', 'Het lekkerste lespakket voor de basisschool', '2017-02-22 14:54:00', '2017-02-23 16:38:19', 'New Version 13', 0, 0, 1, 1, 2, 10, NULL),
(215, 14, 'Stoere Traktaties', 'stoere-traktaties', 'Het lekkerste lespakket voor de basisschool', '2017-02-22 14:54:00', '2017-02-23 16:39:17', 'New Version 14', 0, 0, 1, 1, 2, 10, NULL),
(215, 15, 'Stoere Traktaties', 'stoere-traktaties', 'Het lekkerste lespakket voor de basisschool', '2017-02-22 14:54:00', '2017-02-24 12:25:08', 'New Version 15', 0, 0, 1, 1, 2, 11, NULL),
(215, 16, 'Stoere Traktaties', 'stoere-traktaties', 'Het lekkerste lespakket voor de basisschool', '2017-02-22 14:54:00', '2017-02-24 12:27:55', 'Version 16', 1, 0, 1, 1, 2, 11, NULL),
(216, 1, 'Sponsoring', 'sponsoring', '', '2017-02-22 14:54:10', '2017-02-22 14:54:10', 'Initial Version', 0, 0, 1, 1, 2, 9, NULL),
(216, 2, 'Sponsoring', 'sponsoring', '', '2017-02-22 14:54:00', '2017-02-22 15:09:08', 'New Version 2', 0, 0, 1, 1, 2, 9, NULL),
(216, 3, 'Singelloop', 'sponsoring', 'Gelukkig sportief', '2017-02-22 14:54:00', '2017-02-22 15:28:43', 'New Version 3', 0, 0, 1, 1, 2, 9, NULL),
(216, 4, 'Singelloop', 'sponsoring', 'Gelukkig sportief', '2017-02-22 14:54:00', '2017-02-23 10:17:07', 'New Version 4', 0, 0, 1, 1, 2, 9, NULL),
(216, 5, 'Singelloop', 'sponsoring', 'Gelukkig sportief', '2017-02-22 14:54:00', '2017-02-23 10:21:09', 'Version 5', 1, 0, 1, 1, 2, 9, NULL),
(217, 1, 'Sinterklaas', 'sinterklaas', '', '2017-02-22 14:54:21', '2017-02-22 14:54:21', 'Initial Version', 0, 0, 1, 1, 2, 9, NULL),
(217, 2, 'Sinterklaas', 'sinterklaas', '', '2017-02-22 14:54:00', '2017-02-22 15:09:17', 'New Version 2', 0, 0, 1, 1, 2, 9, NULL),
(217, 3, 'Sinterklaas', 'sinterklaas', 'Gelukkig verrast', '2017-02-22 14:54:00', '2017-02-22 15:28:58', 'New Version 3', 0, 0, 1, 1, 2, 9, NULL),
(217, 4, 'Sinterklaas', 'sinterklaas', 'Gelukkig verrast', '2017-02-22 14:54:00', '2017-02-23 10:17:17', 'New Version 4', 0, 0, 1, 1, 2, 9, NULL),
(217, 5, 'Sinterklaas', 'sinterklaas', 'Gelukkig verrast', '2017-02-22 14:54:00', '2017-02-23 10:21:30', 'Version 5', 0, 0, 1, 1, 2, 9, NULL),
(217, 6, 'Sinterklaas', 'sinterklaas', 'Gelukkig verrast', '2017-02-22 14:54:00', '2017-02-23 15:09:27', 'Version 6', 1, 0, 1, 1, 2, 9, NULL),
(218, 1, 'Oogappeltje', 'oogappeltje', '', '2017-02-22 14:54:32', '2017-02-22 14:54:32', 'Initial Version', 0, 0, 1, 1, 2, 9, NULL),
(218, 2, 'Oogappeltje', 'oogappeltje', '', '2017-02-22 14:54:00', '2017-02-22 15:09:26', 'New Version 2', 0, 0, 1, 1, 2, 9, NULL),
(218, 3, 'Oogappeltje', 'oogappeltje', 'Geluksknuffel', '2017-02-22 14:54:00', '2017-02-22 15:29:08', 'New Version 3', 0, 0, 1, 1, 2, 9, NULL),
(218, 4, 'Oogappeltje', 'oogappeltje', 'Geluksknuffel', '2017-02-22 14:54:00', '2017-02-23 10:17:29', 'New Version 4', 0, 0, 1, 1, 2, 9, NULL),
(218, 5, 'Oogappeltje', 'oogappeltje', 'Geluksknuffel', '2017-02-22 14:54:00', '2017-02-23 10:21:56', 'Version 5', 1, 0, 1, 1, 2, 9, NULL),
(219, 1, 'Test', 'test', 'sd', '2017-02-22 15:30:15', '2017-02-22 15:30:15', 'Initial Version', 0, 0, 1, 1, 2, 9, NULL),
(219, 2, 'Test', 'test', 'sd', '2017-02-22 15:30:00', '2017-02-22 15:30:31', 'New Version 2', 1, 0, 1, 1, 2, 9, NULL),
(220, 1, 'Footer-links', 'footer-links', NULL, '2017-02-23 10:26:49', '2017-02-23 10:26:49', 'Initial Version', 0, 0, 1, NULL, 2, 0, NULL),
(220, 2, 'Footer-links', 'footer-links', NULL, '2017-02-23 10:26:49', '2017-02-23 10:27:04', 'New Version 2', 1, 0, 1, 1, 2, 0, NULL),
(221, 1, 'Footer-midden', 'footer-midden', NULL, '2017-02-23 10:26:49', '2017-02-23 10:26:49', 'Initial Version', 0, 0, 1, NULL, 2, 0, NULL),
(221, 2, 'Footer-midden', 'footer-midden', NULL, '2017-02-23 10:26:49', '2017-02-23 10:27:14', 'New Version 2', 1, 0, 1, 1, 2, 0, NULL),
(222, 1, 'sdasd', 'sdasd', '', '2017-02-23 10:27:50', '2017-02-23 10:27:50', 'Initial Version', 1, 0, 1, 1, 2, 9, NULL),
(223, 1, 'Test 1 kolom', 'test-1-kolom', 'Test', '2017-02-23 12:44:59', '2017-02-23 12:44:59', 'Initial Version', 0, 0, 1, 1, 2, 9, NULL),
(223, 2, 'Test 1 kolom', 'test-1-kolom', 'Test', '2017-02-23 12:44:00', '2017-02-23 12:45:22', 'New Version 2', 1, 0, 1, 1, 2, 9, NULL),
(224, 1, 'Stoere traktaties', 'stoere-traktaties', '', '2017-02-23 14:04:15', '2017-02-23 14:04:15', 'Initial Version', 1, 0, 1, 1, 2, 9, NULL),
(225, 1, 'Contact', 'contact', '', '2017-02-23 14:06:11', '2017-02-23 14:06:11', 'Initial Version', 0, 0, 1, 1, 2, 9, NULL),
(225, 2, 'Contact', 'contact', '', '2017-02-23 14:06:11', '2017-02-23 15:29:00', 'New Version 2', 0, 0, 1, 1, 2, 10, NULL),
(225, 3, 'Contact', 'contact', '', '2017-02-23 14:06:11', '2017-02-23 15:31:47', 'Version 3', 0, 0, 1, 1, 2, 10, NULL),
(225, 4, 'Contact', 'contact', '', '2017-02-23 14:06:11', '2017-02-24 15:19:06', 'New Version 4', 0, 0, 1, 1, 2, 12, NULL),
(225, 5, 'Contact', 'contact', '', '2017-02-23 14:06:11', '2017-02-24 15:19:31', 'Version 5', 0, 0, 1, 1, 2, 12, NULL),
(225, 6, 'Contact', 'contact', '', '2017-02-23 14:06:11', '2017-02-24 15:21:01', 'Version 6', 0, 0, 1, 1, 2, 12, NULL),
(225, 7, 'Contact', 'contact', '', '2017-02-23 14:06:11', '2017-02-24 15:21:31', 'Version 7', 0, 0, 1, 1, 2, 12, NULL),
(225, 8, 'Contact', 'contact', '', '2017-02-23 14:06:11', '2017-02-24 15:24:57', 'Version 8', 0, 0, 1, 1, 2, 12, NULL),
(225, 9, 'Contact', 'contact', '', '2017-02-23 14:06:11', '2017-02-24 15:26:53', 'Version 9', 0, 0, 1, 1, 2, 12, NULL),
(225, 10, 'Contact', 'contact', '', '2017-02-23 14:06:11', '2017-02-24 15:32:27', 'Version 10', 0, 0, 1, 1, 2, 12, NULL),
(225, 11, 'Contact', 'contact', '', '2017-02-23 14:06:11', '2017-02-24 16:27:24', 'Version 11', 0, 0, 1, 1, 2, 12, NULL),
(225, 12, 'Contact', 'contact', '', '2017-02-23 14:06:11', '2017-02-24 16:28:29', 'Version 12', 0, 0, 1, 1, 2, 12, NULL),
(225, 13, 'Contact', 'contact', '', '2017-02-23 14:06:11', '2017-02-24 16:36:34', 'Version 13', 0, 0, 1, 1, 2, 12, NULL),
(225, 14, 'Contact', 'contact', '', '2017-02-23 14:06:11', '2017-02-27 09:23:31', 'Version 14', 0, 0, 1, 1, 2, 12, NULL),
(225, 15, 'Contact', 'contact', '', '2017-02-23 14:06:11', '2017-02-27 09:28:21', 'Version 15', 0, 0, 1, 1, 2, 12, NULL),
(225, 16, 'Contact', 'contact', '', '2017-02-23 14:06:11', '2017-02-27 09:30:42', 'Version 16', 1, 0, 1, 1, 2, 12, NULL),
(226, 1, 'Stoere traktaties', 'stoere-traktaties', '', '2017-02-23 14:06:43', '2017-02-23 14:06:43', 'Version 1', 0, 0, 1, 1, 2, 10, NULL),
(226, 2, 'Stoere traktaties', 'stoere-traktaties', '', '2017-02-23 14:06:43', '2017-02-23 15:01:16', 'New Version 2', 1, 0, 1, 1, 2, 10, NULL),
(227, 1, 'Initiatieven', 'initiatieven', '', '2017-02-23 14:23:20', '2017-02-23 14:23:20', 'Initial Version', 1, 0, 1, 1, 2, 10, NULL),
(228, 1, 'Steun ons', 'steun-ons', '', '2017-02-23 15:33:33', '2017-02-23 15:33:33', 'Initial Version', 0, 0, 1, 1, 2, 10, NULL),
(228, 2, 'Steun ons', 'steun-ons', '', '2017-02-23 15:33:33', '2017-02-23 15:35:50', 'Version 2', 0, 0, 1, 1, 2, 10, NULL),
(228, 3, 'Steun ons', 'steun-ons', '', '2017-02-23 15:33:33', '2017-02-23 15:43:11', 'Version 3', 0, 0, 1, 1, 2, 10, NULL);
INSERT INTO `CollectionVersions` (`cID`, `cvID`, `cvName`, `cvHandle`, `cvDescription`, `cvDatePublic`, `cvDateCreated`, `cvComments`, `cvIsApproved`, `cvIsNew`, `cvAuthorUID`, `cvApproverUID`, `pThemeID`, `pTemplateID`, `cvActivateDatetime`) VALUES
(228, 4, 'Steun ons', 'steun-ons', '', '2017-02-23 15:33:33', '2017-02-23 15:43:57', 'Version 4', 0, 0, 1, 1, 2, 10, NULL),
(228, 5, 'Steun ons', 'steun-ons', '', '2017-02-23 15:33:33', '2017-02-27 10:08:19', 'Version 5', 0, 0, 1, 1, 2, 10, NULL),
(228, 6, 'Steun ons', 'steun-ons', '', '2017-02-23 15:33:00', '2017-02-27 13:45:23', 'New Version 6', 1, 0, 1, 1, 2, 10, NULL),
(229, 1, 'Giften', 'giften', '', '2017-02-23 16:26:40', '2017-02-23 16:26:40', 'Version 1', 0, 0, 1, 1, 2, 9, NULL),
(229, 2, 'Giften', 'giften', '', '2017-02-23 16:26:40', '2017-02-23 16:27:53', 'Version 2', 1, 0, 1, 1, 2, 9, NULL),
(230, 1, 'StOerGelukkig', 'stoergelukkig', '', '2017-02-23 16:29:20', '2017-02-23 16:29:20', 'Initial Version', 0, 1, 1, NULL, 2, 10, NULL),
(231, 1, 'StOerGelukkig', 'stoergelukkig', '', '2017-02-23 16:31:32', '2017-02-23 16:31:32', 'Initial Version', 0, 0, 1, 1, 2, 10, NULL),
(231, 2, 'StOerGelukkig', 'stoergelukkig', '', '2017-02-23 16:31:32', '2017-02-23 16:32:26', 'Version 2', 0, 0, 1, 1, 2, 10, NULL),
(231, 3, 'StOerGelukkig', 'stoergelukkig', '', '2017-02-23 16:31:32', '2017-02-23 16:32:46', 'Version 3', 0, 0, 1, 1, 2, 10, NULL),
(231, 4, 'StOerGelukkig', 'stoergelukkig', '', '2017-02-23 16:31:32', '2017-02-23 16:35:00', 'Version 4', 0, 0, 1, 1, 2, 10, NULL),
(231, 5, 'StOerGelukkig', 'stoergelukkig', '', '2017-02-23 16:31:00', '2017-02-27 13:44:57', 'New Version 5', 0, 0, 1, 1, 2, 10, NULL),
(231, 6, 'StOerGelukkig', 'stoergelukkig', 'stOerGelukkig is de naam die wij gegeven hebben aan onze missie', '2017-02-23 16:31:00', '2017-02-27 14:41:39', 'New Version 6', 0, 0, 1, 1, 2, 10, NULL),
(231, 7, 'StOerGelukkig', 'stoergelukkig', 'stOerGelukkig is de naam die wij gegeven hebben aan onze missie', '2017-02-23 16:31:00', '2017-02-27 15:40:28', 'Version 7', 1, 0, 1, 1, 2, 10, NULL),
(232, 1, 'Stoere traktaties', 'httpaartsenfruit-kids-foundationdevinitiatievenstoere-traktaties', NULL, '2017-02-23 16:38:50', '2017-02-23 16:38:50', 'Initial Version', 1, 0, NULL, NULL, 2, 0, NULL),
(233, 1, '', NULL, NULL, '2017-02-24 12:25:33', '2017-02-24 12:25:33', 'Initial Version', 1, 0, NULL, NULL, 0, 11, NULL),
(234, 1, 'Financieel overzicht', 'financieel-overzicht', 'Download de pdf', '2017-02-24 12:40:32', '2017-02-24 12:40:32', 'Initial Version', 0, 0, 1, 1, 2, 9, NULL),
(234, 2, 'Financieel overzicht', 'financieel-overzicht', 'Download de pdf', '2017-02-24 12:40:00', '2017-02-24 12:42:40', 'New Version 2', 1, 0, 1, 1, 2, 9, NULL),
(235, 1, 'Beleidsplan', 'beleidsplan', 'Download de pdf', '2017-02-24 12:40:46', '2017-02-24 12:40:46', 'Initial Version', 0, 0, 1, 1, 2, 9, NULL),
(235, 2, 'Beleidsplan', 'beleidsplan', 'Download de pdf', '2017-02-24 12:40:00', '2017-02-24 12:42:30', 'New Version 2', 1, 0, 1, 1, 2, 9, NULL),
(236, 1, 'Hoe het begon', 'hoe-het-begon', 'Oprichting AKF', '2017-02-24 12:41:04', '2017-02-24 12:41:04', 'Initial Version', 0, 0, 1, 1, 2, 9, NULL),
(236, 2, 'Hoe het begon', 'hoe-het-begon', 'Oprichting AKF', '2017-02-24 12:41:00', '2017-02-24 12:42:21', 'New Version 2', 0, 0, 1, 1, 2, 9, NULL),
(236, 3, 'Hoe het begon', 'hoe-het-begon', 'Oprichting AKF', '2017-02-24 12:41:00', '2017-02-24 12:49:41', 'New Version 3', 0, 0, 1, 1, 2, 9, NULL),
(236, 4, 'Hoe het begon', 'hoe-het-begon', 'Lees meer over de oprichting van AKF, de uitleg van de initiatieven en hoe het begon', '2017-02-24 12:41:00', '2017-02-27 13:51:57', 'New Version 4', 0, 0, 1, 1, 2, 9, NULL),
(236, 5, 'Hoe het begon', 'hoe-het-begon', 'Lees meer over de oprichting van AKF, de uitleg van de initiatieven en hoe het begon', '2017-02-24 12:41:00', '2017-02-27 15:30:27', 'Version 5', 1, 0, 1, 1, 2, 9, NULL),
(237, 1, 'Terugblik', 'terugblik', 'Gerealiseerde initiatieven', '2017-02-24 12:41:26', '2017-02-24 12:41:26', 'Initial Version', 0, 0, 1, 1, 2, 9, NULL),
(237, 2, 'Terugblik', 'terugblik', 'Gerealiseerde initiatieven', '2017-02-24 12:41:00', '2017-02-24 12:41:42', 'New Version 2', 0, 0, 1, 1, 2, 9, NULL),
(237, 3, 'Terugblik', 'terugblik', 'Gerealiseerde initiatieven', '2017-02-24 12:41:00', '2017-02-24 12:42:05', 'New Version 3', 0, 0, 1, 1, 2, 9, NULL),
(237, 4, 'Terugblik', 'terugblik', 'Gerealiseerde initiatieven', '2017-02-24 12:41:00', '2017-02-24 12:49:25', 'New Version 4', 0, 0, 1, 1, 2, 9, NULL),
(237, 5, 'Terugblik', 'terugblik', 'Lees meer over de gerealiseerde initiatieven', '2017-02-24 12:41:00', '2017-02-27 13:52:15', 'New Version 5', 0, 0, 1, 1, 2, 9, NULL),
(237, 6, 'Terugblik', 'terugblik', 'Lees meer over de gerealiseerde initiatieven', '2017-02-24 12:41:00', '2017-02-27 15:15:38', 'Version 6', 0, 0, 1, 1, 2, 9, NULL),
(237, 7, 'Terugblik', 'terugblik', 'Lees meer over de gerealiseerde initiatieven', '2017-02-24 12:41:00', '2017-02-27 15:16:01', 'New Version 7', 0, 0, 1, 1, 2, 10, NULL),
(237, 8, 'Terugblik', 'terugblik', 'Lees meer over de gerealiseerde initiatieven', '2017-02-24 12:41:00', '2017-02-27 15:16:36', 'Version 8', 0, 0, 1, 1, 2, 10, NULL),
(237, 9, 'Terugblik', 'terugblik', 'Lees meer over de gerealiseerde initiatieven', '2017-02-24 12:41:00', '2017-02-27 15:18:38', 'Version 9', 0, 0, 1, 1, 2, 10, NULL),
(237, 10, 'Terugblik', 'terugblik', 'Lees meer over de gerealiseerde initiatieven', '2017-02-24 12:41:00', '2017-02-27 15:19:01', 'Version 10', 0, 0, 1, 1, 2, 10, NULL),
(237, 11, 'Terugblik', 'terugblik', 'Lees meer over de gerealiseerde initiatieven', '2017-02-24 12:41:00', '2017-02-27 15:19:13', 'Version 11', 0, 0, 1, 1, 2, 10, NULL),
(237, 12, 'Terugblik', 'terugblik', 'Lees meer over de gerealiseerde initiatieven', '2017-02-24 12:41:00', '2017-02-27 15:22:11', 'Version 12', 0, 0, 1, 1, 2, 10, NULL),
(237, 13, 'Terugblik', 'terugblik', 'Lees meer over de gerealiseerde initiatieven', '2017-02-24 12:41:00', '2017-02-27 15:22:26', 'Version 13', 1, 0, 1, 1, 2, 10, NULL),
(238, 1, '', NULL, NULL, '2017-02-24 15:21:21', '2017-02-24 15:21:21', 'Initial Version', 1, 0, NULL, NULL, 0, 12, NULL),
(239, 1, 'Naam 1', 'naam-1', 'Functie 1', '2017-02-24 16:24:01', '2017-02-24 16:24:01', 'Initial Version', 0, 0, 1, 1, 2, 9, NULL),
(239, 2, 'Naam 1', 'naam-1', 'Gegevens 1', '2017-02-24 16:24:00', '2017-02-24 16:24:26', 'New Version 2', 0, 0, 1, 1, 2, 9, NULL),
(239, 3, 'Naam 1', 'naam-1', 'Gegevens 1', '2017-02-24 16:24:00', '2017-02-24 16:25:35', 'New Version 3', 0, 0, 1, 1, 2, 9, NULL),
(239, 4, 'Naam 1', 'naam-1', 'Gegevens 1', '2017-02-24 16:24:00', '2017-02-24 16:30:14', 'New Version 4', 1, 0, 1, 1, 2, 9, NULL),
(240, 1, 'Naam 2', 'naam-2', 'Gegevens 2', '2017-02-24 16:24:15', '2017-02-24 16:24:15', 'Initial Version', 0, 0, 1, 1, 2, 9, NULL),
(240, 2, 'Naam 2', 'naam-2', 'Gegevens 2', '2017-02-24 16:24:00', '2017-02-24 16:25:46', 'New Version 2', 0, 0, 1, 1, 2, 9, NULL),
(240, 3, 'Naam 2', 'naam-2', 'Gegevens 2', '2017-02-24 16:24:00', '2017-02-24 16:30:30', 'New Version 3', 1, 0, 1, 1, 2, 9, NULL),
(241, 1, 'Naam 3', 'naam-3', 'Gegevens 3', '2017-02-24 16:24:42', '2017-02-24 16:24:42', 'Initial Version', 0, 0, 1, 1, 2, 9, NULL),
(241, 2, 'Naam 3', 'naam-3', 'Gegevens 3', '2017-02-24 16:24:00', '2017-02-24 16:25:56', 'New Version 2', 0, 0, 1, 1, 2, 9, NULL),
(241, 3, 'Naam 3', 'naam-3', 'Gegevens 3', '2017-02-24 16:24:00', '2017-02-24 16:30:43', 'New Version 3', 1, 0, 1, 1, 2, 9, NULL),
(242, 1, 'Naam 4', 'naam-4', 'Gegevens 4', '2017-02-24 16:24:53', '2017-02-24 16:24:53', 'Initial Version', 0, 0, 1, 1, 2, 9, NULL),
(242, 2, 'Naam 4', 'naam-4', 'Gegevens 4', '2017-02-24 16:24:00', '2017-02-24 16:26:05', 'New Version 2', 0, 0, 1, 1, 2, 9, NULL),
(242, 3, 'Naam 4', 'naam-4', 'Gegevens 4', '2017-02-24 16:24:00', '2017-02-24 16:30:57', 'New Version 3', 1, 0, 1, 1, 2, 9, NULL),
(243, 1, 'Naam 5', 'naam-5', 'Gegevens 5', '2017-02-24 16:25:06', '2017-02-24 16:25:06', 'Initial Version', 0, 0, 1, 1, 2, 9, NULL),
(243, 2, 'Naam 5', 'naam-5', 'Gegevens 5', '2017-02-24 16:25:00', '2017-02-24 16:26:12', 'New Version 2', 0, 0, 1, 1, 2, 9, NULL),
(243, 3, 'Naam 5', 'naam-5', 'Gegevens 5', '2017-02-24 16:25:00', '2017-02-24 16:31:09', 'New Version 3', 1, 0, 1, 1, 2, 9, NULL),
(244, 1, 'Naam 6', 'naam-6', 'Gegevens 6', '2017-02-24 16:25:16', '2017-02-24 16:25:16', 'Initial Version', 0, 0, 1, 1, 2, 9, NULL),
(244, 2, 'Naam 6', 'naam-6', 'Gegevens 6', '2017-02-24 16:25:00', '2017-02-24 16:26:19', 'New Version 2', 0, 0, 1, 1, 2, 9, NULL),
(244, 3, 'Naam 6', 'naam-6', 'Gegevens 6', '2017-02-24 16:25:00', '2017-02-24 16:31:19', 'New Version 3', 1, 0, 1, 1, 2, 9, NULL),
(245, 1, 'Naam 7', 'naam-7', 'Gegevens 7', '2017-02-24 16:25:26', '2017-02-24 16:25:26', 'Initial Version', 0, 0, 1, 1, 2, 9, NULL),
(245, 2, 'Naam 7', 'naam-7', 'Gegevens 7', '2017-02-24 16:25:00', '2017-02-24 16:26:26', 'New Version 2', 0, 0, 1, 1, 2, 9, NULL),
(245, 3, 'Naam 7', 'naam-7', 'Gegevens 7', '2017-02-24 16:25:00', '2017-02-24 16:31:30', 'New Version 3', 1, 0, 1, 1, 2, 9, NULL),
(246, 1, 'Beleidsplan', 'beleidsplan', 'Lees meer over het beleidsplan, het financiële overzicht en hoe je ons kunt steunen', '2017-02-27 13:50:59', '2017-02-27 13:50:59', 'Initial Version', 0, 0, 1, 1, 2, 10, NULL),
(246, 2, 'Beleidsplan', 'beleidsplan', 'Lees meer over het beleidsplan, het financiële overzicht en hoe je ons kunt steunen', '2017-02-27 13:50:00', '2017-02-27 13:54:31', 'New Version 2', 0, 0, 1, 1, 2, 10, NULL),
(246, 3, 'Beleidsplan', 'beleidsplan', 'Lees meer over het beleidsplan, het financiële overzicht en hoe je ons kunt steunen', '2017-02-27 13:50:00', '2017-02-27 15:31:44', 'Version 3', 0, 0, 1, 1, 2, 10, NULL),
(246, 4, 'Beleidsplan', 'beleidsplan', 'Lees meer over het beleidsplan, het financiële overzicht en hoe je ons kunt steunen', '2017-02-27 13:50:00', '2017-02-27 15:31:56', 'Version 4', 1, 0, 1, 1, 2, 10, NULL),
(247, 1, 'Vrienden van AKF', 'vrienden-van-akf', 'Lees meer over de vrienden van AKF', '2017-02-27 13:51:20', '2017-02-27 13:51:20', 'Initial Version', 0, 0, 1, 1, 2, 9, NULL),
(247, 2, 'Vrienden van AKF', 'vrienden-van-akf', 'Lees meer over de vrienden van AKF', '2017-02-27 13:51:00', '2017-02-27 13:54:43', 'New Version 2', 0, 0, 1, 1, 2, 9, NULL),
(247, 3, 'Vrienden van AKF', 'vrienden-van-akf', 'Lees meer over de vrienden van AKF', '2017-02-27 13:51:00', '2017-02-27 15:33:46', 'New Version 3', 0, 0, 1, 1, 2, 10, NULL),
(247, 4, 'Vrienden van AKF', 'vrienden-van-akf', 'Lees meer over de vrienden van AKF', '2017-02-27 13:51:00', '2017-02-27 15:34:11', 'Version 4', 1, 0, 1, 1, 2, 10, NULL),
(248, 1, 'Projecten', 'projecten', '', '2017-02-27 15:22:54', '2017-02-27 15:22:54', 'Initial Version', 0, 0, 1, 1, 2, 11, NULL),
(248, 2, 'Projecten', 'projecten', '', '2017-02-27 15:22:00', '2017-02-27 15:38:44', 'New Version 2', 1, 0, 1, 1, 2, 11, NULL),
(249, 1, 'AKF maakt het snoezelen voor Jasmijn mogelijk', 'akf-maakt-het-snoezelen-voor-jasmijn-mogelijk', '', '2017-02-27 15:25:36', '2017-02-27 15:25:36', 'Version 1', 0, 0, 1, 1, 2, 9, NULL),
(249, 2, 'AKF maakt het snoezelen voor Jasmijn mogelijk', 'akf-maakt-het-snoezelen-voor-jasmijn-mogelijk', '', '2017-02-27 15:25:00', '2017-02-27 15:38:52', 'New Version 2', 1, 0, 1, 1, 2, 9, NULL),
(250, 1, 'Allergeen werend beddengoed voor Jeriël', 'allergeen-werend-beddengoed-voor-jeriel', '', '2017-02-27 15:27:46', '2017-02-27 15:27:46', 'Version 1', 0, 0, 1, 1, 2, 9, NULL),
(250, 2, 'Allergeen werend beddengoed voor Jeriël', 'allergeen-werend-beddengoed-voor-jeriel', '', '2017-02-27 15:27:00', '2017-02-27 15:38:59', 'New Version 2', 1, 0, 1, 1, 2, 9, NULL);

-- --------------------------------------------------------

--
-- Tabelstructuur voor tabel `CollectionVersionThemeCustomStyles`
--

CREATE TABLE `CollectionVersionThemeCustomStyles` (
  `cID` int(10) UNSIGNED NOT NULL DEFAULT '0',
  `cvID` int(10) UNSIGNED NOT NULL DEFAULT '1',
  `pThemeID` int(10) UNSIGNED NOT NULL DEFAULT '0',
  `scvlID` int(10) UNSIGNED DEFAULT '0',
  `preset` varchar(255) COLLATE utf8_unicode_ci DEFAULT NULL,
  `sccRecordID` int(10) UNSIGNED DEFAULT '0'
) ENGINE=InnoDB DEFAULT CHARSET=utf8 COLLATE=utf8_unicode_ci;

-- --------------------------------------------------------

--
-- Tabelstructuur voor tabel `Config`
--

CREATE TABLE `Config` (
  `configNamespace` varchar(255) COLLATE utf8_unicode_ci NOT NULL DEFAULT '',
  `configGroup` varchar(255) COLLATE utf8_unicode_ci NOT NULL,
  `configItem` varchar(255) COLLATE utf8_unicode_ci NOT NULL,
  `configValue` longtext COLLATE utf8_unicode_ci
) ENGINE=InnoDB DEFAULT CHARSET=utf8 COLLATE=utf8_unicode_ci;

--
-- Gegevens worden geëxporteerd voor tabel `Config`
--

INSERT INTO `Config` (`configNamespace`, `configGroup`, `configItem`, `configValue`) VALUES
('', 'concrete', 'security.token.encryption', '9CTZobYjVh0ihrfE3ULZCmegWxelcRBYORe1iJDr2zUnkBL7jxq7i5EkLW8tx8BP'),
('', 'concrete', 'security.token.jobs', 'LFIi63xamxqf9CjfV2g4tCLE7Zx0rZCuorjx3ZErE2tvxO6Kz2c96u6XQzCJxlx9'),
('', 'concrete', 'security.token.validation', 'tMnX4Lg4VG9CpSJQO0JhIJowCVlkZIOfnp3YtKoFcVoFvmjU5BieGkfft9JAs3nW');

-- --------------------------------------------------------

--
-- Tabelstructuur voor tabel `ConfigStore`
--

CREATE TABLE `ConfigStore` (
  `cfKey` varchar(64) COLLATE utf8_unicode_ci NOT NULL,
  `timestamp` timestamp NOT NULL DEFAULT CURRENT_TIMESTAMP,
  `cfValue` longtext COLLATE utf8_unicode_ci,
  `uID` int(10) UNSIGNED NOT NULL DEFAULT '0',
  `pkgID` int(10) UNSIGNED NOT NULL DEFAULT '0'
) ENGINE=InnoDB DEFAULT CHARSET=utf8 COLLATE=utf8_unicode_ci;

--
-- Gegevens worden geëxporteerd voor tabel `ConfigStore`
--

INSERT INTO `ConfigStore` (`cfKey`, `timestamp`, `cfValue`, `uID`, `pkgID`) VALUES
('MAIN_HELP_LAST_VIEWED', '2017-02-22 08:44:33', '1487753073', 1, 0),
('NEWSFLOW_LAST_VIEWED', '2017-02-22 08:44:23', '1488182116', 1, 0);

-- --------------------------------------------------------

--
-- Tabelstructuur voor tabel `ConversationDiscussions`
--

CREATE TABLE `ConversationDiscussions` (
  `cnvDiscussionID` int(10) UNSIGNED NOT NULL,
  `cnvDiscussionDateCreated` datetime NOT NULL,
  `cID` int(10) UNSIGNED DEFAULT NULL
) ENGINE=InnoDB DEFAULT CHARSET=utf8 COLLATE=utf8_unicode_ci;

-- --------------------------------------------------------

--
-- Tabelstructuur voor tabel `ConversationEditors`
--

CREATE TABLE `ConversationEditors` (
  `cnvEditorID` int(10) UNSIGNED NOT NULL,
  `cnvEditorHandle` varchar(64) COLLATE utf8_unicode_ci DEFAULT NULL,
  `cnvEditorName` varchar(255) COLLATE utf8_unicode_ci DEFAULT NULL,
  `cnvEditorIsActive` tinyint(1) NOT NULL DEFAULT '0',
  `pkgID` int(10) UNSIGNED NOT NULL DEFAULT '0'
) ENGINE=InnoDB DEFAULT CHARSET=utf8 COLLATE=utf8_unicode_ci;

--
-- Gegevens worden geëxporteerd voor tabel `ConversationEditors`
--

INSERT INTO `ConversationEditors` (`cnvEditorID`, `cnvEditorHandle`, `cnvEditorName`, `cnvEditorIsActive`, `pkgID`) VALUES
(1, 'plain_text', 'Plain Text', 1, 0),
(2, 'markdown', 'Markdown', 0, 0),
(3, 'redactor', 'Redactor', 0, 0);

-- --------------------------------------------------------

--
-- Tabelstructuur voor tabel `ConversationFeatureDetailAssignments`
--

CREATE TABLE `ConversationFeatureDetailAssignments` (
  `faID` int(10) UNSIGNED NOT NULL DEFAULT '0',
  `cnvID` int(10) UNSIGNED NOT NULL DEFAULT '0'
) ENGINE=InnoDB DEFAULT CHARSET=utf8 COLLATE=utf8_unicode_ci;

--
-- Gegevens worden geëxporteerd voor tabel `ConversationFeatureDetailAssignments`
--

INSERT INTO `ConversationFeatureDetailAssignments` (`faID`, `cnvID`) VALUES
(1, 1),
(3, 2),
(4, 3),
(5, 4);

-- --------------------------------------------------------

--
-- Tabelstructuur voor tabel `ConversationFlaggedMessages`
--

CREATE TABLE `ConversationFlaggedMessages` (
  `cnvMessageID` int(10) UNSIGNED NOT NULL,
  `cnvMessageFlagTypeID` int(11) DEFAULT NULL
) ENGINE=InnoDB DEFAULT CHARSET=utf8 COLLATE=utf8_unicode_ci;

-- --------------------------------------------------------

--
-- Tabelstructuur voor tabel `ConversationFlaggedMessageTypes`
--

CREATE TABLE `ConversationFlaggedMessageTypes` (
  `cnvMessageFlagTypeID` int(10) UNSIGNED NOT NULL,
  `cnvMessageFlagTypeHandle` varchar(64) COLLATE utf8_unicode_ci DEFAULT NULL
) ENGINE=InnoDB DEFAULT CHARSET=utf8 COLLATE=utf8_unicode_ci;

--
-- Gegevens worden geëxporteerd voor tabel `ConversationFlaggedMessageTypes`
--

INSERT INTO `ConversationFlaggedMessageTypes` (`cnvMessageFlagTypeID`, `cnvMessageFlagTypeHandle`) VALUES
(1, 'spam');

-- --------------------------------------------------------

--
-- Tabelstructuur voor tabel `ConversationMessageAttachments`
--

CREATE TABLE `ConversationMessageAttachments` (
  `cnvMessageAttachmentID` int(10) UNSIGNED NOT NULL,
  `cnvMessageID` int(11) DEFAULT NULL,
  `fID` int(11) DEFAULT NULL
) ENGINE=InnoDB DEFAULT CHARSET=utf8 COLLATE=utf8_unicode_ci;

-- --------------------------------------------------------

--
-- Tabelstructuur voor tabel `ConversationMessageRatings`
--

CREATE TABLE `ConversationMessageRatings` (
  `cnvMessageRatingID` int(10) UNSIGNED NOT NULL,
  `cnvMessageID` int(10) UNSIGNED DEFAULT NULL,
  `cnvRatingTypeID` int(10) UNSIGNED NOT NULL DEFAULT '0',
  `cnvMessageRatingIP` tinyblob,
  `timestamp` datetime DEFAULT NULL,
  `uID` int(10) UNSIGNED NOT NULL DEFAULT '0'
) ENGINE=InnoDB DEFAULT CHARSET=utf8 COLLATE=utf8_unicode_ci;

-- --------------------------------------------------------

--
-- Tabelstructuur voor tabel `ConversationMessages`
--

CREATE TABLE `ConversationMessages` (
  `cnvMessageID` int(10) UNSIGNED NOT NULL,
  `cnvID` int(10) UNSIGNED NOT NULL DEFAULT '0',
  `uID` int(10) UNSIGNED NOT NULL DEFAULT '0',
  `cnvEditorID` int(10) UNSIGNED NOT NULL DEFAULT '0',
  `cnvMessageAuthorName` varchar(255) COLLATE utf8_unicode_ci DEFAULT NULL,
  `cnvMessageAuthorEmail` varchar(255) COLLATE utf8_unicode_ci DEFAULT NULL,
  `cnvMessageAuthorWebsite` varchar(255) COLLATE utf8_unicode_ci DEFAULT NULL,
  `cnvMessageSubmitIP` tinyblob,
  `cnvMessageSubmitUserAgent` longtext COLLATE utf8_unicode_ci,
  `cnvMessageLevel` int(10) UNSIGNED NOT NULL DEFAULT '0',
  `cnvMessageParentID` int(10) UNSIGNED NOT NULL DEFAULT '0',
  `cnvMessageDateCreated` datetime DEFAULT NULL,
  `cnvMessageSubject` text COLLATE utf8_unicode_ci,
  `cnvMessageBody` text COLLATE utf8_unicode_ci,
  `cnvIsMessageDeleted` tinyint(1) NOT NULL DEFAULT '0',
  `cnvIsMessageApproved` tinyint(1) NOT NULL DEFAULT '0',
  `cnvMessageTotalRatingScore` bigint(20) DEFAULT '0'
) ENGINE=InnoDB DEFAULT CHARSET=utf8 COLLATE=utf8_unicode_ci;

-- --------------------------------------------------------

--
-- Tabelstructuur voor tabel `ConversationPermissionAddMessageAccessList`
--

CREATE TABLE `ConversationPermissionAddMessageAccessList` (
  `paID` int(10) UNSIGNED NOT NULL DEFAULT '0',
  `peID` int(10) UNSIGNED NOT NULL DEFAULT '0',
  `permission` varchar(1) COLLATE utf8_unicode_ci NOT NULL DEFAULT 'A'
) ENGINE=InnoDB DEFAULT CHARSET=utf8 COLLATE=utf8_unicode_ci;

-- --------------------------------------------------------

--
-- Tabelstructuur voor tabel `ConversationPermissionAssignments`
--

CREATE TABLE `ConversationPermissionAssignments` (
  `cnvID` int(10) UNSIGNED NOT NULL DEFAULT '0',
  `pkID` int(10) UNSIGNED NOT NULL DEFAULT '0',
  `paID` int(10) UNSIGNED NOT NULL DEFAULT '0'
) ENGINE=InnoDB DEFAULT CHARSET=utf8 COLLATE=utf8_unicode_ci;

--
-- Gegevens worden geëxporteerd voor tabel `ConversationPermissionAssignments`
--

INSERT INTO `ConversationPermissionAssignments` (`cnvID`, `pkID`, `paID`) VALUES
(0, 66, 93),
(0, 67, 94),
(0, 68, 98),
(0, 69, 96),
(0, 70, 95),
(0, 71, 97),
(0, 72, 99),
(0, 73, 100);

-- --------------------------------------------------------

--
-- Tabelstructuur voor tabel `ConversationRatingTypes`
--

CREATE TABLE `ConversationRatingTypes` (
  `cnvRatingTypeID` int(10) UNSIGNED NOT NULL,
  `cnvRatingTypeHandle` varchar(255) COLLATE utf8_unicode_ci DEFAULT NULL,
  `cnvRatingTypeName` varchar(10) COLLATE utf8_unicode_ci DEFAULT NULL,
  `cnvRatingTypeCommunityPoints` int(11) DEFAULT NULL,
  `pkgID` int(10) UNSIGNED NOT NULL DEFAULT '0'
) ENGINE=InnoDB DEFAULT CHARSET=utf8 COLLATE=utf8_unicode_ci;

--
-- Gegevens worden geëxporteerd voor tabel `ConversationRatingTypes`
--

INSERT INTO `ConversationRatingTypes` (`cnvRatingTypeID`, `cnvRatingTypeHandle`, `cnvRatingTypeName`, `cnvRatingTypeCommunityPoints`, `pkgID`) VALUES
(1, 'up_vote', 'Up Vote', 1, 0),
(2, 'down_vote', 'Down Vote', 0, 0);

-- --------------------------------------------------------

--
-- Tabelstructuur voor tabel `Conversations`
--

CREATE TABLE `Conversations` (
  `cnvID` int(10) UNSIGNED NOT NULL,
  `cID` int(10) UNSIGNED DEFAULT '0',
  `cnvDateCreated` datetime NOT NULL,
  `cnvDateLastMessage` datetime DEFAULT NULL,
  `cnvParentMessageID` int(10) UNSIGNED DEFAULT '0',
  `cnvAttachmentsEnabled` tinyint(1) NOT NULL DEFAULT '1',
  `cnvMessagesTotal` int(10) UNSIGNED DEFAULT '0',
  `cnvOverrideGlobalPermissions` tinyint(1) DEFAULT '0',
  `cnvAttachmentOverridesEnabled` tinyint(1) NOT NULL DEFAULT '0',
  `cnvMaxFilesGuest` int(11) DEFAULT '0',
  `cnvMaxFilesRegistered` int(11) DEFAULT '0',
  `cnvMaxFileSizeGuest` int(11) DEFAULT '0',
  `cnvMaxFileSizeRegistered` int(11) DEFAULT '0',
  `cnvFileExtensions` text COLLATE utf8_unicode_ci,
  `cnvNotificationOverridesEnabled` tinyint(1) NOT NULL DEFAULT '0',
  `cnvEnableSubscription` tinyint(1) DEFAULT '0'
) ENGINE=InnoDB DEFAULT CHARSET=utf8 COLLATE=utf8_unicode_ci;

--
-- Gegevens worden geëxporteerd voor tabel `Conversations`
--

INSERT INTO `Conversations` (`cnvID`, `cID`, `cnvDateCreated`, `cnvDateLastMessage`, `cnvParentMessageID`, `cnvAttachmentsEnabled`, `cnvMessagesTotal`, `cnvOverrideGlobalPermissions`, `cnvAttachmentOverridesEnabled`, `cnvMaxFilesGuest`, `cnvMaxFilesRegistered`, `cnvMaxFileSizeGuest`, `cnvMaxFileSizeRegistered`, `cnvFileExtensions`, `cnvNotificationOverridesEnabled`, `cnvEnableSubscription`) VALUES
(1, 170, '2017-02-22 09:44:10', '2017-02-22 09:44:10', 0, 1, 0, 0, 0, 0, 0, 0, 0, NULL, 0, 0),
(2, 171, '2017-02-22 09:44:18', '2017-02-22 09:44:18', 0, 1, 0, 0, 0, 0, 0, 0, 0, NULL, 0, 0),
(3, 172, '2017-02-22 09:44:18', '2017-02-22 09:44:18', 0, 1, 0, 0, 0, 0, 0, 0, 0, NULL, 0, 0),
(4, 173, '2017-02-22 09:44:18', '2017-02-22 09:44:18', 0, 1, 0, 0, 0, 0, 0, 0, 0, NULL, 0, 0);

-- --------------------------------------------------------

--
-- Tabelstructuur voor tabel `ConversationSubscriptions`
--

CREATE TABLE `ConversationSubscriptions` (
  `cnvID` int(10) UNSIGNED NOT NULL DEFAULT '0',
  `uID` int(10) UNSIGNED NOT NULL DEFAULT '0',
  `type` varchar(1) COLLATE utf8_unicode_ci DEFAULT 'S'
) ENGINE=InnoDB DEFAULT CHARSET=utf8 COLLATE=utf8_unicode_ci;

--
-- Gegevens worden geëxporteerd voor tabel `ConversationSubscriptions`
--

INSERT INTO `ConversationSubscriptions` (`cnvID`, `uID`, `type`) VALUES
(0, 1, 'S');

-- --------------------------------------------------------

--
-- Tabelstructuur voor tabel `DownloadStatistics`
--

CREATE TABLE `DownloadStatistics` (
  `dsID` int(10) UNSIGNED NOT NULL,
  `fID` int(10) UNSIGNED NOT NULL,
  `fvID` int(10) UNSIGNED NOT NULL,
  `uID` int(10) UNSIGNED NOT NULL,
  `rcID` int(10) UNSIGNED NOT NULL,
  `timestamp` timestamp NOT NULL DEFAULT CURRENT_TIMESTAMP
) ENGINE=InnoDB DEFAULT CHARSET=utf8 COLLATE=utf8_unicode_ci;

--
-- Gegevens worden geëxporteerd voor tabel `DownloadStatistics`
--

INSERT INTO `DownloadStatistics` (`dsID`, `fID`, `fvID`, `uID`, `rcID`, `timestamp`) VALUES
(1, 43, 1, 1, 203, '2017-02-24 11:53:58');

-- --------------------------------------------------------

--
-- Tabelstructuur voor tabel `FeatureAssignments`
--

CREATE TABLE `FeatureAssignments` (
  `faID` int(10) UNSIGNED NOT NULL,
  `feID` int(10) UNSIGNED DEFAULT NULL,
  `fcID` int(10) UNSIGNED DEFAULT NULL,
  `fdObject` longtext COLLATE utf8_unicode_ci
) ENGINE=InnoDB DEFAULT CHARSET=utf8 COLLATE=utf8_unicode_ci;

--
-- Gegevens worden geëxporteerd voor tabel `FeatureAssignments`
--

INSERT INTO `FeatureAssignments` (`faID`, `feID`, `fcID`, `fdObject`) VALUES
(1, 6, 1, 'O:47:"Concrete\\Core\\Feature\\Detail\\ConversationDetail":3:{s:8:"\0*\0cnvID";s:1:"1";s:7:"\0*\0item";N;s:5:"error";s:0:"";}'),
(2, 5, 1, 'O:40:"Concrete\\Core\\Feature\\Detail\\ImageDetail":5:{s:6:"\0*\0src";s:44:"/application/files/3514/8775/3043/blank2.png";s:8:"\0*\0width";d:250;s:9:"\0*\0height";d:252;s:7:"\0*\0item";N;s:5:"error";s:0:"";}'),
(3, 6, 1, 'O:47:"Concrete\\Core\\Feature\\Detail\\ConversationDetail":3:{s:8:"\0*\0cnvID";s:1:"2";s:7:"\0*\0item";N;s:5:"error";s:0:"";}'),
(4, 6, 1, 'O:47:"Concrete\\Core\\Feature\\Detail\\ConversationDetail":3:{s:8:"\0*\0cnvID";s:1:"3";s:7:"\0*\0item";N;s:5:"error";s:0:"";}'),
(5, 6, 1, 'O:47:"Concrete\\Core\\Feature\\Detail\\ConversationDetail":3:{s:8:"\0*\0cnvID";s:1:"4";s:7:"\0*\0item";N;s:5:"error";s:0:"";}'),
(6, 5, 1, 'O:40:"Concrete\\Core\\Feature\\Detail\\ImageDetail":5:{s:6:"\0*\0src";s:52:"/application/files/7014/8775/3043/chinese_house2.jpg";s:8:"\0*\0width";d:200;s:9:"\0*\0height";d:200;s:7:"\0*\0item";N;s:5:"error";s:0:"";}'),
(7, 5, 1, 'O:40:"Concrete\\Core\\Feature\\Detail\\ImageDetail":5:{s:6:"\0*\0src";s:43:"/application/files/1014/8775/3042/blank.png";s:8:"\0*\0width";d:592;s:9:"\0*\0height";d:397;s:7:"\0*\0item";N;s:5:"error";s:0:"";}'),
(8, 5, 1, 'O:40:"Concrete\\Core\\Feature\\Detail\\ImageDetail":5:{s:6:"\0*\0src";s:43:"/application/files/1014/8775/3042/blank.png";s:8:"\0*\0width";d:592;s:9:"\0*\0height";d:397;s:7:"\0*\0item";N;s:5:"error";s:0:"";}'),
(9, 5, 1, 'O:40:"Concrete\\Core\\Feature\\Detail\\ImageDetail":5:{s:6:"\0*\0src";s:44:"/application/files/3514/8775/3043/blank2.png";s:8:"\0*\0width";d:250;s:9:"\0*\0height";d:252;s:7:"\0*\0item";N;s:5:"error";s:0:"";}'),
(10, 5, 1, 'O:40:"Concrete\\Core\\Feature\\Detail\\ImageDetail":5:{s:6:"\0*\0src";s:46:"/application/files/3014/8775/3043/masthead.png";s:8:"\0*\0width";d:1100;s:9:"\0*\0height";d:263;s:7:"\0*\0item";N;s:5:"error";s:0:"";}'),
(11, 5, 1, 'O:40:"Concrete\\Core\\Feature\\Detail\\ImageDetail":5:{s:6:"\0*\0src";s:44:"/application/files/8214/8775/3045/sunset.jpg";s:8:"\0*\0width";d:1600;s:9:"\0*\0height";d:953;s:7:"\0*\0item";N;s:5:"error";s:0:"";}'),
(12, 5, 1, 'O:40:"Concrete\\Core\\Feature\\Detail\\ImageDetail":5:{s:6:"\0*\0src";s:46:"/application/files/9114/8776/6972/AKF_logo.jpg";s:8:"\0*\0width";d:1067;s:9:"\0*\0height";d:941;s:7:"\0*\0item";N;s:5:"error";s:0:"";}'),
(14, 5, 1, 'O:40:"Concrete\\Core\\Feature\\Detail\\ImageDetail":5:{s:6:"\0*\0src";s:46:"/application/files/9114/8776/6972/AKF_logo.jpg";s:8:"\0*\0width";d:1067;s:9:"\0*\0height";d:941;s:7:"\0*\0item";N;s:5:"error";s:0:"";}'),
(15, 5, 1, 'O:40:"Concrete\\Core\\Feature\\Detail\\ImageDetail":5:{s:6:"\0*\0src";s:46:"/application/files/9114/8776/6972/AKF_logo.jpg";s:8:"\0*\0width";d:1067;s:9:"\0*\0height";d:941;s:7:"\0*\0item";N;s:5:"error";s:0:"";}'),
(16, 5, 1, 'O:40:"Concrete\\Core\\Feature\\Detail\\ImageDetail":5:{s:6:"\0*\0src";s:46:"/application/files/9114/8776/6972/AKF_logo.jpg";s:8:"\0*\0width";d:1067;s:9:"\0*\0height";d:941;s:7:"\0*\0item";N;s:5:"error";s:0:"";}'),
(17, 5, 1, 'O:40:"Concrete\\Core\\Feature\\Detail\\ImageDetail":5:{s:6:"\0*\0src";s:46:"/application/files/9114/8776/6972/AKF_logo.jpg";s:8:"\0*\0width";d:1067;s:9:"\0*\0height";d:941;s:7:"\0*\0item";N;s:5:"error";s:0:"";}'),
(18, 5, 1, 'O:40:"Concrete\\Core\\Feature\\Detail\\ImageDetail":5:{s:6:"\0*\0src";s:46:"/application/files/9114/8776/6972/AKF_logo.jpg";s:8:"\0*\0width";d:1067;s:9:"\0*\0height";d:941;s:7:"\0*\0item";N;s:5:"error";s:0:"";}'),
(19, 5, 1, 'O:40:"Concrete\\Core\\Feature\\Detail\\ImageDetail":5:{s:6:"\0*\0src";s:51:"/application/files/5414/8777/0879/Stoergelukkig.jpg";s:8:"\0*\0width";d:3753;s:9:"\0*\0height";d:431;s:7:"\0*\0item";N;s:5:"error";s:0:"";}'),
(20, 5, 1, 'O:40:"Concrete\\Core\\Feature\\Detail\\ImageDetail":5:{s:6:"\0*\0src";s:49:"/application/files/5914/8783/9164/Quote_AKF_2.jpg";s:8:"\0*\0width";d:323;s:9:"\0*\0height";d:180;s:7:"\0*\0item";N;s:5:"error";s:0:"";}'),
(21, 5, 1, 'O:40:"Concrete\\Core\\Feature\\Detail\\ImageDetail":5:{s:6:"\0*\0src";s:49:"/application/files/5914/8783/9164/Quote_AKF_2.jpg";s:8:"\0*\0width";d:323;s:9:"\0*\0height";d:180;s:7:"\0*\0item";N;s:5:"error";s:0:"";}'),
(22, 5, 1, 'O:40:"Concrete\\Core\\Feature\\Detail\\ImageDetail":5:{s:6:"\0*\0src";s:40:"/application/files/5114/8793/6950/27.jpg";s:8:"\0*\0width";d:596;s:9:"\0*\0height";d:385;s:7:"\0*\0item";N;s:5:"error";s:0:"";}'),
(23, 5, 1, 'O:40:"Concrete\\Core\\Feature\\Detail\\ImageDetail":5:{s:6:"\0*\0src";s:41:"/application/files/4814/8793/6950/203.jpg";s:8:"\0*\0width";d:600;s:9:"\0*\0height";d:385;s:7:"\0*\0item";N;s:5:"error";s:0:"";}'),
(24, 5, 1, 'O:40:"Concrete\\Core\\Feature\\Detail\\ImageDetail":5:{s:6:"\0*\0src";s:40:"/application/files/5114/8793/6950/27.jpg";s:8:"\0*\0width";d:596;s:9:"\0*\0height";d:385;s:7:"\0*\0item";N;s:5:"error";s:0:"";}'),
(25, 5, 1, 'O:40:"Concrete\\Core\\Feature\\Detail\\ImageDetail":5:{s:6:"\0*\0src";s:41:"/application/files/1714/8793/6948/263.jpg";s:8:"\0*\0width";d:592;s:9:"\0*\0height";d:385;s:7:"\0*\0item";N;s:5:"error";s:0:"";}'),
(26, 5, 1, 'O:40:"Concrete\\Core\\Feature\\Detail\\ImageDetail":5:{s:6:"\0*\0src";s:40:"/application/files/2714/8793/6949/28.jpg";s:8:"\0*\0width";d:608;s:9:"\0*\0height";d:385;s:7:"\0*\0item";N;s:5:"error";s:0:"";}'),
(27, 5, 1, 'O:40:"Concrete\\Core\\Feature\\Detail\\ImageDetail":5:{s:6:"\0*\0src";s:40:"/application/files/5114/8793/6950/27.jpg";s:8:"\0*\0width";d:596;s:9:"\0*\0height";d:385;s:7:"\0*\0item";N;s:5:"error";s:0:"";}'),
(28, 5, 1, 'O:40:"Concrete\\Core\\Feature\\Detail\\ImageDetail":5:{s:6:"\0*\0src";s:41:"/application/files/4814/8793/6950/203.jpg";s:8:"\0*\0width";d:600;s:9:"\0*\0height";d:385;s:7:"\0*\0item";N;s:5:"error";s:0:"";}'),
(29, 5, 1, 'O:40:"Concrete\\Core\\Feature\\Detail\\ImageDetail":5:{s:6:"\0*\0src";s:41:"/application/files/1714/8793/6948/263.jpg";s:8:"\0*\0width";d:592;s:9:"\0*\0height";d:385;s:7:"\0*\0item";N;s:5:"error";s:0:"";}'),
(30, 5, 1, 'O:40:"Concrete\\Core\\Feature\\Detail\\ImageDetail":5:{s:6:"\0*\0src";s:40:"/application/files/2714/8793/6949/28.jpg";s:8:"\0*\0width";d:608;s:9:"\0*\0height";d:385;s:7:"\0*\0item";N;s:5:"error";s:0:"";}'),
(31, 5, 1, 'O:40:"Concrete\\Core\\Feature\\Detail\\ImageDetail":5:{s:6:"\0*\0src";s:40:"/application/files/5114/8793/6950/27.jpg";s:8:"\0*\0width";d:596;s:9:"\0*\0height";d:385;s:7:"\0*\0item";N;s:5:"error";s:0:"";}'),
(32, 5, 1, 'O:40:"Concrete\\Core\\Feature\\Detail\\ImageDetail":5:{s:6:"\0*\0src";s:41:"/application/files/4814/8793/6950/203.jpg";s:8:"\0*\0width";d:600;s:9:"\0*\0height";d:385;s:7:"\0*\0item";N;s:5:"error";s:0:"";}'),
(33, 5, 1, 'O:40:"Concrete\\Core\\Feature\\Detail\\ImageDetail":5:{s:6:"\0*\0src";s:41:"/application/files/1714/8793/6948/263.jpg";s:8:"\0*\0width";d:592;s:9:"\0*\0height";d:385;s:7:"\0*\0item";N;s:5:"error";s:0:"";}'),
(34, 5, 1, 'O:40:"Concrete\\Core\\Feature\\Detail\\ImageDetail":5:{s:6:"\0*\0src";s:40:"/application/files/2714/8793/6949/28.jpg";s:8:"\0*\0width";d:608;s:9:"\0*\0height";d:385;s:7:"\0*\0item";N;s:5:"error";s:0:"";}'),
(35, 5, 1, 'O:40:"Concrete\\Core\\Feature\\Detail\\ImageDetail":5:{s:6:"\0*\0src";s:40:"/application/files/5114/8793/6950/27.jpg";s:8:"\0*\0width";d:596;s:9:"\0*\0height";d:385;s:7:"\0*\0item";N;s:5:"error";s:0:"";}'),
(36, 5, 1, 'O:40:"Concrete\\Core\\Feature\\Detail\\ImageDetail":5:{s:6:"\0*\0src";s:40:"/application/files/5114/8793/6950/27.jpg";s:8:"\0*\0width";d:596;s:9:"\0*\0height";d:385;s:7:"\0*\0item";N;s:5:"error";s:0:"";}'),
(37, 5, 1, 'O:40:"Concrete\\Core\\Feature\\Detail\\ImageDetail":5:{s:6:"\0*\0src";s:50:"/application/files/2914/8786/0342/Bestuur_2015.jpg";s:8:"\0*\0width";d:475;s:9:"\0*\0height";d:292;s:7:"\0*\0item";N;s:5:"error";s:0:"";}'),
(38, 5, 1, 'O:40:"Concrete\\Core\\Feature\\Detail\\ImageDetail":5:{s:6:"\0*\0src";s:50:"/application/files/2914/8786/0342/Bestuur_2015.jpg";s:8:"\0*\0width";d:475;s:9:"\0*\0height";d:292;s:7:"\0*\0item";N;s:5:"error";s:0:"";}'),
(39, 5, 1, 'O:40:"Concrete\\Core\\Feature\\Detail\\ImageDetail":5:{s:6:"\0*\0src";s:50:"/application/files/2914/8786/0342/Bestuur_2015.jpg";s:8:"\0*\0width";d:475;s:9:"\0*\0height";d:292;s:7:"\0*\0item";N;s:5:"error";s:0:"";}'),
(40, 5, 1, 'O:40:"Concrete\\Core\\Feature\\Detail\\ImageDetail":5:{s:6:"\0*\0src";s:50:"/application/files/2914/8786/0342/Bestuur_2015.jpg";s:8:"\0*\0width";d:475;s:9:"\0*\0height";d:292;s:7:"\0*\0item";N;s:5:"error";s:0:"";}'),
(41, 5, 1, 'O:40:"Concrete\\Core\\Feature\\Detail\\ImageDetail":5:{s:6:"\0*\0src";s:50:"/application/files/2914/8786/0342/Bestuur_2015.jpg";s:8:"\0*\0width";d:475;s:9:"\0*\0height";d:292;s:7:"\0*\0item";N;s:5:"error";s:0:"";}'),
(42, 5, 1, 'O:40:"Concrete\\Core\\Feature\\Detail\\ImageDetail":5:{s:6:"\0*\0src";s:50:"/application/files/2914/8786/0342/Bestuur_2015.jpg";s:8:"\0*\0width";d:475;s:9:"\0*\0height";d:292;s:7:"\0*\0item";N;s:5:"error";s:0:"";}'),
(43, 5, 1, 'O:40:"Concrete\\Core\\Feature\\Detail\\ImageDetail":5:{s:6:"\0*\0src";s:50:"/application/files/2914/8786/0342/Bestuur_2015.jpg";s:8:"\0*\0width";d:475;s:9:"\0*\0height";d:292;s:7:"\0*\0item";N;s:5:"error";s:0:"";}'),
(44, 5, 1, 'O:40:"Concrete\\Core\\Feature\\Detail\\ImageDetail":5:{s:6:"\0*\0src";s:50:"/application/files/2914/8786/0342/Bestuur_2015.jpg";s:8:"\0*\0width";d:475;s:9:"\0*\0height";d:292;s:7:"\0*\0item";N;s:5:"error";s:0:"";}'),
(45, 5, 1, 'O:40:"Concrete\\Core\\Feature\\Detail\\ImageDetail":5:{s:6:"\0*\0src";s:50:"/application/files/2914/8786/0342/Bestuur_2015.jpg";s:8:"\0*\0width";d:475;s:9:"\0*\0height";d:292;s:7:"\0*\0item";N;s:5:"error";s:0:"";}'),
(46, 5, 1, 'O:40:"Concrete\\Core\\Feature\\Detail\\ImageDetail":5:{s:6:"\0*\0src";s:50:"/application/files/2914/8786/0342/Bestuur_2015.jpg";s:8:"\0*\0width";d:475;s:9:"\0*\0height";d:292;s:7:"\0*\0item";N;s:5:"error";s:0:"";}'),
(47, 5, 1, 'O:40:"Concrete\\Core\\Feature\\Detail\\ImageDetail":5:{s:6:"\0*\0src";s:50:"/application/files/2914/8786/0342/Bestuur_2015.jpg";s:8:"\0*\0width";d:475;s:9:"\0*\0height";d:292;s:7:"\0*\0item";N;s:5:"error";s:0:"";}'),
(48, 5, 1, 'O:40:"Concrete\\Core\\Feature\\Detail\\ImageDetail":5:{s:6:"\0*\0src";s:50:"/application/files/2914/8786/0342/Bestuur_2015.jpg";s:8:"\0*\0width";d:475;s:9:"\0*\0height";d:292;s:7:"\0*\0item";N;s:5:"error";s:0:"";}'),
(49, 5, 1, 'O:40:"Concrete\\Core\\Feature\\Detail\\ImageDetail":5:{s:6:"\0*\0src";s:50:"/application/files/2914/8786/0342/Bestuur_2015.jpg";s:8:"\0*\0width";d:475;s:9:"\0*\0height";d:292;s:7:"\0*\0item";N;s:5:"error";s:0:"";}'),
(50, 5, 1, 'O:40:"Concrete\\Core\\Feature\\Detail\\ImageDetail":5:{s:6:"\0*\0src";s:50:"/application/files/2914/8786/0342/Bestuur_2015.jpg";s:8:"\0*\0width";d:475;s:9:"\0*\0height";d:292;s:7:"\0*\0item";N;s:5:"error";s:0:"";}'),
(51, 5, 1, 'O:40:"Concrete\\Core\\Feature\\Detail\\ImageDetail":5:{s:6:"\0*\0src";s:50:"/application/files/2914/8786/0342/Bestuur_2015.jpg";s:8:"\0*\0width";d:475;s:9:"\0*\0height";d:292;s:7:"\0*\0item";N;s:5:"error";s:0:"";}'),
(52, 5, 1, 'O:40:"Concrete\\Core\\Feature\\Detail\\ImageDetail":5:{s:6:"\0*\0src";s:50:"/application/files/2914/8786/0342/Bestuur_2015.jpg";s:8:"\0*\0width";d:475;s:9:"\0*\0height";d:292;s:7:"\0*\0item";N;s:5:"error";s:0:"";}'),
(53, 5, 1, 'O:40:"Concrete\\Core\\Feature\\Detail\\ImageDetail":5:{s:6:"\0*\0src";s:50:"/application/files/2914/8786/0342/Bestuur_2015.jpg";s:8:"\0*\0width";d:475;s:9:"\0*\0height";d:292;s:7:"\0*\0item";N;s:5:"error";s:0:"";}'),
(54, 5, 1, 'O:40:"Concrete\\Core\\Feature\\Detail\\ImageDetail":5:{s:6:"\0*\0src";s:50:"/application/files/2914/8786/0342/Bestuur_2015.jpg";s:8:"\0*\0width";d:475;s:9:"\0*\0height";d:292;s:7:"\0*\0item";N;s:5:"error";s:0:"";}'),
(55, 5, 1, 'O:40:"Concrete\\Core\\Feature\\Detail\\ImageDetail":5:{s:6:"\0*\0src";s:50:"/application/files/2914/8786/0342/Bestuur_2015.jpg";s:8:"\0*\0width";d:475;s:9:"\0*\0height";d:292;s:7:"\0*\0item";N;s:5:"error";s:0:"";}'),
(56, 5, 1, 'O:40:"Concrete\\Core\\Feature\\Detail\\ImageDetail":5:{s:6:"\0*\0src";s:50:"/application/files/2914/8786/0342/Bestuur_2015.jpg";s:8:"\0*\0width";d:475;s:9:"\0*\0height";d:292;s:7:"\0*\0item";N;s:5:"error";s:0:"";}'),
(57, 5, 1, 'O:40:"Concrete\\Core\\Feature\\Detail\\ImageDetail":5:{s:6:"\0*\0src";s:50:"/application/files/2914/8786/0342/Bestuur_2015.jpg";s:8:"\0*\0width";d:475;s:9:"\0*\0height";d:292;s:7:"\0*\0item";N;s:5:"error";s:0:"";}'),
(58, 5, 1, 'O:40:"Concrete\\Core\\Feature\\Detail\\ImageDetail":5:{s:6:"\0*\0src";s:41:"/application/files/1714/8793/6948/263.jpg";s:8:"\0*\0width";d:592;s:9:"\0*\0height";d:385;s:7:"\0*\0item";N;s:5:"error";s:0:"";}'),
(59, 5, 1, 'O:40:"Concrete\\Core\\Feature\\Detail\\ImageDetail":5:{s:6:"\0*\0src";s:40:"/application/files/2714/8793/6949/28.jpg";s:8:"\0*\0width";d:608;s:9:"\0*\0height";d:385;s:7:"\0*\0item";N;s:5:"error";s:0:"";}'),
(60, 5, 1, 'O:40:"Concrete\\Core\\Feature\\Detail\\ImageDetail":5:{s:6:"\0*\0src";s:41:"/application/files/1714/8793/6948/263.jpg";s:8:"\0*\0width";d:592;s:9:"\0*\0height";d:385;s:7:"\0*\0item";N;s:5:"error";s:0:"";}'),
(61, 5, 1, 'O:40:"Concrete\\Core\\Feature\\Detail\\ImageDetail":5:{s:6:"\0*\0src";s:40:"/application/files/5114/8793/6950/27.jpg";s:8:"\0*\0width";d:596;s:9:"\0*\0height";d:385;s:7:"\0*\0item";N;s:5:"error";s:0:"";}'),
(62, 5, 1, 'O:40:"Concrete\\Core\\Feature\\Detail\\ImageDetail":5:{s:6:"\0*\0src";s:41:"/application/files/4814/8793/6950/203.jpg";s:8:"\0*\0width";d:600;s:9:"\0*\0height";d:385;s:7:"\0*\0item";N;s:5:"error";s:0:"";}'),
(63, 5, 1, 'O:40:"Concrete\\Core\\Feature\\Detail\\ImageDetail":5:{s:6:"\0*\0src";s:41:"/application/files/5814/8820/5592/261.jpg";s:8:"\0*\0width";d:800;s:9:"\0*\0height";d:385;s:7:"\0*\0item";N;s:5:"error";s:0:"";}'),
(64, 5, 1, 'O:40:"Concrete\\Core\\Feature\\Detail\\ImageDetail":5:{s:6:"\0*\0src";s:41:"/application/files/4514/8820/5698/260.jpg";s:8:"\0*\0width";d:800;s:9:"\0*\0height";d:385;s:7:"\0*\0item";N;s:5:"error";s:0:"";}'),
(65, 5, 1, 'O:40:"Concrete\\Core\\Feature\\Detail\\ImageDetail":5:{s:6:"\0*\0src";s:49:"/application/files/4714/8786/0233/Quote_AKF_1.jpg";s:8:"\0*\0width";d:323;s:9:"\0*\0height";d:180;s:7:"\0*\0item";N;s:5:"error";s:0:"";}');

-- --------------------------------------------------------

--
-- Tabelstructuur voor tabel `FeatureCategories`
--

CREATE TABLE `FeatureCategories` (
  `fcID` int(10) UNSIGNED NOT NULL,
  `fcHandle` varchar(255) COLLATE utf8_unicode_ci NOT NULL,
  `pkgID` int(10) UNSIGNED DEFAULT NULL
) ENGINE=InnoDB DEFAULT CHARSET=utf8 COLLATE=utf8_unicode_ci;

--
-- Gegevens worden geëxporteerd voor tabel `FeatureCategories`
--

INSERT INTO `FeatureCategories` (`fcID`, `fcHandle`, `pkgID`) VALUES
(1, 'collection_version', 0),
(2, 'gathering_item', 0);

-- --------------------------------------------------------

--
-- Tabelstructuur voor tabel `Features`
--

CREATE TABLE `Features` (
  `feID` int(10) UNSIGNED NOT NULL,
  `feHandle` varchar(255) COLLATE utf8_unicode_ci NOT NULL,
  `feScore` int(11) NOT NULL DEFAULT '1',
  `feHasCustomClass` tinyint(1) NOT NULL DEFAULT '0',
  `pkgID` int(10) UNSIGNED DEFAULT NULL
) ENGINE=InnoDB DEFAULT CHARSET=utf8 COLLATE=utf8_unicode_ci;

--
-- Gegevens worden geëxporteerd voor tabel `Features`
--

INSERT INTO `Features` (`feID`, `feHandle`, `feScore`, `feHasCustomClass`, `pkgID`) VALUES
(1, 'title', 1, 0, 0),
(2, 'link', 1, 0, 0),
(3, 'author', 1, 0, 0),
(4, 'date_time', 1, 0, 0),
(5, 'image', 500, 1, 0),
(6, 'conversation', 10, 1, 0),
(7, 'description', 1, 0, 0),
(8, 'featured', 1000, 0, 0);

-- --------------------------------------------------------

--
-- Tabelstructuur voor tabel `FileAttributeValues`
--

CREATE TABLE `FileAttributeValues` (
  `fID` int(10) UNSIGNED NOT NULL DEFAULT '0',
  `fvID` int(10) UNSIGNED NOT NULL DEFAULT '0',
  `akID` int(10) UNSIGNED NOT NULL DEFAULT '0',
  `avID` int(10) UNSIGNED DEFAULT '0'
) ENGINE=InnoDB DEFAULT CHARSET=utf8 COLLATE=utf8_unicode_ci;

--
-- Gegevens worden geëxporteerd voor tabel `FileAttributeValues`
--

INSERT INTO `FileAttributeValues` (`fID`, `fvID`, `akID`, `avID`) VALUES
(1, 1, 14, 114),
(1, 1, 15, 115),
(2, 1, 14, 116),
(2, 1, 15, 117),
(3, 1, 14, 118),
(3, 1, 15, 119),
(4, 1, 14, 120),
(4, 1, 15, 121),
(5, 1, 14, 122),
(5, 1, 15, 123),
(6, 1, 14, 124),
(6, 1, 15, 125),
(7, 1, 14, 126),
(7, 1, 15, 127),
(8, 1, 14, 128),
(8, 1, 15, 129),
(9, 1, 14, 130),
(9, 1, 15, 131),
(10, 1, 14, 132),
(10, 1, 15, 133),
(11, 1, 14, 134),
(11, 1, 15, 135),
(12, 1, 14, 136),
(12, 1, 15, 137),
(13, 1, 14, 138),
(13, 1, 15, 139),
(14, 1, 14, 140),
(14, 1, 15, 141),
(15, 1, 14, 142),
(15, 1, 15, 143),
(16, 1, 14, 144),
(16, 1, 15, 145),
(16, 2, 14, 215),
(16, 2, 15, 216),
(17, 1, 14, 217),
(17, 1, 15, 218),
(18, 1, 14, 220),
(18, 1, 15, 221),
(19, 1, 14, 222),
(19, 1, 15, 223),
(20, 1, 14, 224),
(20, 1, 15, 225),
(21, 1, 14, 226),
(21, 1, 15, 227),
(22, 1, 14, 228),
(22, 1, 15, 229),
(23, 1, 14, 230),
(23, 1, 15, 231),
(24, 1, 14, 232),
(24, 1, 15, 233),
(25, 1, 14, 249),
(25, 1, 15, 250),
(26, 1, 14, 285),
(26, 1, 15, 286),
(16, 3, 14, 291),
(16, 3, 15, 292),
(27, 1, 14, 295),
(27, 1, 15, 296),
(28, 1, 14, 297),
(28, 1, 15, 298),
(29, 1, 14, 299),
(29, 1, 15, 300),
(30, 1, 14, 301),
(30, 1, 15, 302),
(31, 1, 14, 303),
(31, 1, 15, 304),
(32, 1, 14, 305),
(32, 1, 15, 306),
(33, 1, 14, 307),
(33, 1, 15, 308),
(35, 1, 14, 309),
(35, 1, 15, 310),
(37, 1, 14, 311),
(37, 1, 15, 312),
(38, 1, 14, 335),
(38, 1, 15, 336),
(39, 1, 14, 337),
(39, 1, 15, 338),
(40, 1, 14, 339),
(40, 1, 15, 340),
(41, 1, 14, 341),
(41, 1, 15, 342),
(44, 1, 14, 349),
(44, 1, 15, 350),
(45, 1, 14, 351),
(45, 1, 15, 352),
(46, 1, 14, 353),
(46, 1, 15, 354),
(47, 1, 14, 355),
(47, 1, 15, 356),
(48, 1, 14, 414),
(48, 1, 15, 415),
(49, 1, 14, 416),
(49, 1, 15, 417);

-- --------------------------------------------------------

--
-- Tabelstructuur voor tabel `FileImageThumbnailPaths`
--

CREATE TABLE `FileImageThumbnailPaths` (
  `fileID` int(10) UNSIGNED NOT NULL,
  `fileVersionID` int(10) UNSIGNED NOT NULL,
  `thumbnailTypeHandle` varchar(255) COLLATE utf8_unicode_ci NOT NULL,
  `storageLocationID` int(10) UNSIGNED NOT NULL,
  `path` longtext COLLATE utf8_unicode_ci NOT NULL
) ENGINE=InnoDB DEFAULT CHARSET=utf8 COLLATE=utf8_unicode_ci;

--
-- Gegevens worden geëxporteerd voor tabel `FileImageThumbnailPaths`
--

INSERT INTO `FileImageThumbnailPaths` (`fileID`, `fileVersionID`, `thumbnailTypeHandle`, `storageLocationID`, `path`) VALUES
(1, 1, 'file_manager_listing', 1, '/thumbnails/file_manager_listing/4314/8775/3042/avatar_none.jpg'),
(1, 1, 'file_manager_listing_2x', 1, '/thumbnails/file_manager_listing_2x/4314/8775/3042/avatar_none.jpg'),
(2, 1, 'file_manager_listing', 1, '/thumbnails/file_manager_listing/2014/8775/3042/balloon.jpg'),
(2, 1, 'file_manager_listing_2x', 1, '/thumbnails/file_manager_listing_2x/2014/8775/3042/balloon.jpg'),
(3, 1, 'file_manager_listing', 1, '/thumbnails/file_manager_listing/8014/8775/3042/bio.jpg'),
(3, 1, 'file_manager_listing_2x', 1, '/thumbnails/file_manager_listing_2x/8014/8775/3042/bio.jpg'),
(4, 1, 'file_manager_listing', 1, '/thumbnails/file_manager_listing/1014/8775/3042/blank.jpg'),
(4, 1, 'file_manager_listing_2x', 1, '/thumbnails/file_manager_listing_2x/1014/8775/3042/blank.jpg'),
(5, 1, 'file_manager_listing', 1, '/thumbnails/file_manager_listing/3514/8775/3043/blank2.jpg'),
(5, 1, 'file_manager_listing_2x', 1, '/thumbnails/file_manager_listing_2x/3514/8775/3043/blank2.jpg'),
(6, 1, 'file_manager_listing', 1, '/thumbnails/file_manager_listing/2814/8775/3043/bridge.jpg'),
(6, 1, 'file_manager_listing_2x', 1, '/thumbnails/file_manager_listing_2x/2814/8775/3043/bridge.jpg'),
(7, 1, 'file_manager_listing', 1, '/thumbnails/file_manager_listing/7014/8775/3043/chinese_house2.jpg'),
(7, 1, 'file_manager_listing_2x', 1, '/thumbnails/file_manager_listing_2x/7014/8775/3043/chinese_house2.jpg'),
(8, 1, 'file_manager_listing', 1, '/thumbnails/file_manager_listing/3014/8775/3043/houses.jpg'),
(8, 1, 'file_manager_listing_2x', 1, '/thumbnails/file_manager_listing_2x/3014/8775/3043/houses.jpg'),
(9, 1, 'file_manager_listing', 1, '/thumbnails/file_manager_listing/3014/8775/3043/masthead.jpg'),
(9, 1, 'file_manager_listing_2x', 1, '/thumbnails/file_manager_listing_2x/3014/8775/3043/masthead.jpg'),
(10, 1, 'file_manager_listing', 1, '/thumbnails/file_manager_listing/2114/8775/3044/mountains.jpg'),
(10, 1, 'file_manager_listing_2x', 1, '/thumbnails/file_manager_listing_2x/2114/8775/3044/mountains.jpg'),
(11, 1, 'file_manager_listing', 1, '/thumbnails/file_manager_listing/7514/8775/3044/plants.jpg'),
(11, 1, 'file_manager_listing_2x', 1, '/thumbnails/file_manager_listing_2x/7514/8775/3044/plants.jpg'),
(12, 1, 'file_manager_listing', 1, '/thumbnails/file_manager_listing/4714/8775/3044/shoes.jpg'),
(12, 1, 'file_manager_listing_2x', 1, '/thumbnails/file_manager_listing_2x/4714/8775/3044/shoes.jpg'),
(13, 1, 'file_manager_listing', 1, '/thumbnails/file_manager_listing/4914/8775/3045/slider1.jpg'),
(13, 1, 'file_manager_listing_2x', 1, '/thumbnails/file_manager_listing_2x/4914/8775/3045/slider1.jpg'),
(14, 1, 'file_manager_listing', 1, '/thumbnails/file_manager_listing/2114/8775/3045/slider2.jpg'),
(14, 1, 'file_manager_listing_2x', 1, '/thumbnails/file_manager_listing_2x/2114/8775/3045/slider2.jpg'),
(15, 1, 'file_manager_listing', 1, '/thumbnails/file_manager_listing/2414/8775/3045/subway.jpg'),
(15, 1, 'file_manager_listing_2x', 1, '/thumbnails/file_manager_listing_2x/2414/8775/3045/subway.jpg'),
(16, 3, 'file_manager_listing', 1, '/thumbnails/file_manager_listing/4814/8785/5130/AKF_logo.jpg'),
(16, 3, 'file_manager_listing_2x', 1, '/thumbnails/file_manager_listing_2x/4814/8785/5130/AKF_logo.jpg'),
(17, 1, 'file_manager_listing', 1, '/thumbnails/file_manager_listing/5414/8777/0879/Stoergelukkig.jpg'),
(17, 1, 'file_manager_listing_2x', 1, '/thumbnails/file_manager_listing_2x/5414/8777/0879/Stoergelukkig.jpg'),
(18, 1, 'file_manager_listing', 1, '/thumbnails/file_manager_listing/5814/8777/2469/page_list2.jpg'),
(18, 1, 'file_manager_listing_2x', 1, '/thumbnails/file_manager_listing_2x/5814/8777/2469/page_list2.jpg'),
(19, 1, 'file_manager_listing', 1, '/thumbnails/file_manager_listing/7814/8777/2470/page_list4.jpg'),
(19, 1, 'file_manager_listing_2x', 1, '/thumbnails/file_manager_listing_2x/7814/8777/2470/page_list4.jpg'),
(20, 1, 'file_manager_listing', 1, '/thumbnails/file_manager_listing/1214/8777/2473/page_list5.jpg'),
(20, 1, 'file_manager_listing_2x', 1, '/thumbnails/file_manager_listing_2x/1214/8777/2473/page_list5.jpg'),
(21, 1, 'file_manager_listing', 1, '/thumbnails/file_manager_listing/3314/8777/2474/page_list1.jpg'),
(21, 1, 'file_manager_listing_2x', 1, '/thumbnails/file_manager_listing_2x/3314/8777/2474/page_list1.jpg'),
(22, 1, 'file_manager_listing', 1, '/thumbnails/file_manager_listing/6014/8777/2475/page_list3.jpg'),
(22, 1, 'file_manager_listing_2x', 1, '/thumbnails/file_manager_listing_2x/6014/8777/2475/page_list3.jpg'),
(23, 1, 'file_manager_listing', 1, '/thumbnails/file_manager_listing/6614/8777/2476/page_list6.jpg'),
(23, 1, 'file_manager_listing_2x', 1, '/thumbnails/file_manager_listing_2x/6614/8777/2476/page_list6.jpg'),
(24, 1, 'file_manager_listing', 1, '/thumbnails/file_manager_listing/7714/8777/2476/page_list7.jpg'),
(24, 1, 'file_manager_listing_2x', 1, '/thumbnails/file_manager_listing_2x/7714/8777/2476/page_list7.jpg'),
(25, 1, 'file_manager_listing', 1, '/thumbnails/file_manager_listing/5914/8783/9164/Quote_AKF_2.jpg'),
(25, 1, 'file_manager_listing_2x', 1, '/thumbnails/file_manager_listing_2x/5914/8783/9164/Quote_AKF_2.jpg'),
(26, 1, 'file_manager_listing', 1, '/thumbnails/file_manager_listing/7514/8784/9539/meisje.jpg'),
(26, 1, 'file_manager_listing_2x', 1, '/thumbnails/file_manager_listing_2x/7514/8784/9539/meisje.jpg'),
(27, 1, 'file_manager_listing', 1, '/thumbnails/file_manager_listing/1814/8785/7893/Content_AKF_04_L1.jpg'),
(27, 1, 'file_manager_listing_2x', 1, '/thumbnails/file_manager_listing_2x/1814/8785/7893/Content_AKF_04_L1.jpg'),
(28, 1, 'file_manager_listing', 1, '/thumbnails/file_manager_listing/8714/8785/7960/Content_AKF_06_L1.jpg'),
(28, 1, 'file_manager_listing_2x', 1, '/thumbnails/file_manager_listing_2x/8714/8785/7960/Content_AKF_06_L1.jpg'),
(29, 1, 'file_manager_listing', 1, '/thumbnails/file_manager_listing/6614/8785/8547/logo-stoere-traktaties.jpg'),
(29, 1, 'file_manager_listing_2x', 1, '/thumbnails/file_manager_listing_2x/6614/8785/8547/logo-stoere-traktaties.jpg'),
(30, 1, 'file_manager_listing', 1, '/thumbnails/file_manager_listing/4314/8785/9719/Quote_AKF_3.jpg'),
(30, 1, 'file_manager_listing_2x', 1, '/thumbnails/file_manager_listing_2x/4314/8785/9719/Quote_AKF_3.jpg'),
(31, 1, 'file_manager_listing', 1, '/thumbnails/file_manager_listing/6014/8785/9780/Content_AKF_04_R1.jpg'),
(31, 1, 'file_manager_listing_2x', 1, '/thumbnails/file_manager_listing_2x/6014/8785/9780/Content_AKF_04_R1.jpg'),
(32, 1, 'file_manager_listing', 1, '/thumbnails/file_manager_listing/4714/8786/0233/Quote_AKF_1.jpg'),
(32, 1, 'file_manager_listing_2x', 1, '/thumbnails/file_manager_listing_2x/4714/8786/0233/Quote_AKF_1.jpg'),
(33, 1, 'file_manager_listing', 1, '/thumbnails/file_manager_listing/2914/8786/0342/Bestuur_2015.jpg'),
(33, 1, 'file_manager_listing_2x', 1, '/thumbnails/file_manager_listing_2x/2914/8786/0342/Bestuur_2015.jpg'),
(35, 1, 'file_manager_listing', 1, '/thumbnails/file_manager_listing/1314/8786/0668/Oogappeltje_new.jpg'),
(35, 1, 'file_manager_listing_2x', 1, '/thumbnails/file_manager_listing_2x/1314/8786/0668/Oogappeltje_new.jpg'),
(37, 1, 'file_manager_listing', 1, '/thumbnails/file_manager_listing/2114/8786/4076/Content_AKF_03_R1.jpg'),
(37, 1, 'file_manager_listing_2x', 1, '/thumbnails/file_manager_listing_2x/2114/8786/4076/Content_AKF_03_R1.jpg'),
(38, 1, 'file_manager_listing', 1, '/thumbnails/file_manager_listing/1714/8793/6948/263.jpg'),
(38, 1, 'file_manager_listing_2x', 1, '/thumbnails/file_manager_listing_2x/1714/8793/6948/263.jpg'),
(39, 1, 'file_manager_listing', 1, '/thumbnails/file_manager_listing/2714/8793/6949/28.jpg'),
(39, 1, 'file_manager_listing_2x', 1, '/thumbnails/file_manager_listing_2x/2714/8793/6949/28.jpg'),
(40, 1, 'file_manager_listing', 1, '/thumbnails/file_manager_listing/4814/8793/6950/203.jpg'),
(40, 1, 'file_manager_listing_2x', 1, '/thumbnails/file_manager_listing_2x/4814/8793/6950/203.jpg'),
(41, 1, 'file_manager_listing', 1, '/thumbnails/file_manager_listing/5114/8793/6950/27.jpg'),
(41, 1, 'file_manager_listing_2x', 1, '/thumbnails/file_manager_listing_2x/5114/8793/6950/27.jpg'),
(44, 1, 'file_manager_listing', 1, '/thumbnails/file_manager_listing/1514/8794/5270/263_hover.jpg'),
(44, 1, 'file_manager_listing_2x', 1, '/thumbnails/file_manager_listing_2x/1514/8794/5270/263_hover.jpg'),
(45, 1, 'file_manager_listing', 1, '/thumbnails/file_manager_listing/9214/8794/5271/203_hover.jpg'),
(45, 1, 'file_manager_listing_2x', 1, '/thumbnails/file_manager_listing_2x/9214/8794/5271/203_hover.jpg'),
(46, 1, 'file_manager_listing', 1, '/thumbnails/file_manager_listing/5314/8794/5271/27_hover.jpg'),
(46, 1, 'file_manager_listing_2x', 1, '/thumbnails/file_manager_listing_2x/5314/8794/5271/27_hover.jpg'),
(47, 1, 'file_manager_listing', 1, '/thumbnails/file_manager_listing/1814/8794/5272/28_hover.jpg'),
(47, 1, 'file_manager_listing_2x', 1, '/thumbnails/file_manager_listing_2x/1814/8794/5272/28_hover.jpg'),
(48, 1, 'file_manager_listing', 1, '/thumbnails/file_manager_listing/5814/8820/5592/261.jpg'),
(48, 1, 'file_manager_listing_2x', 1, '/thumbnails/file_manager_listing_2x/5814/8820/5592/261.jpg'),
(49, 1, 'file_manager_listing', 1, '/thumbnails/file_manager_listing/4514/8820/5698/260.jpg'),
(49, 1, 'file_manager_listing_2x', 1, '/thumbnails/file_manager_listing_2x/4514/8820/5698/260.jpg');

-- --------------------------------------------------------

--
-- Tabelstructuur voor tabel `FileImageThumbnailTypes`
--

CREATE TABLE `FileImageThumbnailTypes` (
  `ftTypeID` int(10) UNSIGNED NOT NULL,
  `ftTypeHandle` varchar(255) COLLATE utf8_unicode_ci NOT NULL DEFAULT '',
  `ftTypeName` varchar(255) COLLATE utf8_unicode_ci NOT NULL DEFAULT '',
  `ftTypeWidth` int(11) NOT NULL DEFAULT '0',
  `ftTypeHeight` int(11) DEFAULT NULL,
  `ftTypeIsRequired` tinyint(1) NOT NULL DEFAULT '0'
) ENGINE=InnoDB DEFAULT CHARSET=utf8 COLLATE=utf8_unicode_ci;

--
-- Gegevens worden geëxporteerd voor tabel `FileImageThumbnailTypes`
--

INSERT INTO `FileImageThumbnailTypes` (`ftTypeID`, `ftTypeHandle`, `ftTypeName`, `ftTypeWidth`, `ftTypeHeight`, `ftTypeIsRequired`) VALUES
(1, 'small', 'Small Image', 740, NULL, 0),
(2, 'medium', 'Medium Image', 940, NULL, 0),
(3, 'large', 'Large Image', 1140, NULL, 0),
(4, 'file_manager_listing', 'File Manager Thumbnails', 60, 60, 1),
(5, 'file_manager_detail', 'File Manager Detail Thumbnails', 400, NULL, 1);

-- --------------------------------------------------------

--
-- Tabelstructuur voor tabel `FilePermissionAssignments`
--

CREATE TABLE `FilePermissionAssignments` (
  `fID` int(10) UNSIGNED NOT NULL DEFAULT '0',
  `pkID` int(10) UNSIGNED NOT NULL DEFAULT '0',
  `paID` int(10) UNSIGNED NOT NULL DEFAULT '0'
) ENGINE=InnoDB DEFAULT CHARSET=utf8 COLLATE=utf8_unicode_ci;

-- --------------------------------------------------------

--
-- Tabelstructuur voor tabel `FilePermissionFileTypes`
--

CREATE TABLE `FilePermissionFileTypes` (
  `extension` varchar(32) COLLATE utf8_unicode_ci NOT NULL,
  `fsID` int(10) UNSIGNED NOT NULL DEFAULT '0',
  `gID` int(10) UNSIGNED NOT NULL DEFAULT '0',
  `uID` int(10) UNSIGNED NOT NULL DEFAULT '0'
) ENGINE=InnoDB DEFAULT CHARSET=utf8 COLLATE=utf8_unicode_ci;

-- --------------------------------------------------------

--
-- Tabelstructuur voor tabel `Files`
--

CREATE TABLE `Files` (
  `fID` int(10) UNSIGNED NOT NULL,
  `fDateAdded` datetime DEFAULT NULL,
  `uID` int(10) UNSIGNED NOT NULL DEFAULT '0',
  `fslID` int(10) UNSIGNED NOT NULL DEFAULT '0',
  `ocID` int(10) UNSIGNED NOT NULL DEFAULT '0',
  `fOverrideSetPermissions` tinyint(1) NOT NULL DEFAULT '0',
  `fPassword` varchar(255) COLLATE utf8_unicode_ci DEFAULT NULL
) ENGINE=InnoDB DEFAULT CHARSET=utf8 COLLATE=utf8_unicode_ci;

--
-- Gegevens worden geëxporteerd voor tabel `Files`
--

INSERT INTO `Files` (`fID`, `fDateAdded`, `uID`, `fslID`, `ocID`, `fOverrideSetPermissions`, `fPassword`) VALUES
(1, '2017-02-22 09:44:02', 1, 1, 0, 0, NULL),
(2, '2017-02-22 09:44:02', 1, 1, 0, 0, NULL),
(3, '2017-02-22 09:44:02', 1, 1, 0, 0, NULL),
(4, '2017-02-22 09:44:02', 1, 1, 0, 0, NULL),
(5, '2017-02-22 09:44:03', 1, 1, 0, 0, NULL),
(6, '2017-02-22 09:44:03', 1, 1, 0, 0, NULL),
(7, '2017-02-22 09:44:03', 1, 1, 0, 0, NULL),
(8, '2017-02-22 09:44:03', 1, 1, 0, 0, NULL),
(9, '2017-02-22 09:44:03', 1, 1, 0, 0, NULL),
(10, '2017-02-22 09:44:04', 1, 1, 0, 0, NULL),
(11, '2017-02-22 09:44:04', 1, 1, 0, 0, NULL),
(12, '2017-02-22 09:44:04', 1, 1, 0, 0, NULL),
(13, '2017-02-22 09:44:05', 1, 1, 0, 0, NULL),
(14, '2017-02-22 09:44:05', 1, 1, 0, 0, NULL),
(15, '2017-02-22 09:44:05', 1, 1, 0, 0, NULL),
(16, '2017-02-22 09:44:05', 1, 1, 0, 0, NULL),
(17, '2017-02-22 14:41:19', 1, 1, 0, 0, NULL),
(18, '2017-02-22 15:07:49', 1, 1, 0, 0, NULL),
(19, '2017-02-22 15:07:50', 1, 1, 0, 0, NULL),
(20, '2017-02-22 15:07:53', 1, 1, 0, 0, NULL),
(21, '2017-02-22 15:07:54', 1, 1, 0, 0, NULL),
(22, '2017-02-22 15:07:55', 1, 1, 0, 0, NULL),
(23, '2017-02-22 15:07:56', 1, 1, 0, 0, NULL),
(24, '2017-02-22 15:07:56', 1, 1, 0, 0, NULL),
(25, '2017-02-23 09:39:24', 1, 1, 0, 0, NULL),
(26, '2017-02-23 12:32:19', 1, 1, 0, 0, NULL),
(27, '2017-02-23 14:51:33', 1, 1, 0, 0, NULL),
(28, '2017-02-23 14:52:40', 1, 1, 0, 0, NULL),
(29, '2017-02-23 15:02:27', 1, 1, 0, 0, NULL),
(30, '2017-02-23 15:21:59', 1, 1, 0, 0, NULL),
(31, '2017-02-23 15:23:00', 1, 1, 0, 0, NULL),
(32, '2017-02-23 15:30:33', 1, 1, 0, 0, NULL),
(33, '2017-02-23 15:32:22', 1, 1, 0, 0, NULL),
(34, '2017-02-23 15:36:04', 1, 1, 0, 0, NULL),
(35, '2017-02-23 15:37:48', 1, 1, 0, 0, NULL),
(36, '2017-02-23 16:27:22', 1, 1, 0, 0, NULL),
(37, '2017-02-23 16:34:36', 1, 1, 0, 0, NULL),
(38, '2017-02-24 12:49:09', 1, 1, 0, 0, NULL),
(39, '2017-02-24 12:49:09', 1, 1, 0, 0, NULL),
(40, '2017-02-24 12:49:10', 1, 1, 0, 0, NULL),
(41, '2017-02-24 12:49:10', 1, 1, 0, 0, NULL),
(42, '2017-02-24 12:50:28', 1, 1, 0, 0, NULL),
(43, '2017-02-24 12:50:28', 1, 1, 0, 0, NULL),
(44, '2017-02-24 15:07:50', 1, 1, 0, 0, NULL),
(45, '2017-02-24 15:07:51', 1, 1, 0, 0, NULL),
(46, '2017-02-24 15:07:51', 1, 1, 0, 0, NULL),
(47, '2017-02-24 15:07:52', 1, 1, 0, 0, NULL),
(48, '2017-02-27 15:26:32', 1, 1, 0, 0, NULL),
(49, '2017-02-27 15:28:18', 1, 1, 0, 0, NULL),
(50, '2017-02-27 15:31:37', 1, 1, 0, 0, NULL);

-- --------------------------------------------------------

--
-- Tabelstructuur voor tabel `FileSearchIndexAttributes`
--

CREATE TABLE `FileSearchIndexAttributes` (
  `fID` int(10) UNSIGNED NOT NULL DEFAULT '0',
  `ak_width` decimal(14,4) DEFAULT '0.0000',
  `ak_height` decimal(14,4) DEFAULT '0.0000',
  `ak_duration` decimal(14,4) DEFAULT '0.0000'
) ENGINE=InnoDB DEFAULT CHARSET=utf8 COLLATE=utf8_unicode_ci;

--
-- Gegevens worden geëxporteerd voor tabel `FileSearchIndexAttributes`
--

INSERT INTO `FileSearchIndexAttributes` (`fID`, `ak_width`, `ak_height`, `ak_duration`) VALUES
(1, '200.0000', '200.0000', '0.0000'),
(2, '500.0000', '500.0000', '0.0000'),
(3, '460.0000', '460.0000', '0.0000'),
(4, '592.0000', '397.0000', '0.0000'),
(5, '250.0000', '252.0000', '0.0000'),
(6, '1600.0000', '1067.0000', '0.0000'),
(7, '200.0000', '200.0000', '0.0000'),
(8, '1499.0000', '1067.0000', '0.0000'),
(9, '1100.0000', '263.0000', '0.0000'),
(10, '1600.0000', '1067.0000', '0.0000'),
(11, '1600.0000', '1066.0000', '0.0000'),
(12, '1600.0000', '1067.0000', '0.0000'),
(13, '1100.0000', '368.0000', '0.0000'),
(14, '1100.0000', '368.0000', '0.0000'),
(15, '1600.0000', '1067.0000', '0.0000'),
(16, '1067.0000', '941.0000', '0.0000'),
(17, '3753.0000', '431.0000', '0.0000'),
(18, '853.0000', '652.0000', '0.0000'),
(19, '3001.0000', '653.0000', '0.0000'),
(20, '854.0000', '653.0000', '0.0000'),
(21, '855.0000', '654.0000', '0.0000'),
(22, '855.0000', '653.0000', '0.0000'),
(23, '853.0000', '653.0000', '0.0000'),
(24, '854.0000', '653.0000', '0.0000'),
(25, '323.0000', '180.0000', '0.0000'),
(26, '323.0000', '484.0000', '0.0000'),
(27, '323.0000', '299.0000', '0.0000'),
(28, '323.0000', '448.0000', '0.0000'),
(29, '323.0000', '113.0000', '0.0000'),
(30, '323.0000', '145.0000', '0.0000'),
(31, '323.0000', '525.0000', '0.0000'),
(32, '323.0000', '180.0000', '0.0000'),
(33, '475.0000', '292.0000', '0.0000'),
(34, '0.0000', '0.0000', '0.0000'),
(35, '323.0000', '293.0000', '0.0000'),
(36, '0.0000', '0.0000', '0.0000'),
(37, '323.0000', '219.0000', '0.0000'),
(38, '592.0000', '385.0000', '0.0000'),
(39, '608.0000', '385.0000', '0.0000'),
(40, '600.0000', '385.0000', '0.0000'),
(41, '596.0000', '385.0000', '0.0000'),
(42, '0.0000', '0.0000', '0.0000'),
(43, '0.0000', '0.0000', '0.0000'),
(44, '592.0000', '385.0000', '0.0000'),
(45, '600.0000', '385.0000', '0.0000'),
(46, '596.0000', '385.0000', '0.0000'),
(47, '608.0000', '385.0000', '0.0000'),
(48, '800.0000', '385.0000', '0.0000'),
(49, '800.0000', '385.0000', '0.0000'),
(50, '0.0000', '0.0000', '0.0000');

-- --------------------------------------------------------

--
-- Tabelstructuur voor tabel `FileSetFiles`
--

CREATE TABLE `FileSetFiles` (
  `fsfID` int(10) UNSIGNED NOT NULL,
  `fID` int(10) UNSIGNED NOT NULL,
  `fsID` int(10) UNSIGNED NOT NULL,
  `timestamp` timestamp NOT NULL DEFAULT CURRENT_TIMESTAMP,
  `fsDisplayOrder` int(10) UNSIGNED NOT NULL
) ENGINE=InnoDB DEFAULT CHARSET=utf8 COLLATE=utf8_unicode_ci;

-- --------------------------------------------------------

--
-- Tabelstructuur voor tabel `FileSetPermissionAssignments`
--

CREATE TABLE `FileSetPermissionAssignments` (
  `fsID` int(10) UNSIGNED NOT NULL DEFAULT '0',
  `pkID` int(10) UNSIGNED NOT NULL DEFAULT '0',
  `paID` int(10) UNSIGNED NOT NULL DEFAULT '0'
) ENGINE=InnoDB DEFAULT CHARSET=utf8 COLLATE=utf8_unicode_ci;

--
-- Gegevens worden geëxporteerd voor tabel `FileSetPermissionAssignments`
--

INSERT INTO `FileSetPermissionAssignments` (`fsID`, `pkID`, `paID`) VALUES
(0, 39, 40),
(0, 40, 41),
(0, 41, 42),
(0, 42, 43),
(0, 43, 44),
(0, 44, 45),
(0, 45, 47),
(0, 46, 46),
(0, 47, 48);

-- --------------------------------------------------------

--
-- Tabelstructuur voor tabel `FileSetPermissionFileTypeAccessList`
--

CREATE TABLE `FileSetPermissionFileTypeAccessList` (
  `paID` int(10) UNSIGNED NOT NULL DEFAULT '0',
  `peID` int(10) UNSIGNED NOT NULL DEFAULT '0',
  `permission` varchar(1) COLLATE utf8_unicode_ci NOT NULL DEFAULT '1'
) ENGINE=InnoDB DEFAULT CHARSET=utf8 COLLATE=utf8_unicode_ci;

-- --------------------------------------------------------

--
-- Tabelstructuur voor tabel `FileSetPermissionFileTypeAccessListCustom`
--

CREATE TABLE `FileSetPermissionFileTypeAccessListCustom` (
  `extension` varchar(64) COLLATE utf8_unicode_ci NOT NULL,
  `paID` int(10) UNSIGNED NOT NULL DEFAULT '0',
  `peID` int(10) UNSIGNED NOT NULL DEFAULT '0'
) ENGINE=InnoDB DEFAULT CHARSET=utf8 COLLATE=utf8_unicode_ci;

-- --------------------------------------------------------

--
-- Tabelstructuur voor tabel `FileSets`
--

CREATE TABLE `FileSets` (
  `fsID` int(10) UNSIGNED NOT NULL,
  `fsName` varchar(64) COLLATE utf8_unicode_ci NOT NULL,
  `uID` int(10) UNSIGNED NOT NULL DEFAULT '0',
  `fsType` smallint(6) NOT NULL,
  `fsOverrideGlobalPermissions` smallint(6) DEFAULT NULL
) ENGINE=InnoDB DEFAULT CHARSET=utf8 COLLATE=utf8_unicode_ci;

-- --------------------------------------------------------

--
-- Tabelstructuur voor tabel `FileSetSavedSearches`
--

CREATE TABLE `FileSetSavedSearches` (
  `fsID` int(10) UNSIGNED NOT NULL DEFAULT '0',
  `fsSearchRequest` text COLLATE utf8_unicode_ci,
  `fsResultColumns` text COLLATE utf8_unicode_ci
) ENGINE=InnoDB DEFAULT CHARSET=utf8 COLLATE=utf8_unicode_ci;

-- --------------------------------------------------------

--
-- Tabelstructuur voor tabel `FileStorageLocations`
--

CREATE TABLE `FileStorageLocations` (
  `fslID` int(10) UNSIGNED NOT NULL,
  `fslName` varchar(255) COLLATE utf8_unicode_ci NOT NULL,
  `fslConfiguration` longtext COLLATE utf8_unicode_ci NOT NULL,
  `fslIsDefault` tinyint(1) NOT NULL DEFAULT '0'
) ENGINE=InnoDB DEFAULT CHARSET=utf8 COLLATE=utf8_unicode_ci;

--
-- Gegevens worden geëxporteerd voor tabel `FileStorageLocations`
--

INSERT INTO `FileStorageLocations` (`fslID`, `fslName`, `fslConfiguration`, `fslIsDefault`) VALUES
(1, 'Default', 'O:69:"Concrete\\Core\\File\\StorageLocation\\Configuration\\DefaultConfiguration":1:{s:10:"\0*\0default";b:1;}', 1);

-- --------------------------------------------------------

--
-- Tabelstructuur voor tabel `FileStorageLocationTypes`
--

CREATE TABLE `FileStorageLocationTypes` (
  `fslTypeID` int(10) UNSIGNED NOT NULL,
  `fslTypeHandle` varchar(255) COLLATE utf8_unicode_ci NOT NULL,
  `fslTypeName` varchar(255) COLLATE utf8_unicode_ci NOT NULL,
  `pkgID` int(10) UNSIGNED NOT NULL DEFAULT '0'
) ENGINE=InnoDB DEFAULT CHARSET=utf8 COLLATE=utf8_unicode_ci;

--
-- Gegevens worden geëxporteerd voor tabel `FileStorageLocationTypes`
--

INSERT INTO `FileStorageLocationTypes` (`fslTypeID`, `fslTypeHandle`, `fslTypeName`, `pkgID`) VALUES
(1, 'default', 'Default', 0),
(2, 'local', 'Local', 0);

-- --------------------------------------------------------

--
-- Tabelstructuur voor tabel `FileVersionLog`
--

CREATE TABLE `FileVersionLog` (
  `fvlID` int(10) UNSIGNED NOT NULL,
  `fID` int(10) UNSIGNED NOT NULL DEFAULT '0',
  `fvID` int(10) UNSIGNED NOT NULL DEFAULT '0',
  `fvUpdateTypeID` smallint(5) UNSIGNED NOT NULL DEFAULT '0',
  `fvUpdateTypeAttributeID` int(10) UNSIGNED NOT NULL DEFAULT '0'
) ENGINE=InnoDB DEFAULT CHARSET=utf8 COLLATE=utf8_unicode_ci;

--
-- Gegevens worden geëxporteerd voor tabel `FileVersionLog`
--

INSERT INTO `FileVersionLog` (`fvlID`, `fID`, `fvID`, `fvUpdateTypeID`, `fvUpdateTypeAttributeID`) VALUES
(1, 1, 1, 5, 14),
(2, 1, 1, 5, 15),
(3, 2, 1, 5, 14),
(4, 2, 1, 5, 15),
(5, 3, 1, 5, 14),
(6, 3, 1, 5, 15),
(7, 4, 1, 5, 14),
(8, 4, 1, 5, 15),
(9, 5, 1, 5, 14),
(10, 5, 1, 5, 15),
(11, 6, 1, 5, 14),
(12, 6, 1, 5, 15),
(13, 7, 1, 5, 14),
(14, 7, 1, 5, 15),
(15, 8, 1, 5, 14),
(16, 8, 1, 5, 15),
(17, 9, 1, 5, 14),
(18, 9, 1, 5, 15),
(19, 10, 1, 5, 14),
(20, 10, 1, 5, 15),
(21, 11, 1, 5, 14),
(22, 11, 1, 5, 15),
(23, 12, 1, 5, 14),
(24, 12, 1, 5, 15),
(25, 13, 1, 5, 14),
(26, 13, 1, 5, 15),
(27, 14, 1, 5, 14),
(28, 14, 1, 5, 15),
(29, 15, 1, 5, 14),
(30, 15, 1, 5, 15),
(31, 16, 1, 5, 14),
(32, 16, 1, 5, 15),
(33, 16, 2, 1, 0),
(34, 16, 2, 5, 14),
(35, 16, 2, 5, 15),
(36, 17, 1, 5, 14),
(37, 17, 1, 5, 15),
(38, 18, 1, 5, 14),
(39, 18, 1, 5, 15),
(40, 19, 1, 5, 14),
(41, 19, 1, 5, 15),
(42, 20, 1, 5, 14),
(43, 20, 1, 5, 15),
(44, 21, 1, 5, 14),
(45, 21, 1, 5, 15),
(46, 22, 1, 5, 14),
(47, 22, 1, 5, 15),
(48, 23, 1, 5, 14),
(49, 23, 1, 5, 15),
(50, 24, 1, 5, 14),
(51, 24, 1, 5, 15),
(52, 25, 1, 5, 14),
(53, 25, 1, 5, 15),
(54, 26, 1, 5, 14),
(55, 26, 1, 5, 15),
(56, 16, 3, 1, 0),
(57, 16, 3, 5, 14),
(58, 16, 3, 5, 15),
(59, 27, 1, 5, 14),
(60, 27, 1, 5, 15),
(61, 28, 1, 5, 14),
(62, 28, 1, 5, 15),
(63, 29, 1, 5, 14),
(64, 29, 1, 5, 15),
(65, 30, 1, 5, 14),
(66, 30, 1, 5, 15),
(67, 31, 1, 5, 14),
(68, 31, 1, 5, 15),
(69, 32, 1, 5, 14),
(70, 32, 1, 5, 15),
(71, 33, 1, 5, 14),
(72, 33, 1, 5, 15),
(73, 35, 1, 5, 14),
(74, 35, 1, 5, 15),
(75, 37, 1, 5, 14),
(76, 37, 1, 5, 15),
(77, 38, 1, 5, 14),
(78, 38, 1, 5, 15),
(79, 39, 1, 5, 14),
(80, 39, 1, 5, 15),
(81, 40, 1, 5, 14),
(82, 40, 1, 5, 15),
(83, 41, 1, 5, 14),
(84, 41, 1, 5, 15),
(85, 44, 1, 5, 14),
(86, 44, 1, 5, 15),
(87, 45, 1, 5, 14),
(88, 45, 1, 5, 15),
(89, 46, 1, 5, 14),
(90, 46, 1, 5, 15),
(91, 47, 1, 5, 14),
(92, 47, 1, 5, 15),
(93, 48, 1, 5, 14),
(94, 48, 1, 5, 15),
(95, 49, 1, 5, 14),
(96, 49, 1, 5, 15);

-- --------------------------------------------------------

--
-- Tabelstructuur voor tabel `FileVersions`
--

CREATE TABLE `FileVersions` (
  `fID` int(10) UNSIGNED NOT NULL DEFAULT '0',
  `fvID` int(10) UNSIGNED NOT NULL DEFAULT '0',
  `fvFilename` varchar(255) COLLATE utf8_unicode_ci NOT NULL,
  `fvPrefix` varchar(12) COLLATE utf8_unicode_ci DEFAULT NULL,
  `fvGenericType` smallint(5) UNSIGNED NOT NULL DEFAULT '0',
  `fvSize` int(10) UNSIGNED NOT NULL DEFAULT '0',
  `fvTitle` varchar(255) COLLATE utf8_unicode_ci DEFAULT NULL,
  `fvDescription` text COLLATE utf8_unicode_ci,
  `fvTags` varchar(255) COLLATE utf8_unicode_ci DEFAULT NULL,
  `fvIsApproved` int(10) UNSIGNED NOT NULL DEFAULT '1',
  `fvDateAdded` datetime DEFAULT NULL,
  `fvApproverUID` int(10) UNSIGNED NOT NULL DEFAULT '0',
  `fvAuthorUID` int(10) UNSIGNED NOT NULL DEFAULT '0',
  `fvActivateDatetime` datetime DEFAULT NULL,
  `fvHasListingThumbnail` tinyint(1) NOT NULL DEFAULT '0',
  `fvHasDetailThumbnail` tinyint(1) NOT NULL DEFAULT '0',
  `fvExtension` varchar(32) COLLATE utf8_unicode_ci DEFAULT NULL,
  `fvType` int(10) UNSIGNED NOT NULL DEFAULT '0'
) ENGINE=InnoDB DEFAULT CHARSET=utf8 COLLATE=utf8_unicode_ci;

--
-- Gegevens worden geëxporteerd voor tabel `FileVersions`
--

INSERT INTO `FileVersions` (`fID`, `fvID`, `fvFilename`, `fvPrefix`, `fvGenericType`, `fvSize`, `fvTitle`, `fvDescription`, `fvTags`, `fvIsApproved`, `fvDateAdded`, `fvApproverUID`, `fvAuthorUID`, `fvActivateDatetime`, `fvHasListingThumbnail`, `fvHasDetailThumbnail`, `fvExtension`, `fvType`) VALUES
(1, 1, 'avatar_none.png', '431487753042', 0, 12769, 'avatar_none.png', '', '', 1, '2017-02-22 09:44:02', 1, 1, '2017-02-22 09:44:02', 1, 0, 'png', 1),
(2, 1, 'balloon.jpg', '201487753042', 0, 49708, 'balloon.jpg', '', '', 1, '2017-02-22 09:44:02', 1, 1, '2017-02-22 09:44:02', 1, 1, 'jpg', 1),
(3, 1, 'bio.png', '801487753042', 0, 1353, 'bio.png', '', '', 1, '2017-02-22 09:44:02', 1, 1, '2017-02-22 09:44:02', 1, 1, 'png', 1),
(4, 1, 'blank.png', '101487753042', 0, 1837, 'blank.png', '', '', 1, '2017-02-22 09:44:02', 1, 1, '2017-02-22 09:44:02', 1, 1, 'png', 1),
(5, 1, 'blank2.png', '351487753043', 0, 1210, 'blank2.png', '', '', 1, '2017-02-22 09:44:03', 1, 1, '2017-02-22 09:44:03', 1, 0, 'png', 1),
(6, 1, 'bridge.jpg', '281487753043', 0, 211901, 'bridge.jpg', '', '', 1, '2017-02-22 09:44:03', 1, 1, '2017-02-22 09:44:03', 1, 1, 'jpg', 1),
(7, 1, 'chinese_house2.jpg', '701487753043', 0, 84383, 'chinese_house2.jpg', '', '', 1, '2017-02-22 09:44:03', 1, 1, '2017-02-22 09:44:03', 1, 0, 'jpg', 1),
(8, 1, 'houses.jpg', '301487753043', 0, 293154, 'houses.jpg', '', '', 1, '2017-02-22 09:44:03', 1, 1, '2017-02-22 09:44:03', 1, 1, 'jpg', 1),
(9, 1, 'masthead.png', '301487753043', 0, 1429, 'masthead.png', '', '', 1, '2017-02-22 09:44:03', 1, 1, '2017-02-22 09:44:03', 1, 1, 'png', 1),
(10, 1, 'mountains.jpg', '211487753044', 0, 330436, 'mountains.jpg', '', '', 1, '2017-02-22 09:44:04', 1, 1, '2017-02-22 09:44:04', 1, 1, 'jpg', 1),
(11, 1, 'plants.jpg', '751487753044', 0, 373839, 'plants.jpg', '', '', 1, '2017-02-22 09:44:04', 1, 1, '2017-02-22 09:44:04', 1, 1, 'jpg', 1),
(12, 1, 'shoes.jpg', '471487753044', 0, 170179, 'shoes.jpg', '', '', 1, '2017-02-22 09:44:04', 1, 1, '2017-02-22 09:44:04', 1, 1, 'jpg', 1),
(13, 1, 'slider1.png', '491487753045', 0, 78494, 'slider1.png', '', '', 1, '2017-02-22 09:44:05', 1, 1, '2017-02-22 09:44:05', 1, 1, 'png', 1),
(14, 1, 'slider2.png', '211487753045', 0, 111308, 'slider2.png', '', '', 1, '2017-02-22 09:44:05', 1, 1, '2017-02-22 09:44:05', 1, 1, 'png', 1),
(15, 1, 'subway.jpg', '241487753045', 0, 305595, 'subway.jpg', '', '', 1, '2017-02-22 09:44:05', 1, 1, '2017-02-22 09:44:05', 1, 1, 'jpg', 1),
(16, 1, 'sunset.jpg', '821487753045', 0, 458047, 'sunset.jpg', '', '', 0, '2017-02-22 09:44:05', 1, 1, '2017-02-22 09:44:05', 1, 1, 'jpg', 1),
(16, 2, 'AKF_logo.jpg', '911487766972', 0, 287183, 'sunset.jpg', '', '', 0, '2017-02-22 13:36:13', 1, 1, '2017-02-22 09:44:05', 1, 1, 'jpg', 1),
(16, 3, 'AKF_logo.jpg', '481487855130', 0, 287183, 'sunset.jpg', '', '', 1, '2017-02-23 14:05:30', 1, 1, '2017-02-22 09:44:05', 1, 1, 'jpg', 1),
(17, 1, 'Stoergelukkig.jpg', '541487770879', 0, 168168, 'Stoergelukkig.jpg', '', '', 1, '2017-02-22 14:41:19', 1, 1, '2017-02-22 14:41:19', 1, 1, 'jpg', 1),
(18, 1, 'page_list2.jpg', '581487772469', 0, 341700, 'page_list2.jpg', '', '', 1, '2017-02-22 15:07:49', 1, 1, '2017-02-22 15:07:49', 1, 1, 'jpg', 1),
(19, 1, 'page_list4.jpg', '781487772470', 0, 638085, 'page_list4.jpg', '', '', 1, '2017-02-22 15:07:50', 1, 1, '2017-02-22 15:07:50', 1, 1, 'jpg', 1),
(20, 1, 'page_list5.jpg', '121487772473', 0, 351460, 'page_list5.jpg', '', '', 1, '2017-02-22 15:07:53', 1, 1, '2017-02-22 15:07:53', 1, 1, 'jpg', 1),
(21, 1, 'page_list1.jpg', '331487772474', 0, 269286, 'page_list1.jpg', '', '', 1, '2017-02-22 15:07:54', 1, 1, '2017-02-22 15:07:54', 1, 1, 'jpg', 1),
(22, 1, 'page_list3.jpg', '601487772475', 0, 196041, 'page_list3.jpg', '', '', 1, '2017-02-22 15:07:55', 1, 1, '2017-02-22 15:07:55', 1, 1, 'jpg', 1),
(23, 1, 'page_list6.jpg', '661487772476', 0, 330454, 'page_list6.jpg', '', '', 1, '2017-02-22 15:07:56', 1, 1, '2017-02-22 15:07:56', 1, 1, 'jpg', 1),
(24, 1, 'page_list7.jpg', '771487772476', 0, 241352, 'page_list7.jpg', '', '', 1, '2017-02-22 15:07:56', 1, 1, '2017-02-22 15:07:56', 1, 1, 'jpg', 1),
(25, 1, 'Quote_AKF_2.jpg', '591487839164', 0, 24424, 'Quote_AKF_2.jpg', '', '', 1, '2017-02-23 09:39:24', 1, 1, '2017-02-23 09:39:24', 1, 0, 'jpg', 1),
(26, 1, 'meisje.jpg', '751487849539', 0, 88515, 'meisje.jpg', '', '', 1, '2017-02-23 12:32:20', 1, 1, '2017-02-23 12:32:20', 1, 0, 'jpg', 1),
(27, 1, 'Content_AKF_04_L1.jpg', '181487857893', 0, 103385, 'Content_AKF_04_L1.jpg', '', '', 1, '2017-02-23 14:51:33', 1, 1, '2017-02-23 14:51:33', 1, 0, 'jpg', 1),
(28, 1, 'Content_AKF_06_L1.jpg', '871487857960', 0, 101769, 'Content_AKF_06_L1.jpg', '', '', 1, '2017-02-23 14:52:40', 1, 1, '2017-02-23 14:52:40', 1, 0, 'jpg', 1),
(29, 1, 'logo-stoere-traktaties.jpg', '661487858547', 0, 10891, 'logo-stoere-traktaties.jpg', '', '', 1, '2017-02-23 15:02:27', 1, 1, '2017-02-23 15:02:27', 1, 0, 'jpg', 1),
(30, 1, 'Quote_AKF_3.jpg', '431487859719', 0, 26087, 'Quote_AKF_3.jpg', '', '', 1, '2017-02-23 15:21:59', 1, 1, '2017-02-23 15:21:59', 1, 0, 'jpg', 1),
(31, 1, 'Content_AKF_04_R1.jpg', '601487859780', 0, 81758, 'Content_AKF_04_R1.jpg', '', '', 1, '2017-02-23 15:23:00', 1, 1, '2017-02-23 15:23:00', 1, 0, 'jpg', 1),
(32, 1, 'Quote_AKF_1.jpg', '471487860233', 0, 26848, 'Quote_AKF_1.jpg', '', '', 1, '2017-02-23 15:30:33', 1, 1, '2017-02-23 15:30:33', 1, 0, 'jpg', 1),
(33, 1, 'Bestuur_2015.jpg', '291487860342', 0, 38081, 'Bestuur 2015.jpg', '', '', 1, '2017-02-23 15:32:22', 1, 1, '2017-02-23 15:32:22', 1, 1, 'jpg', 1),
(34, 1, 'donatieform_nl.pdf', '821487860564', 0, 265349, 'donatieform_nl.pdf', '', '', 1, '2017-02-23 15:36:04', 1, 1, '2017-02-23 15:36:04', 0, 0, 'pdf', 5),
(35, 1, 'Oogappeltje_new.jpg', '131487860668', 0, 21649, 'Oogappeltje new.jpg', '', '', 1, '2017-02-23 15:37:48', 1, 1, '2017-02-23 15:37:48', 1, 0, 'jpg', 1),
(36, 1, 'aftrek_giften.pdf', '751487863642', 0, 91968, 'aftrek_giften.pdf', '', '', 1, '2017-02-23 16:27:22', 1, 1, '2017-02-23 16:27:22', 0, 0, 'pdf', 5),
(37, 1, 'Content_AKF_03_R1.jpg', '211487864076', 0, 78325, 'Content_AKF_03_R1.jpg', '', '', 1, '2017-02-23 16:34:36', 1, 1, '2017-02-23 16:34:36', 1, 0, 'jpg', 1),
(38, 1, '263.jpg', '171487936948', 0, 94248, '263.jpg', '', '', 1, '2017-02-24 12:49:09', 1, 1, '2017-02-24 12:49:09', 1, 1, 'jpg', 1),
(39, 1, '28.jpg', '271487936949', 0, 99055, '28.jpg', '', '', 1, '2017-02-24 12:49:09', 1, 1, '2017-02-24 12:49:09', 1, 1, 'jpg', 1),
(40, 1, '203.jpg', '481487936950', 0, 99753, '203.jpg', '', '', 1, '2017-02-24 12:49:10', 1, 1, '2017-02-24 12:49:10', 1, 1, 'jpg', 1),
(41, 1, '27.jpg', '511487936950', 0, 93406, '27.jpg', '', '', 1, '2017-02-24 12:49:10', 1, 1, '2017-02-24 12:49:10', 1, 1, 'jpg', 1),
(42, 1, 'Beleidsplan-AKF.pdf', '941487937028', 0, 94279, 'Beleidsplan-AKF.pdf', '', '', 1, '2017-02-24 12:50:28', 1, 1, '2017-02-24 12:50:28', 0, 0, 'pdf', 5),
(43, 1, 'Jaarrekening_2015-2016_St_Aartsenfruit_Kids_Foundation.pdf', '491487937028', 0, 593785, 'Jaarrekening 2015-2016 St Aartsenfruit Kids Foundation.pdf', '', '', 1, '2017-02-24 12:50:28', 1, 1, '2017-02-24 12:50:28', 0, 0, 'pdf', 5),
(44, 1, '263_hover.jpg', '151487945270', 0, 52360, '263_hover.jpg', '', '', 1, '2017-02-24 15:07:50', 1, 1, '2017-02-24 15:07:50', 1, 1, 'jpg', 1),
(45, 1, '203_hover.jpg', '921487945271', 0, 56804, '203_hover.jpg', '', '', 1, '2017-02-24 15:07:51', 1, 1, '2017-02-24 15:07:51', 1, 1, 'jpg', 1),
(46, 1, '27_hover.jpg', '531487945271', 0, 57568, '27_hover.jpg', '', '', 1, '2017-02-24 15:07:52', 1, 1, '2017-02-24 15:07:52', 1, 1, 'jpg', 1),
(47, 1, '28_hover.jpg', '181487945272', 0, 55608, '28_hover.jpg', '', '', 1, '2017-02-24 15:07:52', 1, 1, '2017-02-24 15:07:52', 1, 1, 'jpg', 1),
(48, 1, '261.jpg', '581488205592', 0, 193347, '261.jpg', '', '', 1, '2017-02-27 15:26:32', 1, 1, '2017-02-27 15:26:32', 1, 1, 'jpg', 1),
(49, 1, '260.jpg', '451488205698', 0, 214421, '260.jpg', '', '', 1, '2017-02-27 15:28:18', 1, 1, '2017-02-27 15:28:18', 1, 1, 'jpg', 1),
(50, 1, 'Beleidsplan-AKF.pdf', '521488205897', 0, 94279, 'Beleidsplan-AKF.pdf', '', '', 1, '2017-02-27 15:31:37', 1, 1, '2017-02-27 15:31:37', 0, 0, 'pdf', 5);

-- --------------------------------------------------------

--
-- Tabelstructuur voor tabel `gaPage`
--

CREATE TABLE `gaPage` (
  `gaiID` int(10) UNSIGNED NOT NULL,
  `cID` int(10) UNSIGNED DEFAULT NULL
) ENGINE=InnoDB DEFAULT CHARSET=utf8 COLLATE=utf8_unicode_ci;

-- --------------------------------------------------------

--
-- Tabelstructuur voor tabel `GatheringConfiguredDataSources`
--

CREATE TABLE `GatheringConfiguredDataSources` (
  `gcsID` int(10) UNSIGNED NOT NULL,
  `gaID` int(10) UNSIGNED DEFAULT NULL,
  `gasID` int(10) UNSIGNED DEFAULT NULL,
  `gcdObject` longtext COLLATE utf8_unicode_ci
) ENGINE=InnoDB DEFAULT CHARSET=utf8 COLLATE=utf8_unicode_ci;

-- --------------------------------------------------------

--
-- Tabelstructuur voor tabel `GatheringDataSources`
--

CREATE TABLE `GatheringDataSources` (
  `gasID` int(10) UNSIGNED NOT NULL,
  `gasName` varchar(255) COLLATE utf8_unicode_ci DEFAULT NULL,
  `gasHandle` varchar(255) COLLATE utf8_unicode_ci NOT NULL,
  `pkgID` int(10) UNSIGNED NOT NULL DEFAULT '0',
  `gasDisplayOrder` int(10) UNSIGNED NOT NULL DEFAULT '0'
) ENGINE=InnoDB DEFAULT CHARSET=utf8 COLLATE=utf8_unicode_ci;

--
-- Gegevens worden geëxporteerd voor tabel `GatheringDataSources`
--

INSERT INTO `GatheringDataSources` (`gasID`, `gasName`, `gasHandle`, `pkgID`, `gasDisplayOrder`) VALUES
(1, 'Site Page', 'page', 0, 0),
(2, 'RSS Feed', 'rss_feed', 0, 1),
(3, 'Flickr Feed', 'flickr_feed', 0, 2),
(4, 'Twitter', 'twitter', 0, 3);

-- --------------------------------------------------------

--
-- Tabelstructuur voor tabel `GatheringItemFeatureAssignments`
--

CREATE TABLE `GatheringItemFeatureAssignments` (
  `gafaID` int(10) UNSIGNED NOT NULL,
  `gaiID` int(10) UNSIGNED DEFAULT NULL,
  `faID` int(10) UNSIGNED DEFAULT NULL
) ENGINE=InnoDB DEFAULT CHARSET=utf8 COLLATE=utf8_unicode_ci;

-- --------------------------------------------------------

--
-- Tabelstructuur voor tabel `GatheringItems`
--

CREATE TABLE `GatheringItems` (
  `gaiID` int(10) UNSIGNED NOT NULL,
  `gaID` int(10) UNSIGNED DEFAULT NULL,
  `gasID` int(10) UNSIGNED DEFAULT NULL,
  `gaiDateTimeCreated` datetime NOT NULL,
  `gaiPublicDateTime` datetime NOT NULL,
  `gaiTitle` text COLLATE utf8_unicode_ci,
  `gaiSlotWidth` int(10) UNSIGNED DEFAULT '1',
  `gaiSlotHeight` int(10) UNSIGNED DEFAULT '1',
  `gaiKey` varchar(255) COLLATE utf8_unicode_ci NOT NULL,
  `gaiBatchDisplayOrder` int(10) UNSIGNED NOT NULL DEFAULT '0',
  `gaiBatchTimestamp` int(10) UNSIGNED NOT NULL DEFAULT '0',
  `gaiIsDeleted` tinyint(1) DEFAULT '0'
) ENGINE=InnoDB DEFAULT CHARSET=utf8 COLLATE=utf8_unicode_ci;

-- --------------------------------------------------------

--
-- Tabelstructuur voor tabel `GatheringItemSelectedTemplates`
--

CREATE TABLE `GatheringItemSelectedTemplates` (
  `gaiID` int(10) UNSIGNED NOT NULL DEFAULT '0',
  `gatID` int(10) UNSIGNED NOT NULL DEFAULT '0',
  `gatTypeID` int(10) UNSIGNED DEFAULT '0'
) ENGINE=InnoDB DEFAULT CHARSET=utf8 COLLATE=utf8_unicode_ci;

-- --------------------------------------------------------

--
-- Tabelstructuur voor tabel `GatheringItemTemplateFeatures`
--

CREATE TABLE `GatheringItemTemplateFeatures` (
  `gfeID` int(10) UNSIGNED NOT NULL,
  `gatID` int(10) UNSIGNED DEFAULT NULL,
  `feID` int(10) UNSIGNED DEFAULT NULL
) ENGINE=InnoDB DEFAULT CHARSET=utf8 COLLATE=utf8_unicode_ci;

--
-- Gegevens worden geëxporteerd voor tabel `GatheringItemTemplateFeatures`
--

INSERT INTO `GatheringItemTemplateFeatures` (`gfeID`, `gatID`, `feID`) VALUES
(4, 1, 1),
(10, 2, 1),
(13, 3, 1),
(16, 4, 1),
(19, 5, 1),
(23, 7, 1),
(29, 11, 1),
(33, 12, 1),
(37, 13, 1),
(42, 14, 1),
(47, 15, 1),
(53, 17, 1),
(56, 18, 1),
(63, 21, 1),
(64, 22, 1),
(3, 1, 2),
(9, 2, 2),
(12, 3, 2),
(15, 4, 2),
(18, 5, 2),
(21, 6, 2),
(25, 8, 2),
(27, 9, 2),
(41, 13, 3),
(46, 14, 3),
(51, 16, 3),
(55, 17, 3),
(62, 20, 3),
(66, 22, 3),
(2, 1, 4),
(8, 2, 4),
(14, 4, 4),
(17, 5, 4),
(31, 11, 4),
(35, 12, 4),
(39, 13, 4),
(44, 14, 4),
(61, 20, 4),
(5, 1, 5),
(22, 6, 5),
(24, 8, 5),
(26, 9, 5),
(28, 10, 5),
(32, 11, 5),
(36, 12, 5),
(40, 13, 5),
(45, 14, 5),
(49, 15, 5),
(50, 16, 5),
(59, 19, 5),
(65, 22, 5),
(20, 5, 6),
(1, 1, 7),
(7, 2, 7),
(11, 3, 7),
(30, 11, 7),
(34, 12, 7),
(38, 13, 7),
(43, 14, 7),
(48, 15, 7),
(52, 16, 7),
(54, 17, 7),
(57, 18, 7),
(58, 19, 7),
(60, 20, 7),
(6, 1, 8);

-- --------------------------------------------------------

--
-- Tabelstructuur voor tabel `GatheringItemTemplates`
--

CREATE TABLE `GatheringItemTemplates` (
  `gatID` int(10) UNSIGNED NOT NULL,
  `gatHandle` varchar(255) COLLATE utf8_unicode_ci NOT NULL,
  `gatName` text COLLATE utf8_unicode_ci,
  `gatHasCustomClass` tinyint(1) NOT NULL DEFAULT '0',
  `gatFixedSlotWidth` int(10) UNSIGNED DEFAULT '0',
  `gatFixedSlotHeight` int(10) UNSIGNED DEFAULT '0',
  `gatForceDefault` int(10) UNSIGNED DEFAULT '0',
  `pkgID` int(10) UNSIGNED DEFAULT NULL,
  `gatTypeID` int(10) UNSIGNED DEFAULT '0'
) ENGINE=InnoDB DEFAULT CHARSET=utf8 COLLATE=utf8_unicode_ci;

--
-- Gegevens worden geëxporteerd voor tabel `GatheringItemTemplates`
--

INSERT INTO `GatheringItemTemplates` (`gatID`, `gatHandle`, `gatName`, `gatHasCustomClass`, `gatFixedSlotWidth`, `gatFixedSlotHeight`, `gatForceDefault`, `pkgID`, `gatTypeID`) VALUES
(1, 'featured', 'Featured Item', 0, 6, 2, 1, 0, 1),
(2, 'title_date_description', 'Title Date & Description', 0, 0, 0, 0, 0, 1),
(3, 'title_description', 'Title & Description', 0, 0, 0, 0, 0, 1),
(4, 'title_date', 'Title & Date', 0, 0, 0, 0, 0, 1),
(5, 'title_date_comments', 'Title, Date & Comments', 1, 0, 0, 0, 0, 1),
(6, 'thumbnail', 'Thumbnail', 0, 0, 0, 0, 0, 1),
(7, 'basic', 'Basic', 0, 0, 0, 0, 0, 2),
(8, 'image_sharing_link', 'Image Sharing Link', 0, 0, 0, 0, 0, 2),
(9, 'image_conversation', 'Image Conversation', 0, 0, 0, 0, 0, 2),
(10, 'image', 'Large Image', 0, 0, 0, 0, 0, 2),
(11, 'masthead_image_left', 'Masthead Image Left', 0, 0, 0, 0, 0, 1),
(12, 'masthead_image_right', 'Masthead Image Right', 0, 0, 0, 0, 0, 1),
(13, 'masthead_image_byline_right', 'Masthead Image Byline Right', 0, 0, 0, 0, 0, 1),
(14, 'masthead_image_byline_left', 'Masthead Image Byline Left', 0, 0, 0, 0, 0, 1),
(15, 'image_masthead_description_center', 'Image Masthead Description Center', 0, 0, 0, 0, 0, 1),
(16, 'image_byline_description_center', 'Image Byline Description Center', 0, 0, 0, 0, 0, 1),
(17, 'masthead_byline_description', 'Masthead Byline Description', 0, 0, 0, 0, 0, 1),
(18, 'masthead_description', 'Masthead Description', 0, 0, 0, 0, 0, 1),
(19, 'thumbnail_description_center', 'Thumbnail & Description Center', 0, 0, 0, 0, 0, 1),
(20, 'tweet', 'Tweet', 0, 0, 0, 0, 0, 1),
(21, 'vimeo', 'Vimeo', 0, 0, 0, 0, 0, 1),
(22, 'image_overlay_headline', 'Image Overlay Headline', 0, 0, 0, 0, 0, 1);

-- --------------------------------------------------------

--
-- Tabelstructuur voor tabel `GatheringItemTemplateTypes`
--

CREATE TABLE `GatheringItemTemplateTypes` (
  `gatTypeID` int(10) UNSIGNED NOT NULL,
  `gatTypeHandle` varchar(64) COLLATE utf8_unicode_ci NOT NULL,
  `pkgID` int(10) UNSIGNED NOT NULL DEFAULT '0'
) ENGINE=InnoDB DEFAULT CHARSET=utf8 COLLATE=utf8_unicode_ci;

--
-- Gegevens worden geëxporteerd voor tabel `GatheringItemTemplateTypes`
--

INSERT INTO `GatheringItemTemplateTypes` (`gatTypeID`, `gatTypeHandle`, `pkgID`) VALUES
(1, 'tile', 0),
(2, 'detail', 0);

-- --------------------------------------------------------

--
-- Tabelstructuur voor tabel `GatheringPermissionAssignments`
--

CREATE TABLE `GatheringPermissionAssignments` (
  `gaID` int(10) UNSIGNED NOT NULL DEFAULT '0',
  `pkID` int(10) UNSIGNED NOT NULL DEFAULT '0',
  `paID` int(10) UNSIGNED NOT NULL DEFAULT '0'
) ENGINE=InnoDB DEFAULT CHARSET=utf8 COLLATE=utf8_unicode_ci;

-- --------------------------------------------------------

--
-- Tabelstructuur voor tabel `Gatherings`
--

CREATE TABLE `Gatherings` (
  `gaID` int(10) UNSIGNED NOT NULL,
  `gaDateCreated` datetime NOT NULL,
  `gaDateLastUpdated` datetime NOT NULL
) ENGINE=InnoDB DEFAULT CHARSET=utf8 COLLATE=utf8_unicode_ci;

-- --------------------------------------------------------

--
-- Tabelstructuur voor tabel `Groups`
--

CREATE TABLE `Groups` (
  `gID` int(10) UNSIGNED NOT NULL,
  `gName` varchar(128) COLLATE utf8_unicode_ci NOT NULL,
  `gDescription` varchar(255) COLLATE utf8_unicode_ci NOT NULL,
  `gUserExpirationIsEnabled` tinyint(1) NOT NULL DEFAULT '0',
  `gUserExpirationMethod` varchar(12) COLLATE utf8_unicode_ci DEFAULT NULL,
  `gUserExpirationSetDateTime` datetime DEFAULT NULL,
  `gUserExpirationInterval` int(10) UNSIGNED NOT NULL DEFAULT '0',
  `gUserExpirationAction` varchar(20) COLLATE utf8_unicode_ci DEFAULT NULL,
  `gIsBadge` tinyint(1) NOT NULL DEFAULT '0',
  `gBadgeFID` int(10) UNSIGNED NOT NULL DEFAULT '0',
  `gBadgeDescription` varchar(255) COLLATE utf8_unicode_ci DEFAULT NULL,
  `gBadgeCommunityPointValue` int(11) NOT NULL DEFAULT '0',
  `gIsAutomated` tinyint(1) NOT NULL DEFAULT '0',
  `gCheckAutomationOnRegister` tinyint(1) NOT NULL DEFAULT '0',
  `gCheckAutomationOnLogin` tinyint(1) NOT NULL DEFAULT '0',
  `gCheckAutomationOnJobRun` tinyint(1) NOT NULL DEFAULT '0',
  `gPath` text COLLATE utf8_unicode_ci,
  `pkgID` int(10) UNSIGNED NOT NULL DEFAULT '0'
) ENGINE=InnoDB DEFAULT CHARSET=utf8 COLLATE=utf8_unicode_ci;

--
-- Gegevens worden geëxporteerd voor tabel `Groups`
--

INSERT INTO `Groups` (`gID`, `gName`, `gDescription`, `gUserExpirationIsEnabled`, `gUserExpirationMethod`, `gUserExpirationSetDateTime`, `gUserExpirationInterval`, `gUserExpirationAction`, `gIsBadge`, `gBadgeFID`, `gBadgeDescription`, `gBadgeCommunityPointValue`, `gIsAutomated`, `gCheckAutomationOnRegister`, `gCheckAutomationOnLogin`, `gCheckAutomationOnJobRun`, `gPath`, `pkgID`) VALUES
(1, 'Guest', 'The guest group represents unregistered visitors to your site.', 0, NULL, NULL, 0, NULL, 0, 0, NULL, 0, 0, 0, 0, 0, '/Guest', 0),
(2, 'Registered Users', 'The registered users group represents all user accounts.', 0, NULL, NULL, 0, NULL, 0, 0, NULL, 0, 0, 0, 0, 0, '/Registered Users', 0),
(3, 'Administrators', '', 0, NULL, NULL, 0, NULL, 0, 0, NULL, 0, 0, 0, 0, 0, '/Administrators', 0);

-- --------------------------------------------------------

--
-- Tabelstructuur voor tabel `GroupSetGroups`
--

CREATE TABLE `GroupSetGroups` (
  `gID` int(10) UNSIGNED NOT NULL DEFAULT '0',
  `gsID` int(10) UNSIGNED NOT NULL DEFAULT '0'
) ENGINE=InnoDB DEFAULT CHARSET=utf8 COLLATE=utf8_unicode_ci;

-- --------------------------------------------------------

--
-- Tabelstructuur voor tabel `GroupSets`
--

CREATE TABLE `GroupSets` (
  `gsID` int(10) UNSIGNED NOT NULL,
  `gsName` varchar(255) COLLATE utf8_unicode_ci DEFAULT NULL,
  `pkgID` int(10) UNSIGNED NOT NULL DEFAULT '0'
) ENGINE=InnoDB DEFAULT CHARSET=utf8 COLLATE=utf8_unicode_ci;

-- --------------------------------------------------------

--
-- Tabelstructuur voor tabel `Jobs`
--

CREATE TABLE `Jobs` (
  `jID` int(10) UNSIGNED NOT NULL,
  `jName` varchar(100) COLLATE utf8_unicode_ci NOT NULL,
  `jDescription` varchar(255) COLLATE utf8_unicode_ci NOT NULL,
  `jDateInstalled` datetime DEFAULT NULL,
  `jDateLastRun` datetime DEFAULT NULL,
  `pkgID` int(10) UNSIGNED NOT NULL DEFAULT '0',
  `jLastStatusText` longtext COLLATE utf8_unicode_ci,
  `jLastStatusCode` smallint(6) NOT NULL DEFAULT '0',
  `jStatus` varchar(14) COLLATE utf8_unicode_ci NOT NULL DEFAULT 'ENABLED',
  `jHandle` varchar(255) COLLATE utf8_unicode_ci NOT NULL,
  `jNotUninstallable` smallint(6) NOT NULL DEFAULT '0',
  `isScheduled` smallint(6) NOT NULL DEFAULT '0',
  `scheduledInterval` varchar(255) COLLATE utf8_unicode_ci NOT NULL DEFAULT 'days',
  `scheduledValue` int(11) NOT NULL DEFAULT '0'
) ENGINE=InnoDB DEFAULT CHARSET=utf8 COLLATE=utf8_unicode_ci;

--
-- Gegevens worden geëxporteerd voor tabel `Jobs`
--

INSERT INTO `Jobs` (`jID`, `jName`, `jDescription`, `jDateInstalled`, `jDateLastRun`, `pkgID`, `jLastStatusText`, `jLastStatusCode`, `jStatus`, `jHandle`, `jNotUninstallable`, `isScheduled`, `scheduledInterval`, `scheduledValue`) VALUES
(1, 'Index Search Engine - Updates', 'Index the site to allow searching to work quickly and accurately. Only reindexes pages that have changed since last indexing.', '2017-02-22 09:43:47', NULL, 0, NULL, 0, 'ENABLED', 'index_search', 1, 0, 'days', 0),
(2, 'Index Search Engine - All', 'Empties the page search index and reindexes all pages.', '2017-02-22 09:43:47', NULL, 0, NULL, 0, 'ENABLED', 'index_search_all', 1, 0, 'days', 0),
(3, 'Check Automated Groups', 'Automatically add users to groups and assign badges.', '2017-02-22 09:43:47', NULL, 0, NULL, 0, 'ENABLED', 'check_automated_groups', 0, 0, 'days', 0),
(4, 'Generate the sitemap.xml file', 'Generate the sitemap.xml file that search engines use to crawl your site.', '2017-02-22 09:43:47', NULL, 0, NULL, 0, 'ENABLED', 'generate_sitemap', 0, 0, 'days', 0),
(5, 'Process Email Posts', 'Polls an email account and grabs private messages/postings that are sent there..', '2017-02-22 09:43:47', NULL, 0, NULL, 0, 'ENABLED', 'process_email', 0, 0, 'days', 0),
(6, 'Remove Old Page Versions', 'Removes all except the 10 most recent page versions for each page.', '2017-02-22 09:43:47', NULL, 0, NULL, 0, 'ENABLED', 'remove_old_page_versions', 0, 0, 'days', 0),
(7, 'Update Gatherings', 'Loads new items into gatherings.', '2017-02-22 09:43:47', NULL, 0, NULL, 0, 'ENABLED', 'update_gatherings', 0, 0, 'days', 0);

-- --------------------------------------------------------

--
-- Tabelstructuur voor tabel `JobSetJobs`
--

CREATE TABLE `JobSetJobs` (
  `jsID` int(10) UNSIGNED NOT NULL DEFAULT '0',
  `jID` int(10) UNSIGNED NOT NULL DEFAULT '0',
  `jRunOrder` int(10) UNSIGNED NOT NULL DEFAULT '0'
) ENGINE=InnoDB DEFAULT CHARSET=utf8 COLLATE=utf8_unicode_ci;

--
-- Gegevens worden geëxporteerd voor tabel `JobSetJobs`
--

INSERT INTO `JobSetJobs` (`jsID`, `jID`, `jRunOrder`) VALUES
(1, 1, 0),
(1, 4, 0),
(1, 5, 0),
(1, 6, 0),
(1, 7, 0);

-- --------------------------------------------------------

--
-- Tabelstructuur voor tabel `JobSets`
--

CREATE TABLE `JobSets` (
  `jsID` int(10) UNSIGNED NOT NULL,
  `jsName` varchar(128) COLLATE utf8_unicode_ci NOT NULL,
  `pkgID` int(10) UNSIGNED NOT NULL DEFAULT '0',
  `jDateLastRun` datetime DEFAULT NULL,
  `isScheduled` smallint(6) NOT NULL DEFAULT '0',
  `scheduledInterval` varchar(255) COLLATE utf8_unicode_ci NOT NULL DEFAULT 'days',
  `scheduledValue` int(11) NOT NULL DEFAULT '0'
) ENGINE=InnoDB DEFAULT CHARSET=utf8 COLLATE=utf8_unicode_ci;

--
-- Gegevens worden geëxporteerd voor tabel `JobSets`
--

INSERT INTO `JobSets` (`jsID`, `jsName`, `pkgID`, `jDateLastRun`, `isScheduled`, `scheduledInterval`, `scheduledValue`) VALUES
(1, 'Default', 0, NULL, 0, 'days', 0);

-- --------------------------------------------------------

--
-- Tabelstructuur voor tabel `JobsLog`
--

CREATE TABLE `JobsLog` (
  `jlID` int(10) UNSIGNED NOT NULL,
  `jID` int(10) UNSIGNED NOT NULL,
  `jlMessage` longtext COLLATE utf8_unicode_ci NOT NULL,
  `jlTimestamp` timestamp NOT NULL DEFAULT CURRENT_TIMESTAMP,
  `jlError` int(11) NOT NULL DEFAULT '0'
) ENGINE=InnoDB DEFAULT CHARSET=utf8 COLLATE=utf8_unicode_ci;

-- --------------------------------------------------------

--
-- Tabelstructuur voor tabel `Logs`
--

CREATE TABLE `Logs` (
  `logID` int(10) UNSIGNED NOT NULL,
  `channel` varchar(255) COLLATE utf8_unicode_ci DEFAULT NULL,
  `time` int(10) UNSIGNED NOT NULL,
  `message` longtext COLLATE utf8_unicode_ci,
  `uID` int(10) UNSIGNED DEFAULT NULL,
  `level` int(11) NOT NULL
) ENGINE=InnoDB DEFAULT CHARSET=utf8 COLLATE=utf8_unicode_ci;

--
-- Gegevens worden geëxporteerd voor tabel `Logs`
--

INSERT INTO `Logs` (`logID`, `channel`, `time`, `message`, `uID`, `level`) VALUES
(1, 'application', 1487757563, 'Page "Services" at path "/services" Moved to trash', 1, 100),
(2, 'application', 1487757568, 'Page "Portfolio" at path "/portfolio" Moved to trash', 1, 100),
(3, 'application', 1487757573, 'Page "Team" at path "/team" Moved to trash', 1, 100),
(4, 'application', 1487757577, 'Page "Blog" at path "/blog" Moved to trash', 1, 100),
(5, 'application', 1487757584, 'Page "Search" at path "/search" Moved to trash', 1, 100),
(6, 'application', 1487757587, 'Page "Contact" at path "/contact" Moved to trash', 1, 100),
(7, 'application', 1487757590, 'Page "Blank Page" at path "/blank-page" Moved to trash', 1, 100),
(8, 'application', 1487757670, 'Page "" at path "" deleted', 1, 100),
(9, 'application', 1487757673, 'Page "" at path "" deleted', 1, 100),
(10, 'application', 1487757676, 'Page "" at path "" deleted', 1, 100),
(11, 'application', 1487757678, 'Page "" at path "" deleted', 1, 100),
(12, 'application', 1487757680, 'Page "" at path "" deleted', 1, 100),
(13, 'application', 1487757990, 'Page "" at path "" deleted', 1, 100),
(14, 'application', 1487757990, 'Page "" at path "" deleted', 1, 100),
(15, 'application', 1487757990, 'Page "" at path "" deleted', 1, 100),
(16, 'application', 1487757990, 'Page "" at path "" deleted', 1, 100),
(17, 'application', 1487757990, 'Page "" at path "" deleted', 1, 100),
(18, 'application', 1487757990, 'Page "" at path "" deleted', 1, 100),
(19, 'application', 1487757994, 'Page "" at path "" deleted', 1, 100),
(20, 'application', 1487757994, 'Page "" at path "" deleted', 1, 100),
(21, 'application', 1487757994, 'Page "" at path "" deleted', 1, 100),
(22, 'application', 1487757994, 'Page "" at path "" deleted', 1, 100),
(23, 'application', 1487757994, 'Page "" at path "" deleted', 1, 100),
(24, 'application', 1487757994, 'Page "" at path "" deleted', 1, 100),
(25, 'application', 1487767385, 'Page "test" at path "/test" Moved to trash', 1, 100),
(26, 'application', 1487767389, 'Page "test" at path "/test-1" Moved to trash', 1, 100),
(27, 'application', 1487770101, 'Page "Initiatieven" at path "/initiatieven" Moved to trash', 1, 100),
(28, 'application', 1487770452, 'Page "Stoere traktaties" at path "/stoere-traktaties" Moved to trash', 1, 100),
(29, 'application', 1487770456, 'Page "Contact" at path "/contact" Moved to trash', 1, 100),
(30, 'application', 1487838986, 'Page "Test" at path "/initiatieven/test" Moved to trash', 1, 100),
(31, 'exceptions', 1487841276, 'Exception Occurred: C:\\xampp\\htdocs\\aartsenfruit-kids-foundation\\packages\\akf\\elements\\header.php:20 Call to a member function getVersion() on boolean (1)\n', 1, 600),
(32, 'exceptions', 1487841297, 'Exception Occurred: C:\\xampp\\htdocs\\aartsenfruit-kids-foundation\\packages\\akf\\elements\\header.php:20 Call to a member function getVersion() on boolean (1)\n', 1, 600),
(33, 'exceptions', 1487841798, 'Exception Occurred: C:\\xampp\\htdocs\\aartsenfruit-kids-foundation\\packages\\akf\\elements\\header.php:20 Call to a member function getVersion() on boolean (1)\n', 1, 600),
(34, 'application', 1487842084, 'Page "sdasd" at path "/sdasd" Moved to trash', 1, 100),
(35, 'exceptions', 1487846806, 'Exception Occurred: C:\\xampp\\htdocs\\aartsenfruit-kids-foundation\\packages\\akf\\themes\\akf\\default.php:37 syntax error, unexpected ''?'' (4)\n', 1, 600),
(36, 'exceptions', 1487846815, 'Exception Occurred: C:\\xampp\\htdocs\\aartsenfruit-kids-foundation\\packages\\akf\\themes\\akf\\default.php:37 syntax error, unexpected ''echo'' (T_ECHO) (4)\n', 1, 600),
(37, 'exceptions', 1487846910, 'Exception Occurred: C:\\xampp\\htdocs\\aartsenfruit-kids-foundation\\packages\\akf\\themes\\akf\\default.php:37 syntax error, unexpected ''echo'' (T_ECHO) (4)\n', 1, 600),
(38, 'exceptions', 1487846918, 'Exception Occurred: C:\\xampp\\htdocs\\aartsenfruit-kids-foundation\\packages\\akf\\themes\\akf\\default.php:37 syntax error, unexpected ''$c'' (T_VARIABLE) (4)\n', 1, 600),
(39, 'exceptions', 1487846927, 'Exception Occurred: C:\\xampp\\htdocs\\aartsenfruit-kids-foundation\\packages\\akf\\themes\\akf\\default.php:37 syntax error, unexpected ''$a'' (T_VARIABLE) (4)\n', 1, 600),
(40, 'exceptions', 1487846955, 'Exception Occurred: C:\\xampp\\htdocs\\aartsenfruit-kids-foundation\\concrete\\src\\Page\\Collection\\Collection.php:344 Missing argument 1 for Concrete\\Core\\Page\\Collection\\Collection::getCollectionAttributeValue(), called in C:\\xampp\\htdocs\\aartsenfruit-kids-foundation\\packages\\akf\\themes\\akf\\default.php on line 36 and defined (2)\n', 1, 600),
(41, 'exceptions', 1487846969, 'Exception Occurred: C:\\xampp\\htdocs\\aartsenfruit-kids-foundation\\packages\\akf\\themes\\akf\\default.php:38 syntax error, unexpected ''echo'' (T_ECHO) (4)\n', 1, 600),
(42, 'exceptions', 1487847006, 'Exception Occurred: C:\\xampp\\htdocs\\aartsenfruit-kids-foundation\\packages\\akf\\themes\\akf\\default.php:39 syntax error, unexpected ''?>'' (4)\n', 1, 600),
(43, 'exceptions', 1487847014, 'Exception Occurred: C:\\xampp\\htdocs\\aartsenfruit-kids-foundation\\packages\\akf\\themes\\akf\\default.php:38 syntax error, unexpected '';'' (4)\n', 1, 600),
(44, 'exceptions', 1487847021, 'Exception Occurred: C:\\xampp\\htdocs\\aartsenfruit-kids-foundation\\packages\\akf\\themes\\akf\\default.php:37 syntax error, unexpected ''echo'' (T_ECHO) (4)\n', 1, 600),
(45, 'exceptions', 1487847090, 'Exception Occurred: C:\\xampp\\htdocs\\aartsenfruit-kids-foundation\\packages\\akf\\themes\\akf\\default.php:36 Call to a member function getAttribute() on null (1)\n', 1, 600),
(46, 'exceptions', 1487847118, 'Exception Occurred: C:\\xampp\\htdocs\\aartsenfruit-kids-foundation\\packages\\akf\\themes\\akf\\default.php:36 Call to a member function getAttribute() on null (1)\n', 1, 600),
(47, 'exceptions', 1487847165, 'Exception Occurred: C:\\xampp\\htdocs\\aartsenfruit-kids-foundation\\packages\\akf\\themes\\akf\\default.php:36 Call to a member function getAttribute() on null (1)\n', 1, 600),
(48, 'exceptions', 1487847216, 'Exception Occurred: C:\\xampp\\htdocs\\aartsenfruit-kids-foundation\\packages\\akf\\themes\\akf\\default.php:36 Call to a member function getCollectionAttributeValue() on null (1)\n', 1, 600),
(49, 'exceptions', 1487847226, 'Exception Occurred: C:\\xampp\\htdocs\\aartsenfruit-kids-foundation\\packages\\akf\\themes\\akf\\default.php:37 syntax error, unexpected ''echo'' (T_ECHO) (4)\n', 1, 600),
(50, 'exceptions', 1487848435, 'Exception Occurred: C:\\xampp\\htdocs\\aartsenfruit-kids-foundation\\packages\\akf\\themes\\akf\\default.php:36 Call to a member function getCollectionDescription() on null (1)\n', 1, 600),
(51, 'exceptions', 1487850140, 'Exception Occurred: C:\\xampp\\htdocs\\aartsenfruit-kids-foundation\\packages\\akf\\elements\\header.php:20 Call to a member function getVersion() on boolean (1)\n', 1, 600),
(52, 'exceptions', 1487850175, 'Exception Occurred: C:\\xampp\\htdocs\\aartsenfruit-kids-foundation\\packages\\akf\\elements\\header.php:20 Call to a member function getVersion() on boolean (1)\n', 1, 600),
(53, 'exceptions', 1487850267, 'Exception Occurred: C:\\xampp\\htdocs\\aartsenfruit-kids-foundation\\packages\\akf\\elements\\header.php:20 Call to a member function getVersion() on boolean (1)\n', 1, 600),
(54, 'exceptions', 1487850302, 'Exception Occurred: C:\\xampp\\htdocs\\aartsenfruit-kids-foundation\\packages\\akf\\elements\\header.php:20 Call to a member function getVersion() on boolean (1)\n', 1, 600),
(55, 'exceptions', 1487850373, 'Exception Occurred: C:\\xampp\\htdocs\\aartsenfruit-kids-foundation\\packages\\akf\\elements\\header.php:20 Call to a member function getVersion() on boolean (1)\n', 1, 600),
(56, 'exceptions', 1487850941, 'Exception Occurred: C:\\xampp\\htdocs\\aartsenfruit-kids-foundation\\packages\\akf\\elements\\header.php:20 Call to a member function getVersion() on boolean (1)\n', 1, 600),
(57, 'exceptions', 1487850985, 'Exception Occurred: C:\\xampp\\htdocs\\aartsenfruit-kids-foundation\\packages\\akf\\elements\\header.php:20 Call to a member function getRelativePath() on boolean (1)\n', 1, 600),
(58, 'exceptions', 1487854693, 'Exception Occurred: C:\\xampp\\htdocs\\aartsenfruit-kids-foundation\\packages\\akf\\themes\\akf\\default.php:34 Call to a member function getVersion() on boolean (1)\n', 1, 600),
(59, 'exceptions', 1487854876, 'Exception Occurred: C:\\xampp\\htdocs\\aartsenfruit-kids-foundation\\packages\\akf\\themes\\akf\\default.php:34 Call to a member function getVersion() on boolean (1)\n', 1, 600),
(60, 'exceptions', 1487854878, 'Exception Occurred: C:\\xampp\\htdocs\\aartsenfruit-kids-foundation\\packages\\akf\\themes\\akf\\default.php:34 Call to a member function getVersion() on boolean (1)\n', 1, 600),
(61, 'exceptions', 1487854882, 'Exception Occurred: C:\\xampp\\htdocs\\aartsenfruit-kids-foundation\\packages\\akf\\themes\\akf\\default.php:34 Call to a member function getVersion() on boolean (1)\n', 1, 600),
(62, 'application', 1487854976, 'Page "Test 1 kolom" at path "/test-1-kolom" Moved to trash', 1, 100),
(63, 'application', 1487855000, 'Page "Stoere traktaties" at path "/stoere-traktaties" Moved to trash', 1, 100),
(64, 'application', 1487855003, 'Page "Contact" at path "/contact" Moved to trash', 1, 100),
(65, 'application', 1487855187, 'Page "Stoere traktaties" at path "/stoere-traktaties" Moved to trash', 1, 100),
(66, 'application', 1487856239, 'Page "Initiatieven" at path "/initiatieven-1" Moved to trash', 1, 100),
(67, 'application', 1487864338, 'Page "Stoere traktaties" at path "/stoere-traktaties" Moved to trash', 1, 100),
(68, 'exceptions', 1487941890, 'Exception Occurred: C:\\xampp\\htdocs\\aartsenfruit-kids-foundation\\packages\\akf\\blocks\\image\\templates\\blokken.php:39 syntax error, unexpected ''$title'' (T_VARIABLE) (4)\n', 1, 600),
(69, 'exceptions', 1487941955, 'Exception Occurred: C:\\xampp\\htdocs\\aartsenfruit-kids-foundation\\packages\\akf\\blocks\\image\\templates\\blokken.php:39 syntax error, unexpected ''$title'' (T_VARIABLE) (4)\n', 1, 600),
(70, 'exceptions', 1487941967, 'Exception Occurred: C:\\xampp\\htdocs\\aartsenfruit-kids-foundation\\packages\\akf\\blocks\\image\\templates\\blokken.php:39 syntax error, unexpected ''$attributes'' (T_VARIABLE) (4)\n', 1, 600),
(71, 'exceptions', 1487941975, 'Exception Occurred: C:\\xampp\\htdocs\\aartsenfruit-kids-foundation\\packages\\akf\\blocks\\image\\templates\\blokken.php:39 syntax error, unexpected ''$title'' (T_VARIABLE) (4)\n', 1, 600),
(72, 'exceptions', 1487942002, 'Exception Occurred: C:\\xampp\\htdocs\\aartsenfruit-kids-foundation\\packages\\akf\\blocks\\image\\templates\\blokken.php:39 syntax error, unexpected ''$attributes'' (T_VARIABLE) (4)\n', 1, 600),
(73, 'exceptions', 1487942082, 'Exception Occurred: C:\\xampp\\htdocs\\aartsenfruit-kids-foundation\\packages\\akf\\blocks\\image\\templates\\blokken.php:39 syntax error, unexpected ''print'' (T_PRINT) (4)\n', 1, 600),
(74, 'exceptions', 1487942083, 'Exception Occurred: C:\\xampp\\htdocs\\aartsenfruit-kids-foundation\\packages\\akf\\blocks\\image\\templates\\blokken.php:39 syntax error, unexpected ''print'' (T_PRINT) (4)\n', 1, 600),
(75, 'exceptions', 1487942089, 'Exception Occurred: C:\\xampp\\htdocs\\aartsenfruit-kids-foundation\\packages\\akf\\blocks\\image\\templates\\blokken.php:39 syntax error, unexpected ''$c'' (T_VARIABLE) (4)\n', 1, 600),
(76, 'exceptions', 1487942090, 'Exception Occurred: C:\\xampp\\htdocs\\aartsenfruit-kids-foundation\\packages\\akf\\blocks\\image\\templates\\blokken.php:39 syntax error, unexpected ''$c'' (T_VARIABLE) (4)\n', 1, 600),
(77, 'exceptions', 1487942119, 'Exception Occurred: C:\\xampp\\htdocs\\aartsenfruit-kids-foundation\\packages\\akf\\blocks\\image\\templates\\blokken.php:41 Call to a member function getFileName() on boolean (1)\n', 1, 600),
(78, 'exceptions', 1487942120, 'Exception Occurred: C:\\xampp\\htdocs\\aartsenfruit-kids-foundation\\packages\\akf\\blocks\\image\\templates\\blokken.php:41 Call to a member function getFileName() on boolean (1)\n', 1, 600),
(79, 'exceptions', 1487942171, 'Exception Occurred: C:\\xampp\\htdocs\\aartsenfruit-kids-foundation\\packages\\akf\\blocks\\image\\templates\\blokken.php:41 Call to a member function getFileName() on boolean (1)\n', 0, 600),
(80, 'exceptions', 1487942191, 'Exception Occurred: C:\\xampp\\htdocs\\aartsenfruit-kids-foundation\\packages\\akf\\blocks\\image\\templates\\blokken.php:41 Call to a member function getFileName() on boolean (1)\n', 1, 600),
(81, 'exceptions', 1487942216, 'Exception Occurred: C:\\xampp\\htdocs\\aartsenfruit-kids-foundation\\packages\\akf\\blocks\\image\\templates\\blokken.php:41 Call to a member function getFileName() on boolean (1)\n', 1, 600),
(82, 'exceptions', 1487942217, 'Exception Occurred: C:\\xampp\\htdocs\\aartsenfruit-kids-foundation\\packages\\akf\\blocks\\image\\templates\\blokken.php:41 Call to a member function getFileName() on boolean (1)\n', 1, 600),
(83, 'exceptions', 1487942340, 'Exception Occurred: C:\\xampp\\htdocs\\aartsenfruit-kids-foundation\\packages\\akf\\blocks\\image\\templates\\blokken.php:42 syntax error, unexpected ''echo'' (T_ECHO) (4)\n', 1, 600),
(84, 'exceptions', 1487942355, 'Exception Occurred: C:\\xampp\\htdocs\\aartsenfruit-kids-foundation\\packages\\akf\\blocks\\image\\templates\\blokken.php:42 syntax error, unexpected ''print'' (T_PRINT) (4)\n', 1, 600),
(85, 'exceptions', 1487942424, 'Exception Occurred: C:\\xampp\\htdocs\\aartsenfruit-kids-foundation\\packages\\akf\\blocks\\image\\templates\\blokken.php:44 syntax error, unexpected ''->'' (T_OBJECT_OPERATOR) (4)\n', 1, 600),
(86, 'exceptions', 1487942435, 'Exception Occurred: C:\\xampp\\htdocs\\aartsenfruit-kids-foundation\\concrete\\src\\File\\File.php:101 call_user_func_array() expects parameter 1 to be a valid callback, class ''Concrete\\Core\\File\\Version'' does not have a method ''getCollectionAttributeValue'' (2)\n', 1, 600),
(87, 'exceptions', 1487942479, 'Exception Occurred: C:\\xampp\\htdocs\\aartsenfruit-kids-foundation\\packages\\akf\\blocks\\image\\templates\\blokken.php:44 Call to a member function getFileName() on boolean (1)\n', 1, 600),
(88, 'application', 1487945900, 'Page "Financieel overzicht" at path "/afk/financieel-overzicht" Moved to trash', 1, 100),
(89, 'application', 1487945905, 'Page "Beleidsplan" at path "/afk/beleidsplan" Moved to trash', 1, 100),
(90, 'exceptions', 1488192004, 'Exception Occurred: C:\\xampp\\htdocs\\aartsenfruit-kids-foundation\\packages\\akf\\blocks\\page_list\\templates\\initiatieven.php:102 Call to a member function getAttributes() on null (1)\n', 1, 600),
(91, 'exceptions', 1488192030, 'Exception Occurred: C:\\xampp\\htdocs\\aartsenfruit-kids-foundation\\packages\\akf\\blocks\\page_list\\templates\\initiatieven.php:108 Cannot use object of type HtmlObject\\Image as array (1)\n', 1, 600),
(92, 'exceptions', 1488192038, 'Exception Occurred: C:\\xampp\\htdocs\\aartsenfruit-kids-foundation\\packages\\akf\\blocks\\page_list\\templates\\initiatieven.php:103 Call to a member function getTag() on null (1)\n', 1, 600),
(93, 'exceptions', 1488192048, 'Exception Occurred: C:\\xampp\\htdocs\\aartsenfruit-kids-foundation\\packages\\akf\\blocks\\page_list\\templates\\initiatieven.php:102 Call to a member function getAttributes() on null (1)\n', 1, 600);

-- --------------------------------------------------------

--
-- Tabelstructuur voor tabel `MailImporters`
--

CREATE TABLE `MailImporters` (
  `miID` int(10) UNSIGNED NOT NULL,
  `miHandle` varchar(64) COLLATE utf8_unicode_ci NOT NULL,
  `miServer` varchar(255) COLLATE utf8_unicode_ci DEFAULT NULL,
  `miUsername` varchar(255) COLLATE utf8_unicode_ci DEFAULT NULL,
  `miPassword` varchar(255) COLLATE utf8_unicode_ci DEFAULT NULL,
  `miEncryption` varchar(32) COLLATE utf8_unicode_ci DEFAULT NULL,
  `miIsEnabled` tinyint(1) NOT NULL DEFAULT '0',
  `miEmail` varchar(255) COLLATE utf8_unicode_ci DEFAULT NULL,
  `miPort` int(10) UNSIGNED NOT NULL DEFAULT '0',
  `pkgID` int(10) UNSIGNED DEFAULT NULL,
  `miConnectionMethod` varchar(8) COLLATE utf8_unicode_ci DEFAULT 'POP'
) ENGINE=InnoDB DEFAULT CHARSET=utf8 COLLATE=utf8_unicode_ci;

--
-- Gegevens worden geëxporteerd voor tabel `MailImporters`
--

INSERT INTO `MailImporters` (`miID`, `miHandle`, `miServer`, `miUsername`, `miPassword`, `miEncryption`, `miIsEnabled`, `miEmail`, `miPort`, `pkgID`, `miConnectionMethod`) VALUES
(1, 'private_message', '', NULL, NULL, NULL, 0, '', 0, 0, 'POP');

-- --------------------------------------------------------

--
-- Tabelstructuur voor tabel `MailValidationHashes`
--

CREATE TABLE `MailValidationHashes` (
  `mvhID` int(10) UNSIGNED NOT NULL,
  `miID` int(10) UNSIGNED NOT NULL DEFAULT '0',
  `email` varchar(254) COLLATE utf8_unicode_ci NOT NULL,
  `mHash` varchar(128) COLLATE utf8_unicode_ci NOT NULL,
  `mDateGenerated` int(10) UNSIGNED NOT NULL DEFAULT '0',
  `mDateRedeemed` int(10) UNSIGNED NOT NULL DEFAULT '0',
  `data` text COLLATE utf8_unicode_ci
) ENGINE=InnoDB DEFAULT CHARSET=utf8 COLLATE=utf8_unicode_ci;

-- --------------------------------------------------------

--
-- Tabelstructuur voor tabel `MultilingualPageRelations`
--

CREATE TABLE `MultilingualPageRelations` (
  `mpRelationID` int(10) UNSIGNED NOT NULL DEFAULT '0',
  `cID` int(10) UNSIGNED NOT NULL DEFAULT '0',
  `mpLanguage` varchar(32) COLLATE utf8_unicode_ci NOT NULL DEFAULT '',
  `mpLocale` varchar(32) COLLATE utf8_unicode_ci NOT NULL
) ENGINE=InnoDB DEFAULT CHARSET=utf8 COLLATE=utf8_unicode_ci;

-- --------------------------------------------------------

--
-- Tabelstructuur voor tabel `MultilingualSections`
--

CREATE TABLE `MultilingualSections` (
  `cID` int(10) UNSIGNED NOT NULL DEFAULT '0',
  `msLanguage` varchar(32) COLLATE utf8_unicode_ci NOT NULL DEFAULT '',
  `msCountry` varchar(32) COLLATE utf8_unicode_ci NOT NULL DEFAULT '',
  `msNumPlurals` int(11) NOT NULL DEFAULT '2',
  `msPluralRule` varchar(400) COLLATE utf8_unicode_ci NOT NULL DEFAULT '(n != 1)',
  `msPluralCases` varchar(1000) COLLATE utf8_unicode_ci NOT NULL DEFAULT 'one@1\nother@0, 2~16, 100, 1000, 10000, 100000, 1000000, …'
) ENGINE=InnoDB DEFAULT CHARSET=utf8 COLLATE=utf8_unicode_ci;

-- --------------------------------------------------------

--
-- Tabelstructuur voor tabel `MultilingualTranslations`
--

CREATE TABLE `MultilingualTranslations` (
  `mtID` int(10) UNSIGNED NOT NULL,
  `mtSectionID` int(10) UNSIGNED NOT NULL DEFAULT '0',
  `msgid` text COLLATE utf8_unicode_ci NOT NULL,
  `msgidPlural` text COLLATE utf8_unicode_ci,
  `msgstr` text COLLATE utf8_unicode_ci,
  `msgstrPlurals` text COLLATE utf8_unicode_ci,
  `context` text COLLATE utf8_unicode_ci,
  `comments` text COLLATE utf8_unicode_ci,
  `reference` text COLLATE utf8_unicode_ci,
  `flags` text COLLATE utf8_unicode_ci,
  `updated` datetime DEFAULT NULL
) ENGINE=InnoDB DEFAULT CHARSET=utf8 COLLATE=utf8_unicode_ci;

-- --------------------------------------------------------

--
-- Tabelstructuur voor tabel `OauthUserMap`
--

CREATE TABLE `OauthUserMap` (
  `user_id` int(10) UNSIGNED NOT NULL,
  `namespace` varchar(255) COLLATE utf8_unicode_ci NOT NULL,
  `binding` varchar(255) COLLATE utf8_unicode_ci NOT NULL
) ENGINE=InnoDB DEFAULT CHARSET=utf8 COLLATE=utf8_unicode_ci;

-- --------------------------------------------------------

--
-- Tabelstructuur voor tabel `Packages`
--

CREATE TABLE `Packages` (
  `pkgID` int(10) UNSIGNED NOT NULL,
  `pkgName` varchar(255) COLLATE utf8_unicode_ci NOT NULL,
  `pkgHandle` varchar(64) COLLATE utf8_unicode_ci NOT NULL,
  `pkgDescription` text COLLATE utf8_unicode_ci,
  `pkgDateInstalled` datetime NOT NULL,
  `pkgIsInstalled` tinyint(1) NOT NULL DEFAULT '1',
  `pkgVersion` varchar(32) COLLATE utf8_unicode_ci DEFAULT NULL,
  `pkgAvailableVersion` varchar(32) COLLATE utf8_unicode_ci DEFAULT NULL
) ENGINE=InnoDB DEFAULT CHARSET=utf8 COLLATE=utf8_unicode_ci;

--
-- Gegevens worden geëxporteerd voor tabel `Packages`
--

INSERT INTO `Packages` (`pkgID`, `pkgName`, `pkgHandle`, `pkgDescription`, `pkgDateInstalled`, `pkgIsInstalled`, `pkgVersion`, `pkgAvailableVersion`) VALUES
(1, 'Akf', 'akf', 'Adds a the Akf theme.', '2017-02-22 09:47:25', 1, '1.0.0', NULL);

-- --------------------------------------------------------

--
-- Tabelstructuur voor tabel `PageFeeds`
--

CREATE TABLE `PageFeeds` (
  `pfID` int(10) UNSIGNED NOT NULL,
  `cParentID` int(10) UNSIGNED NOT NULL DEFAULT '1',
  `pfTitle` varchar(255) COLLATE utf8_unicode_ci DEFAULT NULL,
  `pfHandle` varchar(255) COLLATE utf8_unicode_ci NOT NULL,
  `pfDescription` varchar(255) COLLATE utf8_unicode_ci DEFAULT NULL,
  `pfIncludeAllDescendents` tinyint(1) NOT NULL DEFAULT '0',
  `pfContentToDisplay` varchar(1) COLLATE utf8_unicode_ci NOT NULL DEFAULT 'S',
  `pfAreaHandleToDisplay` varchar(255) COLLATE utf8_unicode_ci DEFAULT NULL,
  `customTopicAttributeKeyHandle` varchar(255) COLLATE utf8_unicode_ci DEFAULT NULL,
  `customTopicTreeNodeID` int(10) UNSIGNED NOT NULL DEFAULT '0',
  `pfDisplayAliases` tinyint(1) NOT NULL DEFAULT '0',
  `ptID` smallint(5) UNSIGNED DEFAULT NULL,
  `pfDisplayFeaturedOnly` tinyint(1) DEFAULT '0',
  `iconFID` int(10) UNSIGNED NOT NULL DEFAULT '0'
) ENGINE=InnoDB DEFAULT CHARSET=utf8 COLLATE=utf8_unicode_ci;

--
-- Gegevens worden geëxporteerd voor tabel `PageFeeds`
--

INSERT INTO `PageFeeds` (`pfID`, `cParentID`, `pfTitle`, `pfHandle`, `pfDescription`, `pfIncludeAllDescendents`, `pfContentToDisplay`, `pfAreaHandleToDisplay`, `customTopicAttributeKeyHandle`, `customTopicTreeNodeID`, `pfDisplayAliases`, `ptID`, `pfDisplayFeaturedOnly`, `iconFID`) VALUES
(1, 159, 'Blog', 'blog', 'concrete5 Blog', 0, 'S', NULL, NULL, 0, 0, 7, 0, 0);

-- --------------------------------------------------------

--
-- Tabelstructuur voor tabel `PagePaths`
--

CREATE TABLE `PagePaths` (
  `ppID` int(10) UNSIGNED NOT NULL,
  `cID` int(10) UNSIGNED DEFAULT '0',
  `cPath` text COLLATE utf8_unicode_ci NOT NULL,
  `ppIsCanonical` varchar(1) COLLATE utf8_unicode_ci NOT NULL DEFAULT '1',
  `ppGeneratedFromURLSlugs` tinyint(1) NOT NULL DEFAULT '0'
) ENGINE=InnoDB DEFAULT CHARSET=utf8 COLLATE=utf8_unicode_ci;

--
-- Gegevens worden geëxporteerd voor tabel `PagePaths`
--

INSERT INTO `PagePaths` (`ppID`, `cID`, `cPath`, `ppIsCanonical`, `ppGeneratedFromURLSlugs`) VALUES
(1, 2, '/dashboard', '1', 1),
(2, 3, '/dashboard/sitemap', '1', 1),
(3, 4, '/dashboard/sitemap/full', '1', 1),
(4, 5, '/dashboard/sitemap/explore', '1', 1),
(5, 6, '/dashboard/sitemap/search', '1', 1),
(6, 7, '/dashboard/files', '1', 1),
(7, 8, '/dashboard/files/search', '1', 1),
(8, 9, '/dashboard/files/attributes', '1', 1),
(9, 10, '/dashboard/files/sets', '1', 1),
(10, 11, '/dashboard/files/add_set', '1', 1),
(11, 12, '/dashboard/users', '1', 1),
(12, 13, '/dashboard/users/search', '1', 1),
(13, 14, '/dashboard/users/groups', '1', 1),
(14, 15, '/dashboard/users/attributes', '1', 1),
(15, 16, '/dashboard/users/add', '1', 1),
(16, 17, '/dashboard/users/add_group', '1', 1),
(17, 18, '/dashboard/users/groups/bulkupdate', '1', 1),
(18, 19, '/dashboard/users/group_sets', '1', 1),
(19, 20, '/dashboard/users/points', '1', 1),
(20, 21, '/dashboard/users/points/assign', '1', 1),
(21, 22, '/dashboard/users/points/actions', '1', 1),
(22, 23, '/dashboard/reports', '1', 1),
(23, 24, '/dashboard/reports/forms', '1', 1),
(24, 25, '/dashboard/reports/surveys', '1', 1),
(25, 26, '/dashboard/reports/logs', '1', 1),
(26, 27, '/dashboard/pages', '1', 1),
(27, 28, '/dashboard/pages/themes', '1', 1),
(28, 29, '/dashboard/pages/themes/inspect', '1', 1),
(29, 30, '/dashboard/pages/types', '1', 1),
(30, 31, '/dashboard/pages/types/organize', '1', 1),
(31, 32, '/dashboard/pages/types/add', '1', 1),
(32, 33, '/dashboard/pages/types/form', '1', 1),
(33, 34, '/dashboard/pages/types/output', '1', 1),
(34, 35, '/dashboard/pages/types/attributes', '1', 1),
(35, 36, '/dashboard/pages/types/permissions', '1', 1),
(36, 37, '/dashboard/pages/templates', '1', 1),
(37, 38, '/dashboard/pages/templates/add', '1', 1),
(38, 39, '/dashboard/pages/attributes', '1', 1),
(39, 40, '/dashboard/pages/single', '1', 1),
(40, 41, '/dashboard/pages/feeds', '1', 1),
(41, 42, '/dashboard/conversations', '1', 1),
(42, 43, '/dashboard/conversations/messages', '1', 1),
(43, 44, '/dashboard/workflow', '1', 1),
(44, 45, '/dashboard/workflow/me', '1', 1),
(45, 46, '/dashboard/workflow/workflows', '1', 1),
(46, 47, '/dashboard/blocks', '1', 1),
(47, 48, '/dashboard/blocks/stacks', '1', 1),
(48, 49, '/dashboard/blocks/permissions', '1', 1),
(49, 50, '/dashboard/blocks/stacks/list', '1', 1),
(50, 51, '/dashboard/blocks/types', '1', 1),
(51, 52, '/dashboard/extend', '1', 1),
(52, 53, '/dashboard/news', '1', 1),
(53, 54, '/dashboard/extend/install', '1', 1),
(54, 55, '/dashboard/extend/update', '1', 1),
(55, 56, '/dashboard/extend/connect', '1', 1),
(56, 57, '/dashboard/extend/themes', '1', 1),
(57, 58, '/dashboard/extend/addons', '1', 1),
(58, 59, '/dashboard/system', '1', 1),
(59, 60, '/dashboard/system/basics', '1', 1),
(60, 61, '/dashboard/system/basics/name', '1', 1),
(61, 62, '/dashboard/system/basics/accessibility', '1', 1),
(62, 63, '/dashboard/system/basics/social', '1', 1),
(63, 64, '/dashboard/system/basics/icons', '1', 1),
(64, 65, '/dashboard/system/basics/editor', '1', 1),
(65, 66, '/dashboard/system/basics/multilingual', '1', 1),
(66, 67, '/dashboard/system/basics/timezone', '1', 1),
(67, 68, '/dashboard/system/multilingual', '1', 1),
(68, 69, '/dashboard/system/multilingual/setup', '1', 1),
(69, 70, '/dashboard/system/multilingual/copy', '1', 1),
(70, 71, '/dashboard/system/multilingual/page_report', '1', 1),
(71, 72, '/dashboard/system/multilingual/translate_interface', '1', 1),
(72, 73, '/dashboard/system/seo', '1', 1),
(73, 74, '/dashboard/system/seo/urls', '1', 1),
(74, 75, '/dashboard/system/seo/bulk', '1', 1),
(75, 76, '/dashboard/system/seo/codes', '1', 1),
(76, 77, '/dashboard/system/seo/excluded', '1', 1),
(77, 78, '/dashboard/system/seo/searchindex', '1', 1),
(78, 79, '/dashboard/system/files', '1', 1),
(79, 80, '/dashboard/system/files/permissions', '1', 1),
(80, 81, '/dashboard/system/files/filetypes', '1', 1),
(81, 82, '/dashboard/system/files/thumbnails', '1', 1),
(82, 83, '/dashboard/system/files/image_uploading', '1', 1),
(83, 84, '/dashboard/system/files/storage', '1', 1),
(84, 85, '/dashboard/system/optimization', '1', 1),
(85, 86, '/dashboard/system/optimization/cache', '1', 1),
(86, 87, '/dashboard/system/optimization/clearcache', '1', 1),
(87, 88, '/dashboard/system/optimization/jobs', '1', 1),
(88, 89, '/dashboard/system/optimization/query_log', '1', 1),
(89, 90, '/dashboard/system/permissions', '1', 1),
(90, 91, '/dashboard/system/permissions/site', '1', 1),
(91, 92, '/dashboard/system/permissions/tasks', '1', 1),
(92, 93, '/dashboard/system/permissions/users', '1', 1),
(93, 94, '/dashboard/system/permissions/advanced', '1', 1),
(94, 95, '/dashboard/system/permissions/blacklist', '1', 1),
(95, 96, '/dashboard/system/permissions/captcha', '1', 1),
(96, 97, '/dashboard/system/permissions/antispam', '1', 1),
(97, 98, '/dashboard/system/permissions/maintenance', '1', 1),
(98, 99, '/dashboard/system/registration', '1', 1),
(99, 100, '/dashboard/system/registration/postlogin', '1', 1),
(100, 101, '/dashboard/system/registration/profiles', '1', 1),
(101, 102, '/dashboard/system/registration/open', '1', 1),
(102, 103, '/dashboard/system/registration/authentication', '1', 1),
(103, 104, '/dashboard/system/mail', '1', 1),
(104, 105, '/dashboard/system/mail/method', '1', 1),
(105, 106, '/dashboard/system/mail/method/test', '1', 1),
(106, 107, '/dashboard/system/mail/importers', '1', 1),
(107, 108, '/dashboard/system/conversations', '1', 1),
(108, 109, '/dashboard/system/conversations/settings', '1', 1),
(109, 110, '/dashboard/system/conversations/points', '1', 1),
(110, 111, '/dashboard/system/conversations/bannedwords', '1', 1),
(111, 112, '/dashboard/system/conversations/permissions', '1', 1),
(112, 113, '/dashboard/system/attributes', '1', 1),
(113, 114, '/dashboard/system/attributes/sets', '1', 1),
(114, 115, '/dashboard/system/attributes/types', '1', 1),
(115, 116, '/dashboard/system/attributes/topics', '1', 1),
(116, 117, '/dashboard/system/attributes/topics/add', '1', 1),
(117, 118, '/dashboard/system/environment', '1', 1),
(118, 119, '/dashboard/system/environment/info', '1', 1),
(119, 120, '/dashboard/system/environment/debug', '1', 1),
(120, 121, '/dashboard/system/environment/logging', '1', 1),
(121, 122, '/dashboard/system/environment/proxy', '1', 1),
(122, 123, '/dashboard/system/environment/entities', '1', 1),
(123, 124, '/dashboard/system/backup', '1', 1),
(124, 125, '/dashboard/system/backup/backup', '1', 1),
(125, 126, '/dashboard/system/backup/update', '1', 1),
(126, 127, '/dashboard/welcome', '1', 1),
(127, 128, '/dashboard/home', '1', 1),
(128, 129, '/!drafts', '1', 1),
(129, 130, '/!trash', '1', 1),
(130, 131, '/!stacks', '1', 1),
(131, 132, '/login', '1', 1),
(132, 133, '/register', '1', 1),
(133, 134, '/account', '1', 1),
(134, 135, '/account/edit_profile', '1', 1),
(135, 136, '/account/avatar', '1', 1),
(136, 137, '/account/messages', '1', 1),
(137, 138, '/account/messages/inbox', '1', 1),
(138, 139, '/members', '1', 1),
(139, 140, '/members/profile', '1', 1),
(140, 141, '/members/directory', '1', 1),
(141, 142, '/page_not_found', '1', 1),
(142, 143, '/page_forbidden', '1', 1),
(143, 144, '/download_file', '1', 1),
(144, 145, '/!stacks/footer-contact', '1', 1),
(145, 146, '/!stacks/footer-legal', '1', 1),
(146, 147, '/!stacks/footer-navigation', '1', 1),
(147, 148, '/!stacks/footer-site-title', '1', 1),
(148, 149, '/!stacks/footer-social', '1', 1),
(149, 150, '/!stacks/header-navigation', '1', 1),
(150, 151, '/!stacks/header-search', '1', 1),
(151, 152, '/!stacks/header-site-title', '1', 1),
(152, 154, '/!trash/services', '1', 1),
(153, 156, '/!trash/portfolio', '1', 1),
(154, 157, '/!trash/team', '1', 1),
(155, 159, '/!trash/blog', '1', 1),
(156, 160, '/!trash/search', '1', 1),
(157, 161, '/!trash/contact', '1', 1),
(158, 162, '/!trash/blank-page', '1', 1),
(159, 164, '/!trash/portfolio/project-title', '1', 1),
(160, 165, '/!trash/portfolio/project-title-2', '1', 1),
(161, 166, '/!trash/portfolio/project-title-3', '1', 1),
(162, 167, '/!trash/portfolio/project-title-4', '1', 1),
(163, 168, '/!trash/portfolio/project-title-5', '1', 1),
(164, 169, '/!trash/portfolio/project-title-6', '1', 1),
(165, 171, '/!trash/blog/hello-world', '1', 1),
(166, 172, '/!trash/blog/another-blog-post', '1', 1),
(167, 173, '/!trash/blog/a-beautiful-blog', '1', 1),
(168, 174, '/!trash/team/about', '1', 1),
(169, 175, '/!trash/team/careers', '1', 1),
(170, 176, '/!trash/team/faq', '1', 1),
(171, 178, '/!trash/team/careers/web-developer', '1', 1),
(172, 179, '/!trash/team/careers/sales-associate', '1', 1),
(173, 183, '/!stacks/navigation', '1', 1),
(174, 203, '/afk', '1', 1),
(175, 204, '/!trash/stoere-traktaties', '1', 1),
(176, 205, '/!trash/initiatieven', '1', 1),
(177, 206, '/!trash/contact-1', '1', 1),
(178, 207, '/!trash/test', '1', 1),
(179, 208, '/!trash/test-1', '1', 1),
(180, 209, '/!trash/stoere-traktaties-1', '1', 1),
(181, 210, '/!trash/contact-2', '1', 1),
(182, 211, '/initiatieven', '1', 1),
(183, 212, '/initiatieven/kinderfeestjes', '1', 1),
(184, 213, '/initiatieven/zomerkampen', '1', 1),
(185, 214, '/initiatieven/busy-bee', '1', 1),
(186, 215, '/initiatieven/stoere-traktaties', '1', 1),
(187, 216, '/initiatieven/sponsoring', '1', 1),
(188, 217, '/initiatieven/sinterklaas', '1', 1),
(189, 218, '/initiatieven/oogappeltje', '1', 1),
(190, 219, '/!trash/test-2', '1', 1),
(191, 220, '/!stacks/footer-links', '1', 1),
(192, 221, '/!stacks/footer-midden', '1', 1),
(193, 222, '/!trash/sdasd', '1', 1),
(194, 223, '/!trash/test-1-kolom', '1', 1),
(195, 224, '/!trash/stoere-traktaties-2', '1', 1),
(196, 225, '/contact', '1', 1),
(197, 226, '/!trash/stoere-traktaties-3', '1', 1),
(198, 227, '/!trash/initiatieven-1', '1', 1),
(199, 228, '/steun-ons', '1', 1),
(200, 229, '/steun-ons/giften', '1', 1),
(201, 230, '/!drafts/230', '1', 1),
(202, 231, '/stoergelukkig', '1', 1),
(203, 234, '/!trash/financieel-overzicht', '1', 1),
(204, 235, '/!trash/beleidsplan', '1', 1),
(205, 236, '/afk/hoe-het-begon', '1', 1),
(206, 237, '/afk/terugblik', '1', 1),
(207, 239, '/contact/naam-1', '1', 1),
(208, 240, '/contact/naam-2', '1', 1),
(209, 241, '/contact/naam-3', '1', 1),
(210, 242, '/contact/naam-4', '1', 1),
(211, 243, '/contact/naam-5', '1', 1),
(212, 244, '/contact/naam-6', '1', 1),
(213, 245, '/contact/naam-7', '1', 1),
(214, 246, '/afk/beleidsplan', '1', 1),
(215, 247, '/afk/vrienden-van-akf', '1', 1),
(216, 248, '/projecten', '1', 1),
(217, 249, '/projecten/akf-maakt-het-snoezelen-voor-jasmijn-mogelijk', '1', 1),
(218, 250, '/projecten/allergeen-werend-beddengoed-voor-jeriel', '1', 1);

-- --------------------------------------------------------

--
-- Tabelstructuur voor tabel `PagePermissionAssignments`
--

CREATE TABLE `PagePermissionAssignments` (
  `cID` int(10) UNSIGNED NOT NULL DEFAULT '0',
  `pkID` int(10) UNSIGNED NOT NULL DEFAULT '0',
  `paID` int(10) UNSIGNED NOT NULL DEFAULT '0'
) ENGINE=InnoDB DEFAULT CHARSET=utf8 COLLATE=utf8_unicode_ci;

--
-- Gegevens worden geëxporteerd voor tabel `PagePermissionAssignments`
--

INSERT INTO `PagePermissionAssignments` (`cID`, `pkID`, `paID`) VALUES
(1, 1, 49),
(1, 2, 50),
(1, 3, 51),
(1, 4, 52),
(1, 5, 53),
(1, 6, 54),
(1, 7, 55),
(1, 8, 57),
(1, 9, 58),
(1, 10, 59),
(1, 11, 60),
(1, 12, 61),
(1, 13, 62),
(1, 14, 63),
(1, 15, 64),
(1, 16, 65),
(1, 17, 66),
(1, 18, 56),
(2, 1, 69),
(129, 1, 70),
(129, 2, 71),
(129, 3, 72),
(129, 4, 73),
(129, 5, 74),
(129, 6, 75),
(129, 7, 76),
(129, 8, 78),
(129, 9, 79),
(129, 10, 80),
(129, 11, 81),
(129, 12, 82),
(129, 13, 83),
(129, 14, 84),
(129, 15, 85),
(129, 16, 86),
(129, 17, 87),
(129, 18, 77),
(132, 1, 67),
(133, 1, 68);

-- --------------------------------------------------------

--
-- Tabelstructuur voor tabel `PagePermissionPageTypeAccessList`
--

CREATE TABLE `PagePermissionPageTypeAccessList` (
  `paID` int(10) UNSIGNED NOT NULL DEFAULT '0',
  `peID` int(10) UNSIGNED NOT NULL DEFAULT '0',
  `permission` varchar(1) COLLATE utf8_unicode_ci NOT NULL DEFAULT '1',
  `externalLink` tinyint(1) NOT NULL DEFAULT '0'
) ENGINE=InnoDB DEFAULT CHARSET=utf8 COLLATE=utf8_unicode_ci;

-- --------------------------------------------------------

--
-- Tabelstructuur voor tabel `PagePermissionPageTypeAccessListCustom`
--

CREATE TABLE `PagePermissionPageTypeAccessListCustom` (
  `paID` int(10) UNSIGNED NOT NULL DEFAULT '0',
  `peID` int(10) UNSIGNED NOT NULL DEFAULT '0',
  `ptID` int(10) UNSIGNED NOT NULL DEFAULT '0'
) ENGINE=InnoDB DEFAULT CHARSET=utf8 COLLATE=utf8_unicode_ci;

-- --------------------------------------------------------

--
-- Tabelstructuur voor tabel `PagePermissionPropertyAccessList`
--

CREATE TABLE `PagePermissionPropertyAccessList` (
  `paID` int(10) UNSIGNED NOT NULL DEFAULT '0',
  `peID` int(10) UNSIGNED NOT NULL DEFAULT '0',
  `name` tinyint(1) DEFAULT '0',
  `publicDateTime` tinyint(1) DEFAULT '0',
  `uID` tinyint(1) DEFAULT '0',
  `description` tinyint(1) DEFAULT '0',
  `paths` tinyint(1) DEFAULT '0',
  `attributePermission` varchar(1) COLLATE utf8_unicode_ci NOT NULL DEFAULT '1'
) ENGINE=InnoDB DEFAULT CHARSET=utf8 COLLATE=utf8_unicode_ci;

-- --------------------------------------------------------

--
-- Tabelstructuur voor tabel `PagePermissionPropertyAttributeAccessListCustom`
--

CREATE TABLE `PagePermissionPropertyAttributeAccessListCustom` (
  `paID` int(10) UNSIGNED NOT NULL DEFAULT '0',
  `peID` int(10) UNSIGNED NOT NULL DEFAULT '0',
  `akID` int(10) UNSIGNED NOT NULL DEFAULT '0'
) ENGINE=InnoDB DEFAULT CHARSET=utf8 COLLATE=utf8_unicode_ci;

-- --------------------------------------------------------

--
-- Tabelstructuur voor tabel `PagePermissionThemeAccessList`
--

CREATE TABLE `PagePermissionThemeAccessList` (
  `paID` int(10) UNSIGNED NOT NULL DEFAULT '0',
  `peID` int(10) UNSIGNED NOT NULL DEFAULT '0',
  `permission` varchar(1) COLLATE utf8_unicode_ci NOT NULL DEFAULT '1'
) ENGINE=InnoDB DEFAULT CHARSET=utf8 COLLATE=utf8_unicode_ci;

-- --------------------------------------------------------

--
-- Tabelstructuur voor tabel `PagePermissionThemeAccessListCustom`
--

CREATE TABLE `PagePermissionThemeAccessListCustom` (
  `paID` int(10) UNSIGNED NOT NULL DEFAULT '0',
  `peID` int(10) UNSIGNED NOT NULL DEFAULT '0',
  `pThemeID` int(10) UNSIGNED NOT NULL DEFAULT '0'
) ENGINE=InnoDB DEFAULT CHARSET=utf8 COLLATE=utf8_unicode_ci;

-- --------------------------------------------------------

--
-- Tabelstructuur voor tabel `Pages`
--

CREATE TABLE `Pages` (
  `cID` int(10) UNSIGNED NOT NULL DEFAULT '0',
  `ptID` int(10) UNSIGNED NOT NULL DEFAULT '0',
  `cIsTemplate` tinyint(1) NOT NULL DEFAULT '0',
  `uID` int(10) UNSIGNED DEFAULT NULL,
  `cIsCheckedOut` tinyint(1) NOT NULL DEFAULT '0',
  `cCheckedOutUID` int(10) UNSIGNED DEFAULT NULL,
  `cCheckedOutDatetime` datetime DEFAULT NULL,
  `cCheckedOutDatetimeLastEdit` datetime DEFAULT NULL,
  `cOverrideTemplatePermissions` tinyint(1) NOT NULL DEFAULT '1',
  `cInheritPermissionsFromCID` int(10) UNSIGNED NOT NULL DEFAULT '0',
  `cInheritPermissionsFrom` varchar(8) COLLATE utf8_unicode_ci NOT NULL DEFAULT 'PARENT',
  `cFilename` varchar(255) COLLATE utf8_unicode_ci DEFAULT NULL,
  `cPointerID` int(10) UNSIGNED NOT NULL DEFAULT '0',
  `cPointerExternalLink` longtext COLLATE utf8_unicode_ci,
  `cPointerExternalLinkNewWindow` tinyint(1) NOT NULL DEFAULT '0',
  `cIsActive` tinyint(1) NOT NULL DEFAULT '1',
  `cChildren` int(10) UNSIGNED NOT NULL DEFAULT '0',
  `cDisplayOrder` int(10) UNSIGNED NOT NULL DEFAULT '0',
  `cParentID` int(10) UNSIGNED NOT NULL DEFAULT '0',
  `pkgID` int(10) UNSIGNED NOT NULL DEFAULT '0',
  `cDraftTargetParentPageID` int(10) UNSIGNED NOT NULL DEFAULT '0',
  `cCacheFullPageContent` smallint(6) NOT NULL DEFAULT '-1',
  `cCacheFullPageContentOverrideLifetime` varchar(32) COLLATE utf8_unicode_ci NOT NULL DEFAULT '0',
  `cCacheFullPageContentLifetimeCustom` int(10) UNSIGNED NOT NULL DEFAULT '0',
  `cIsSystemPage` tinyint(1) NOT NULL DEFAULT '0'
) ENGINE=InnoDB DEFAULT CHARSET=utf8 COLLATE=utf8_unicode_ci;

--
-- Gegevens worden geëxporteerd voor tabel `Pages`
--

INSERT INTO `Pages` (`cID`, `ptID`, `cIsTemplate`, `uID`, `cIsCheckedOut`, `cCheckedOutUID`, `cCheckedOutDatetime`, `cCheckedOutDatetimeLastEdit`, `cOverrideTemplatePermissions`, `cInheritPermissionsFromCID`, `cInheritPermissionsFrom`, `cFilename`, `cPointerID`, `cPointerExternalLink`, `cPointerExternalLinkNewWindow`, `cIsActive`, `cChildren`, `cDisplayOrder`, `cParentID`, `pkgID`, `cDraftTargetParentPageID`, `cCacheFullPageContent`, `cCacheFullPageContentOverrideLifetime`, `cCacheFullPageContentLifetimeCustom`, `cIsSystemPage`) VALUES
(1, 0, 0, 1, 0, NULL, NULL, NULL, 1, 1, 'OVERRIDE', NULL, 0, NULL, 0, 1, 18, 0, 0, 0, 0, -1, '0', 0, 0),
(2, 0, 0, 1, 0, NULL, NULL, NULL, 1, 2, 'OVERRIDE', '/dashboard/view.php', 0, NULL, 0, 1, 13, 0, 0, 0, 0, -1, '0', 0, 1),
(3, 0, 0, 1, 0, NULL, NULL, NULL, 1, 2, 'PARENT', '/dashboard/sitemap/view.php', 0, NULL, 0, 1, 3, 0, 2, 0, 0, -1, '0', 0, 1),
(4, 0, 0, 1, 0, NULL, NULL, NULL, 1, 2, 'PARENT', '/dashboard/sitemap/full.php', 0, NULL, 0, 1, 0, 0, 3, 0, 0, -1, '0', 0, 1),
(5, 0, 0, 1, 0, NULL, NULL, NULL, 1, 2, 'PARENT', '/dashboard/sitemap/explore.php', 0, NULL, 0, 1, 0, 1, 3, 0, 0, -1, '0', 0, 1),
(6, 0, 0, 1, 0, NULL, NULL, NULL, 1, 2, 'PARENT', '/dashboard/sitemap/search.php', 0, NULL, 0, 1, 0, 2, 3, 0, 0, -1, '0', 0, 1),
(7, 0, 0, 1, 0, NULL, NULL, NULL, 1, 2, 'PARENT', '/dashboard/files/view.php', 0, NULL, 0, 1, 4, 1, 2, 0, 0, -1, '0', 0, 1),
(8, 0, 0, 1, 0, NULL, NULL, NULL, 1, 2, 'PARENT', '/dashboard/files/search.php', 0, NULL, 0, 1, 0, 0, 7, 0, 0, -1, '0', 0, 1),
(9, 0, 0, 1, 0, NULL, NULL, NULL, 1, 2, 'PARENT', '/dashboard/files/attributes.php', 0, NULL, 0, 1, 0, 1, 7, 0, 0, -1, '0', 0, 1),
(10, 0, 0, 1, 0, NULL, NULL, NULL, 1, 2, 'PARENT', '/dashboard/files/sets.php', 0, NULL, 0, 1, 0, 2, 7, 0, 0, -1, '0', 0, 1),
(11, 0, 0, 1, 0, NULL, NULL, NULL, 1, 2, 'PARENT', '/dashboard/files/add_set.php', 0, NULL, 0, 1, 0, 3, 7, 0, 0, -1, '0', 0, 1),
(12, 0, 0, 1, 0, NULL, NULL, NULL, 1, 2, 'PARENT', '/dashboard/users/view.php', 0, NULL, 0, 1, 7, 2, 2, 0, 0, -1, '0', 0, 1),
(13, 0, 0, 1, 0, NULL, NULL, NULL, 1, 2, 'PARENT', '/dashboard/users/search.php', 0, NULL, 0, 1, 0, 0, 12, 0, 0, -1, '0', 0, 1),
(14, 0, 0, 1, 0, NULL, NULL, NULL, 1, 2, 'PARENT', '/dashboard/users/groups.php', 0, NULL, 0, 1, 1, 1, 12, 0, 0, -1, '0', 0, 1),
(15, 0, 0, 1, 0, NULL, NULL, NULL, 1, 2, 'PARENT', '/dashboard/users/attributes.php', 0, NULL, 0, 1, 0, 2, 12, 0, 0, -1, '0', 0, 1),
(16, 0, 0, 1, 0, NULL, NULL, NULL, 1, 2, 'PARENT', '/dashboard/users/add.php', 0, NULL, 0, 1, 0, 3, 12, 0, 0, -1, '0', 0, 1),
(17, 0, 0, 1, 0, NULL, NULL, NULL, 1, 2, 'PARENT', '/dashboard/users/add_group.php', 0, NULL, 0, 1, 0, 4, 12, 0, 0, -1, '0', 0, 1),
(18, 0, 0, 1, 0, NULL, NULL, NULL, 1, 2, 'PARENT', '/dashboard/users/groups/bulkupdate.php', 0, NULL, 0, 1, 0, 0, 14, 0, 0, -1, '0', 0, 1),
(19, 0, 0, 1, 0, NULL, NULL, NULL, 1, 2, 'PARENT', '/dashboard/users/group_sets.php', 0, NULL, 0, 1, 0, 5, 12, 0, 0, -1, '0', 0, 1),
(20, 0, 0, 1, 0, NULL, NULL, NULL, 1, 2, 'PARENT', '/dashboard/users/points/view.php', 0, NULL, 0, 1, 2, 6, 12, 0, 0, -1, '0', 0, 1),
(21, 0, 0, 1, 0, NULL, NULL, NULL, 1, 2, 'PARENT', '/dashboard/users/points/assign.php', 0, NULL, 0, 1, 0, 0, 20, 0, 0, -1, '0', 0, 1),
(22, 0, 0, 1, 0, NULL, NULL, NULL, 1, 2, 'PARENT', '/dashboard/users/points/actions.php', 0, NULL, 0, 1, 0, 1, 20, 0, 0, -1, '0', 0, 1),
(23, 0, 0, 1, 0, NULL, NULL, NULL, 1, 2, 'PARENT', '/dashboard/reports.php', 0, NULL, 0, 1, 3, 3, 2, 0, 0, -1, '0', 0, 1),
(24, 0, 0, 1, 0, NULL, NULL, NULL, 1, 2, 'PARENT', '/dashboard/reports/forms.php', 0, NULL, 0, 1, 0, 0, 23, 0, 0, -1, '0', 0, 1),
(25, 0, 0, 1, 0, NULL, NULL, NULL, 1, 2, 'PARENT', '/dashboard/reports/surveys.php', 0, NULL, 0, 1, 0, 1, 23, 0, 0, -1, '0', 0, 1),
(26, 0, 0, 1, 0, NULL, NULL, NULL, 1, 2, 'PARENT', '/dashboard/reports/logs.php', 0, NULL, 0, 1, 0, 2, 23, 0, 0, -1, '0', 0, 1),
(27, 0, 0, 1, 0, NULL, NULL, NULL, 1, 2, 'PARENT', '/dashboard/pages/view.php', 0, NULL, 0, 1, 6, 4, 2, 0, 0, -1, '0', 0, 1),
(28, 0, 0, 1, 0, NULL, NULL, NULL, 1, 2, 'PARENT', '/dashboard/pages/themes/view.php', 0, NULL, 0, 1, 1, 0, 27, 0, 0, -1, '0', 0, 1),
(29, 0, 0, 1, 0, NULL, NULL, NULL, 1, 2, 'PARENT', '/dashboard/pages/themes/inspect.php', 0, NULL, 0, 1, 0, 0, 28, 0, 0, -1, '0', 0, 1),
(30, 0, 0, 1, 0, NULL, NULL, NULL, 1, 2, 'PARENT', '/dashboard/pages/types/view.php', 0, NULL, 0, 1, 6, 1, 27, 0, 0, -1, '0', 0, 1),
(31, 0, 0, 1, 0, NULL, NULL, NULL, 1, 2, 'PARENT', '/dashboard/pages/types/organize.php', 0, NULL, 0, 1, 0, 0, 30, 0, 0, -1, '0', 0, 1),
(32, 0, 0, 1, 0, NULL, NULL, NULL, 1, 2, 'PARENT', '/dashboard/pages/types/add.php', 0, NULL, 0, 1, 0, 1, 30, 0, 0, -1, '0', 0, 1),
(33, 0, 0, 1, 0, NULL, NULL, NULL, 1, 2, 'PARENT', '/dashboard/pages/types/form.php', 0, NULL, 0, 1, 0, 2, 30, 0, 0, -1, '0', 0, 1),
(34, 0, 0, 1, 0, NULL, NULL, NULL, 1, 2, 'PARENT', '/dashboard/pages/types/output.php', 0, NULL, 0, 1, 0, 3, 30, 0, 0, -1, '0', 0, 1),
(35, 0, 0, 1, 0, NULL, NULL, NULL, 1, 2, 'PARENT', '/dashboard/pages/types/attributes.php', 0, NULL, 0, 1, 0, 4, 30, 0, 0, -1, '0', 0, 1),
(36, 0, 0, 1, 0, NULL, NULL, NULL, 1, 2, 'PARENT', '/dashboard/pages/types/permissions.php', 0, NULL, 0, 1, 0, 5, 30, 0, 0, -1, '0', 0, 1),
(37, 0, 0, 1, 0, NULL, NULL, NULL, 1, 2, 'PARENT', '/dashboard/pages/templates/view.php', 0, NULL, 0, 1, 1, 2, 27, 0, 0, -1, '0', 0, 1),
(38, 0, 0, 1, 0, NULL, NULL, NULL, 1, 2, 'PARENT', '/dashboard/pages/templates/add.php', 0, NULL, 0, 1, 0, 0, 37, 0, 0, -1, '0', 0, 1),
(39, 0, 0, 1, 0, NULL, NULL, NULL, 1, 2, 'PARENT', '/dashboard/pages/attributes.php', 0, NULL, 0, 1, 0, 3, 27, 0, 0, -1, '0', 0, 1),
(40, 0, 0, 1, 0, NULL, NULL, NULL, 1, 2, 'PARENT', '/dashboard/pages/single.php', 0, NULL, 0, 1, 0, 4, 27, 0, 0, -1, '0', 0, 1),
(41, 0, 0, 1, 0, NULL, NULL, NULL, 1, 2, 'PARENT', '/dashboard/pages/feeds.php', 0, NULL, 0, 1, 0, 5, 27, 0, 0, -1, '0', 0, 1),
(42, 0, 0, 1, 0, NULL, NULL, NULL, 1, 2, 'PARENT', '/dashboard/conversations/view.php', 0, NULL, 0, 1, 1, 5, 2, 0, 0, -1, '0', 0, 1),
(43, 0, 0, 1, 0, NULL, NULL, NULL, 1, 2, 'PARENT', '/dashboard/conversations/messages.php', 0, NULL, 0, 1, 0, 0, 42, 0, 0, -1, '0', 0, 1),
(44, 0, 0, 1, 0, NULL, NULL, NULL, 1, 2, 'PARENT', '/dashboard/workflow/view.php', 0, NULL, 0, 1, 2, 6, 2, 0, 0, -1, '0', 0, 1),
(45, 0, 0, 1, 0, NULL, NULL, NULL, 1, 2, 'PARENT', '/dashboard/workflow/me.php', 0, NULL, 0, 1, 0, 0, 44, 0, 0, -1, '0', 0, 1),
(46, 0, 0, 1, 0, NULL, NULL, NULL, 1, 2, 'PARENT', '/dashboard/workflow/workflows.php', 0, NULL, 0, 1, 0, 1, 44, 0, 0, -1, '0', 0, 1),
(47, 0, 0, 1, 0, NULL, NULL, NULL, 1, 2, 'PARENT', '/dashboard/blocks/view.php', 0, NULL, 0, 1, 3, 7, 2, 0, 0, -1, '0', 0, 1),
(48, 0, 0, 1, 0, NULL, NULL, NULL, 1, 2, 'PARENT', '/dashboard/blocks/stacks/view.php', 0, NULL, 0, 1, 1, 0, 47, 0, 0, -1, '0', 0, 1),
(49, 0, 0, 1, 0, NULL, NULL, NULL, 1, 2, 'PARENT', '/dashboard/blocks/permissions.php', 0, NULL, 0, 1, 0, 1, 47, 0, 0, -1, '0', 0, 1),
(50, 0, 0, 1, 0, NULL, NULL, NULL, 1, 2, 'PARENT', '/dashboard/blocks/stacks/list/view.php', 0, NULL, 0, 1, 0, 0, 48, 0, 0, -1, '0', 0, 1),
(51, 0, 0, 1, 0, NULL, NULL, NULL, 1, 2, 'PARENT', '/dashboard/blocks/types/view.php', 0, NULL, 0, 1, 0, 2, 47, 0, 0, -1, '0', 0, 1),
(52, 0, 0, 1, 0, NULL, NULL, NULL, 1, 2, 'PARENT', '/dashboard/extend/view.php', 0, NULL, 0, 1, 5, 8, 2, 0, 0, -1, '0', 0, 1),
(53, 0, 0, 1, 0, NULL, NULL, NULL, 1, 2, 'PARENT', '/dashboard/news.php', 0, NULL, 0, 1, 0, 9, 2, 0, 0, -1, '0', 0, 1),
(54, 0, 0, 1, 0, NULL, NULL, NULL, 1, 2, 'PARENT', '/dashboard/extend/install.php', 0, NULL, 0, 1, 0, 0, 52, 0, 0, -1, '0', 0, 1),
(55, 0, 0, 1, 0, NULL, NULL, NULL, 1, 2, 'PARENT', '/dashboard/extend/update.php', 0, NULL, 0, 1, 0, 1, 52, 0, 0, -1, '0', 0, 1),
(56, 0, 0, 1, 0, NULL, NULL, NULL, 1, 2, 'PARENT', '/dashboard/extend/connect.php', 0, NULL, 0, 1, 0, 2, 52, 0, 0, -1, '0', 0, 1),
(57, 0, 0, 1, 0, NULL, NULL, NULL, 1, 2, 'PARENT', '/dashboard/extend/themes.php', 0, NULL, 0, 1, 0, 3, 52, 0, 0, -1, '0', 0, 1),
(58, 0, 0, 1, 0, NULL, NULL, NULL, 1, 2, 'PARENT', '/dashboard/extend/addons.php', 0, NULL, 0, 1, 0, 4, 52, 0, 0, -1, '0', 0, 1),
(59, 0, 0, 1, 0, NULL, NULL, NULL, 1, 2, 'PARENT', '/dashboard/system/view.php', 0, NULL, 0, 1, 12, 10, 2, 0, 0, -1, '0', 0, 1),
(60, 0, 0, 1, 0, NULL, NULL, NULL, 1, 2, 'PARENT', '/dashboard/system/basics/view.php', 0, NULL, 0, 1, 7, 0, 59, 0, 0, -1, '0', 0, 1),
(61, 0, 0, 1, 0, NULL, NULL, NULL, 1, 2, 'PARENT', '/dashboard/system/basics/name.php', 0, NULL, 0, 1, 0, 0, 60, 0, 0, -1, '0', 0, 1),
(62, 0, 0, 1, 0, NULL, NULL, NULL, 1, 2, 'PARENT', '/dashboard/system/basics/accessibility.php', 0, NULL, 0, 1, 0, 1, 60, 0, 0, -1, '0', 0, 1),
(63, 0, 0, 1, 0, NULL, NULL, NULL, 1, 2, 'PARENT', '/dashboard/system/basics/social.php', 0, NULL, 0, 1, 0, 2, 60, 0, 0, -1, '0', 0, 1),
(64, 0, 0, 1, 0, NULL, NULL, NULL, 1, 2, 'PARENT', '/dashboard/system/basics/icons.php', 0, NULL, 0, 1, 0, 3, 60, 0, 0, -1, '0', 0, 1),
(65, 0, 0, 1, 0, NULL, NULL, NULL, 1, 2, 'PARENT', '/dashboard/system/basics/editor.php', 0, NULL, 0, 1, 0, 4, 60, 0, 0, -1, '0', 0, 1),
(66, 0, 0, 1, 0, NULL, NULL, NULL, 1, 2, 'PARENT', '/dashboard/system/basics/multilingual/view.php', 0, NULL, 0, 1, 0, 5, 60, 0, 0, -1, '0', 0, 1),
(67, 0, 0, 1, 0, NULL, NULL, NULL, 1, 2, 'PARENT', '/dashboard/system/basics/timezone.php', 0, NULL, 0, 1, 0, 6, 60, 0, 0, -1, '0', 0, 1),
(68, 0, 0, 1, 0, NULL, NULL, NULL, 1, 2, 'PARENT', '/dashboard/system/multilingual/view.php', 0, NULL, 0, 1, 4, 1, 59, 0, 0, -1, '0', 0, 1),
(69, 0, 0, 1, 0, NULL, NULL, NULL, 1, 2, 'PARENT', '/dashboard/system/multilingual/setup.php', 0, NULL, 0, 1, 0, 0, 68, 0, 0, -1, '0', 0, 1),
(70, 0, 0, 1, 0, NULL, NULL, NULL, 1, 2, 'PARENT', '/dashboard/system/multilingual/copy.php', 0, NULL, 0, 1, 0, 1, 68, 0, 0, -1, '0', 0, 1),
(71, 0, 0, 1, 0, NULL, NULL, NULL, 1, 2, 'PARENT', '/dashboard/system/multilingual/page_report.php', 0, NULL, 0, 1, 0, 2, 68, 0, 0, -1, '0', 0, 1),
(72, 0, 0, 1, 0, NULL, NULL, NULL, 1, 2, 'PARENT', '/dashboard/system/multilingual/translate_interface.php', 0, NULL, 0, 1, 0, 3, 68, 0, 0, -1, '0', 0, 1),
(73, 0, 0, 1, 0, NULL, NULL, NULL, 1, 2, 'PARENT', '/dashboard/system/seo/view.php', 0, NULL, 0, 1, 5, 2, 59, 0, 0, -1, '0', 0, 1),
(74, 0, 0, 1, 0, NULL, NULL, NULL, 1, 2, 'PARENT', '/dashboard/system/seo/urls.php', 0, NULL, 0, 1, 0, 0, 73, 0, 0, -1, '0', 0, 1),
(75, 0, 0, 1, 0, NULL, NULL, NULL, 1, 2, 'PARENT', '/dashboard/system/seo/bulk.php', 0, NULL, 0, 1, 0, 1, 73, 0, 0, -1, '0', 0, 1),
(76, 0, 0, 1, 0, NULL, NULL, NULL, 1, 2, 'PARENT', '/dashboard/system/seo/codes.php', 0, NULL, 0, 1, 0, 2, 73, 0, 0, -1, '0', 0, 1),
(77, 0, 0, 1, 0, NULL, NULL, NULL, 1, 2, 'PARENT', '/dashboard/system/seo/excluded.php', 0, NULL, 0, 1, 0, 3, 73, 0, 0, -1, '0', 0, 1),
(78, 0, 0, 1, 0, NULL, NULL, NULL, 1, 2, 'PARENT', '/dashboard/system/seo/searchindex.php', 0, NULL, 0, 1, 0, 4, 73, 0, 0, -1, '0', 0, 1),
(79, 0, 0, 1, 0, NULL, NULL, NULL, 1, 2, 'PARENT', '/dashboard/system/files/view.php', 0, NULL, 0, 1, 5, 3, 59, 0, 0, -1, '0', 0, 1),
(80, 0, 0, 1, 0, NULL, NULL, NULL, 1, 2, 'PARENT', '/dashboard/system/files/permissions.php', 0, NULL, 0, 1, 0, 0, 79, 0, 0, -1, '0', 0, 1),
(81, 0, 0, 1, 0, NULL, NULL, NULL, 1, 2, 'PARENT', '/dashboard/system/files/filetypes.php', 0, NULL, 0, 1, 0, 1, 79, 0, 0, -1, '0', 0, 1),
(82, 0, 0, 1, 0, NULL, NULL, NULL, 1, 2, 'PARENT', '/dashboard/system/files/thumbnails.php', 0, NULL, 0, 1, 0, 2, 79, 0, 0, -1, '0', 0, 1),
(83, 0, 0, 1, 0, NULL, NULL, NULL, 1, 2, 'PARENT', '/dashboard/system/files/image_uploading.php', 0, NULL, 0, 1, 0, 3, 79, 0, 0, -1, '0', 0, 1),
(84, 0, 0, 1, 0, NULL, NULL, NULL, 1, 2, 'PARENT', '/dashboard/system/files/storage.php', 0, NULL, 0, 1, 0, 4, 79, 0, 0, -1, '0', 0, 1),
(85, 0, 0, 1, 0, NULL, NULL, NULL, 1, 2, 'PARENT', '/dashboard/system/optimization/view.php', 0, NULL, 0, 1, 4, 4, 59, 0, 0, -1, '0', 0, 1),
(86, 0, 0, 1, 0, NULL, NULL, NULL, 1, 2, 'PARENT', '/dashboard/system/optimization/cache.php', 0, NULL, 0, 1, 0, 0, 85, 0, 0, -1, '0', 0, 1),
(87, 0, 0, 1, 0, NULL, NULL, NULL, 1, 2, 'PARENT', '/dashboard/system/optimization/clearcache.php', 0, NULL, 0, 1, 0, 1, 85, 0, 0, -1, '0', 0, 1),
(88, 0, 0, 1, 0, NULL, NULL, NULL, 1, 2, 'PARENT', '/dashboard/system/optimization/jobs.php', 0, NULL, 0, 1, 0, 2, 85, 0, 0, -1, '0', 0, 1),
(89, 0, 0, 1, 0, NULL, NULL, NULL, 1, 2, 'PARENT', '/dashboard/system/optimization/query_log.php', 0, NULL, 0, 1, 0, 3, 85, 0, 0, -1, '0', 0, 1),
(90, 0, 0, 1, 0, NULL, NULL, NULL, 1, 2, 'PARENT', '/dashboard/system/permissions/view.php', 0, NULL, 0, 1, 8, 5, 59, 0, 0, -1, '0', 0, 1),
(91, 0, 0, 1, 0, NULL, NULL, NULL, 1, 2, 'PARENT', '/dashboard/system/permissions/site.php', 0, NULL, 0, 1, 0, 0, 90, 0, 0, -1, '0', 0, 1),
(92, 0, 0, 1, 0, NULL, NULL, NULL, 1, 2, 'PARENT', '/dashboard/system/permissions/tasks.php', 0, NULL, 0, 1, 0, 1, 90, 0, 0, -1, '0', 0, 1),
(93, 0, 0, 1, 0, NULL, NULL, NULL, 1, 2, 'PARENT', '/dashboard/system/permissions/users.php', 0, NULL, 0, 1, 0, 2, 90, 0, 0, -1, '0', 0, 1),
(94, 0, 0, 1, 0, NULL, NULL, NULL, 1, 2, 'PARENT', '/dashboard/system/permissions/advanced.php', 0, NULL, 0, 1, 0, 3, 90, 0, 0, -1, '0', 0, 1),
(95, 0, 0, 1, 0, NULL, NULL, NULL, 1, 2, 'PARENT', '/dashboard/system/permissions/blacklist.php', 0, NULL, 0, 1, 0, 4, 90, 0, 0, -1, '0', 0, 1),
(96, 0, 0, 1, 0, NULL, NULL, NULL, 1, 2, 'PARENT', '/dashboard/system/permissions/captcha.php', 0, NULL, 0, 1, 0, 5, 90, 0, 0, -1, '0', 0, 1),
(97, 0, 0, 1, 0, NULL, NULL, NULL, 1, 2, 'PARENT', '/dashboard/system/permissions/antispam.php', 0, NULL, 0, 1, 0, 6, 90, 0, 0, -1, '0', 0, 1),
(98, 0, 0, 1, 0, NULL, NULL, NULL, 1, 2, 'PARENT', '/dashboard/system/permissions/maintenance.php', 0, NULL, 0, 1, 0, 7, 90, 0, 0, -1, '0', 0, 1),
(99, 0, 0, 1, 0, NULL, NULL, NULL, 1, 2, 'PARENT', '/dashboard/system/registration/view.php', 0, NULL, 0, 1, 4, 6, 59, 0, 0, -1, '0', 0, 1),
(100, 0, 0, 1, 0, NULL, NULL, NULL, 1, 2, 'PARENT', '/dashboard/system/registration/postlogin.php', 0, NULL, 0, 1, 0, 0, 99, 0, 0, -1, '0', 0, 1),
(101, 0, 0, 1, 0, NULL, NULL, NULL, 1, 2, 'PARENT', '/dashboard/system/registration/profiles.php', 0, NULL, 0, 1, 0, 1, 99, 0, 0, -1, '0', 0, 1),
(102, 0, 0, 1, 0, NULL, NULL, NULL, 1, 2, 'PARENT', '/dashboard/system/registration/open.php', 0, NULL, 0, 1, 0, 2, 99, 0, 0, -1, '0', 0, 1),
(103, 0, 0, 1, 0, NULL, NULL, NULL, 1, 2, 'PARENT', '/dashboard/system/registration/authentication.php', 0, NULL, 0, 1, 0, 3, 99, 0, 0, -1, '0', 0, 1),
(104, 0, 0, 1, 0, NULL, NULL, NULL, 1, 2, 'PARENT', '/dashboard/system/mail/view.php', 0, NULL, 0, 1, 2, 7, 59, 0, 0, -1, '0', 0, 1),
(105, 0, 0, 1, 0, NULL, NULL, NULL, 1, 2, 'PARENT', '/dashboard/system/mail/method.php', 0, NULL, 0, 1, 1, 0, 104, 0, 0, -1, '0', 0, 1),
(106, 0, 0, 1, 0, NULL, NULL, NULL, 1, 2, 'PARENT', '/dashboard/system/mail/method/test.php', 0, NULL, 0, 1, 0, 0, 105, 0, 0, -1, '0', 0, 1),
(107, 0, 0, 1, 0, NULL, NULL, NULL, 1, 2, 'PARENT', '/dashboard/system/mail/importers.php', 0, NULL, 0, 1, 0, 1, 104, 0, 0, -1, '0', 0, 1),
(108, 0, 0, 1, 0, NULL, NULL, NULL, 1, 2, 'PARENT', '/dashboard/system/conversations/view.php', 0, NULL, 0, 1, 4, 8, 59, 0, 0, -1, '0', 0, 1),
(109, 0, 0, 1, 0, NULL, NULL, NULL, 1, 2, 'PARENT', '/dashboard/system/conversations/settings.php', 0, NULL, 0, 1, 0, 0, 108, 0, 0, -1, '0', 0, 1),
(110, 0, 0, 1, 0, NULL, NULL, NULL, 1, 2, 'PARENT', '/dashboard/system/conversations/points.php', 0, NULL, 0, 1, 0, 1, 108, 0, 0, -1, '0', 0, 1),
(111, 0, 0, 1, 0, NULL, NULL, NULL, 1, 2, 'PARENT', '/dashboard/system/conversations/bannedwords.php', 0, NULL, 0, 1, 0, 2, 108, 0, 0, -1, '0', 0, 1),
(112, 0, 0, 1, 0, NULL, NULL, NULL, 1, 2, 'PARENT', '/dashboard/system/conversations/permissions.php', 0, NULL, 0, 1, 0, 3, 108, 0, 0, -1, '0', 0, 1),
(113, 0, 0, 1, 0, NULL, NULL, NULL, 1, 2, 'PARENT', '/dashboard/system/attributes/view.php', 0, NULL, 0, 1, 3, 9, 59, 0, 0, -1, '0', 0, 1),
(114, 0, 0, 1, 0, NULL, NULL, NULL, 1, 2, 'PARENT', '/dashboard/system/attributes/sets.php', 0, NULL, 0, 1, 0, 0, 113, 0, 0, -1, '0', 0, 1),
(115, 0, 0, 1, 0, NULL, NULL, NULL, 1, 2, 'PARENT', '/dashboard/system/attributes/types.php', 0, NULL, 0, 1, 0, 1, 113, 0, 0, -1, '0', 0, 1),
(116, 0, 0, 1, 0, NULL, NULL, NULL, 1, 2, 'PARENT', '/dashboard/system/attributes/topics/view.php', 0, NULL, 0, 1, 1, 2, 113, 0, 0, -1, '0', 0, 1),
(117, 0, 0, 1, 0, NULL, NULL, NULL, 1, 2, 'PARENT', '/dashboard/system/attributes/topics/add.php', 0, NULL, 0, 1, 0, 0, 116, 0, 0, -1, '0', 0, 1),
(118, 0, 0, 1, 0, NULL, NULL, NULL, 1, 2, 'PARENT', '/dashboard/system/environment/view.php', 0, NULL, 0, 1, 5, 10, 59, 0, 0, -1, '0', 0, 1),
(119, 0, 0, 1, 0, NULL, NULL, NULL, 1, 2, 'PARENT', '/dashboard/system/environment/info.php', 0, NULL, 0, 1, 0, 0, 118, 0, 0, -1, '0', 0, 1),
(120, 0, 0, 1, 0, NULL, NULL, NULL, 1, 2, 'PARENT', '/dashboard/system/environment/debug.php', 0, NULL, 0, 1, 0, 1, 118, 0, 0, -1, '0', 0, 1),
(121, 0, 0, 1, 0, NULL, NULL, NULL, 1, 2, 'PARENT', '/dashboard/system/environment/logging.php', 0, NULL, 0, 1, 0, 2, 118, 0, 0, -1, '0', 0, 1),
(122, 0, 0, 1, 0, NULL, NULL, NULL, 1, 2, 'PARENT', '/dashboard/system/environment/proxy.php', 0, NULL, 0, 1, 0, 3, 118, 0, 0, -1, '0', 0, 1),
(123, 0, 0, 1, 0, NULL, NULL, NULL, 1, 2, 'PARENT', '/dashboard/system/environment/entities.php', 0, NULL, 0, 1, 0, 4, 118, 0, 0, -1, '0', 0, 1),
(124, 0, 0, 1, 0, NULL, NULL, NULL, 1, 2, 'PARENT', '/dashboard/system/backup/view.php', 0, NULL, 0, 1, 2, 11, 59, 0, 0, -1, '0', 0, 1),
(125, 0, 0, 1, 0, NULL, NULL, NULL, 1, 2, 'PARENT', '/dashboard/system/backup/backup.php', 0, NULL, 0, 1, 0, 0, 124, 0, 0, -1, '0', 0, 1),
(126, 0, 0, 1, 0, NULL, NULL, NULL, 1, 2, 'PARENT', '/dashboard/system/backup/update.php', 0, NULL, 0, 1, 0, 1, 124, 0, 0, -1, '0', 0, 1),
(127, 0, 0, 1, 0, NULL, NULL, NULL, 1, 2, 'PARENT', NULL, 0, NULL, 0, 1, 0, 11, 2, 0, 0, -1, '0', 0, 1),
(128, 0, 0, 1, 0, NULL, NULL, NULL, 1, 2, 'PARENT', NULL, 0, NULL, 0, 1, 0, 12, 2, 0, 0, -1, '0', 0, 1),
(129, 0, 0, 1, 0, NULL, NULL, NULL, 1, 129, 'OVERRIDE', '/!drafts/view.php', 0, NULL, 0, 1, 1, 0, 0, 0, 0, -1, '0', 0, 1),
(130, 0, 0, 1, 0, NULL, NULL, NULL, 1, 1, 'PARENT', '/!trash/view.php', 0, NULL, 0, 1, 22, 0, 0, 0, 0, -1, '0', 0, 1),
(131, 0, 0, 1, 0, NULL, NULL, NULL, 1, 1, 'PARENT', '/!stacks/view.php', 0, NULL, 0, 1, 11, 0, 0, 0, 0, -1, '0', 0, 1),
(132, 0, 0, 1, 0, NULL, NULL, NULL, 1, 132, 'OVERRIDE', '/login.php', 0, NULL, 0, 1, 0, 0, 0, 0, 0, -1, '0', 0, 1),
(133, 0, 0, 1, 0, NULL, NULL, NULL, 1, 133, 'OVERRIDE', '/register.php', 0, NULL, 0, 1, 0, 0, 0, 0, 0, -1, '0', 0, 1),
(134, 0, 0, 1, 0, NULL, NULL, NULL, 1, 1, 'PARENT', '/account/view.php', 0, NULL, 0, 1, 3, 0, 0, 0, 0, -1, '0', 0, 1),
(135, 0, 0, 1, 0, NULL, NULL, NULL, 1, 1, 'PARENT', '/account/edit_profile.php', 0, NULL, 0, 1, 0, 0, 134, 0, 0, -1, '0', 0, 1),
(136, 0, 0, 1, 0, NULL, NULL, NULL, 1, 1, 'PARENT', '/account/avatar.php', 0, NULL, 0, 1, 0, 1, 134, 0, 0, -1, '0', 0, 1),
(137, 0, 0, 1, 0, NULL, NULL, NULL, 1, 1, 'PARENT', '/account/messages/view.php', 0, NULL, 0, 1, 1, 2, 134, 0, 0, -1, '0', 0, 1),
(138, 0, 0, 1, 0, NULL, NULL, NULL, 1, 1, 'PARENT', '/account/messages/inbox.php', 0, NULL, 0, 1, 0, 0, 137, 0, 0, -1, '0', 0, 1),
(139, 0, 0, 1, 0, NULL, NULL, NULL, 1, 1, 'PARENT', '/members/view.php', 0, NULL, 0, 1, 2, 0, 1, 0, 0, -1, '0', 0, 1),
(140, 0, 0, 1, 0, NULL, NULL, NULL, 1, 1, 'PARENT', '/members/profile.php', 0, NULL, 0, 1, 0, 0, 139, 0, 0, -1, '0', 0, 1),
(141, 0, 0, 1, 0, NULL, NULL, NULL, 1, 1, 'PARENT', '/members/directory.php', 0, NULL, 0, 1, 0, 1, 139, 0, 0, -1, '0', 0, 1),
(142, 0, 0, 1, 0, NULL, NULL, NULL, 1, 1, 'PARENT', '/page_not_found.php', 0, NULL, 0, 1, 0, 1, 0, 0, 0, -1, '0', 0, 1),
(143, 0, 0, 1, 0, NULL, NULL, NULL, 1, 1, 'PARENT', '/page_forbidden.php', 0, NULL, 0, 1, 0, 1, 0, 0, 0, -1, '0', 0, 1),
(144, 0, 0, 1, 0, NULL, NULL, NULL, 1, 1, 'PARENT', '/download_file.php', 0, NULL, 0, 1, 0, 1, 1, 0, 0, -1, '0', 0, 1),
(145, 1, 0, 1, 0, NULL, NULL, NULL, 1, 1, 'PARENT', NULL, 0, NULL, 0, 1, 0, 0, 131, 0, 0, -1, '0', 0, 1),
(146, 1, 0, 1, 0, NULL, NULL, NULL, 1, 1, 'PARENT', NULL, 0, NULL, 0, 1, 0, 1, 131, 0, 0, -1, '0', 0, 1),
(147, 1, 0, 1, 0, NULL, NULL, NULL, 1, 1, 'PARENT', NULL, 0, NULL, 0, 1, 0, 2, 131, 0, 0, -1, '0', 0, 1),
(148, 1, 0, 1, 0, NULL, NULL, NULL, 1, 1, 'PARENT', NULL, 0, NULL, 0, 1, 0, 3, 131, 0, 0, -1, '0', 0, 1),
(149, 1, 0, 1, 0, NULL, NULL, NULL, 1, 1, 'PARENT', NULL, 0, NULL, 0, 1, 0, 4, 131, 0, 0, -1, '0', 0, 1),
(150, 1, 0, 1, 0, NULL, NULL, NULL, 1, 1, 'PARENT', NULL, 0, NULL, 0, 1, 0, 5, 131, 0, 0, -1, '0', 0, 1),
(151, 1, 0, 1, 0, NULL, NULL, NULL, 1, 1, 'PARENT', NULL, 0, NULL, 0, 1, 0, 6, 131, 0, 0, -1, '0', 0, 1),
(152, 1, 0, 1, 0, NULL, NULL, NULL, 1, 1, 'PARENT', NULL, 0, NULL, 0, 1, 0, 7, 131, 0, 0, -1, '0', 0, 1),
(153, 6, 1, NULL, 0, NULL, NULL, NULL, 1, 153, 'OVERRIDE', NULL, 0, NULL, 0, 1, 0, 0, 0, 0, 0, -1, '0', 0, 0),
(154, 6, 0, 1, 0, NULL, NULL, NULL, 1, 1, 'PARENT', NULL, 0, NULL, 0, 0, 0, 3, 130, 0, 0, -1, '0', 0, 1),
(155, 11, 1, NULL, 0, NULL, NULL, NULL, 1, 155, 'OVERRIDE', NULL, 0, NULL, 0, 1, 0, 0, 0, 0, 0, -1, '0', 0, 0),
(156, 11, 0, 1, 0, NULL, NULL, NULL, 1, 1, 'PARENT', NULL, 0, NULL, 0, 0, 6, 4, 130, 0, 0, -1, '0', 0, 1),
(157, 6, 0, 1, 0, NULL, NULL, NULL, 1, 1, 'PARENT', NULL, 0, NULL, 0, 0, 3, 5, 130, 0, 0, -1, '0', 0, 1),
(158, 10, 1, NULL, 0, NULL, NULL, NULL, 1, 158, 'OVERRIDE', NULL, 0, NULL, 0, 1, 0, 0, 0, 0, 0, -1, '0', 0, 0),
(159, 10, 0, 1, 0, NULL, NULL, NULL, 1, 1, 'PARENT', NULL, 0, NULL, 0, 0, 3, 6, 130, 0, 0, -1, '0', 0, 1),
(160, 6, 0, 1, 0, NULL, NULL, NULL, 1, 1, 'PARENT', NULL, 0, NULL, 0, 0, 0, 7, 130, 0, 0, -1, '0', 0, 1),
(161, 6, 0, 1, 0, NULL, NULL, NULL, 1, 1, 'PARENT', NULL, 0, NULL, 0, 0, 0, 8, 130, 0, 0, -1, '0', 0, 1),
(162, 6, 0, 1, 0, NULL, NULL, NULL, 1, 1, 'PARENT', NULL, 0, NULL, 0, 0, 0, 9, 130, 0, 0, -1, '0', 0, 1),
(163, 9, 1, NULL, 0, NULL, NULL, NULL, 1, 163, 'OVERRIDE', NULL, 0, NULL, 0, 1, 0, 0, 0, 0, 0, -1, '0', 0, 0),
(164, 9, 0, 1, 0, NULL, NULL, NULL, 1, 1, 'PARENT', NULL, 0, NULL, 0, 0, 0, 0, 156, 0, 0, -1, '0', 0, 1),
(165, 9, 0, 1, 0, NULL, NULL, NULL, 1, 1, 'PARENT', NULL, 0, NULL, 0, 0, 0, 1, 156, 0, 0, -1, '0', 0, 1),
(166, 9, 0, 1, 0, NULL, NULL, NULL, 1, 1, 'PARENT', NULL, 0, NULL, 0, 0, 0, 2, 156, 0, 0, -1, '0', 0, 1),
(167, 9, 0, 1, 0, NULL, NULL, NULL, 1, 1, 'PARENT', NULL, 0, NULL, 0, 0, 0, 3, 156, 0, 0, -1, '0', 0, 1),
(168, 9, 0, 1, 0, NULL, NULL, NULL, 1, 1, 'PARENT', NULL, 0, NULL, 0, 0, 0, 4, 156, 0, 0, -1, '0', 0, 1),
(169, 9, 0, 1, 0, NULL, NULL, NULL, 1, 1, 'PARENT', NULL, 0, NULL, 0, 0, 0, 5, 156, 0, 0, -1, '0', 0, 1),
(170, 7, 1, NULL, 0, NULL, NULL, NULL, 1, 170, 'OVERRIDE', NULL, 0, NULL, 0, 1, 0, 0, 0, 0, 0, -1, '0', 0, 0),
(171, 7, 0, 1, 0, NULL, NULL, NULL, 1, 1, 'PARENT', NULL, 0, NULL, 0, 0, 0, 0, 159, 0, 0, -1, '0', 0, 1),
(172, 7, 0, 1, 0, NULL, NULL, NULL, 1, 1, 'PARENT', NULL, 0, NULL, 0, 0, 0, 1, 159, 0, 0, -1, '0', 0, 1),
(173, 7, 0, 1, 0, NULL, NULL, NULL, 1, 1, 'PARENT', NULL, 0, NULL, 0, 0, 0, 2, 159, 0, 0, -1, '0', 0, 1),
(174, 6, 0, 1, 0, NULL, NULL, NULL, 1, 1, 'PARENT', NULL, 0, NULL, 0, 0, 0, 0, 157, 0, 0, -1, '0', 0, 1),
(175, 6, 0, 1, 0, NULL, NULL, NULL, 1, 1, 'PARENT', NULL, 0, NULL, 0, 0, 2, 1, 157, 0, 0, -1, '0', 0, 1),
(176, 6, 0, 1, 0, NULL, NULL, NULL, 1, 1, 'PARENT', NULL, 0, NULL, 0, 0, 0, 2, 157, 0, 0, -1, '0', 0, 1),
(177, 8, 1, NULL, 0, NULL, NULL, NULL, 1, 177, 'OVERRIDE', NULL, 0, NULL, 0, 1, 0, 0, 0, 0, 0, -1, '0', 0, 0),
(178, 8, 0, 1, 0, NULL, NULL, NULL, 1, 1, 'PARENT', NULL, 0, NULL, 0, 0, 0, 0, 175, 0, 0, -1, '0', 0, 1),
(179, 8, 0, 1, 0, NULL, NULL, NULL, 1, 1, 'PARENT', NULL, 0, NULL, 0, 0, 0, 1, 175, 0, 0, -1, '0', 0, 1),
(180, 6, 1, NULL, 0, NULL, NULL, NULL, 1, 180, 'OVERRIDE', NULL, 0, NULL, 0, 1, 0, 0, 0, 0, 0, -1, '0', 0, 0),
(181, 6, 1, NULL, 0, NULL, NULL, NULL, 1, 181, 'OVERRIDE', NULL, 0, NULL, 0, 1, 0, 0, 0, 0, 0, -1, '0', 0, 0),
(182, 6, 1, NULL, 0, NULL, NULL, NULL, 1, 182, 'OVERRIDE', NULL, 0, NULL, 0, 1, 0, 0, 0, 0, 0, -1, '0', 0, 0),
(183, 1, 0, 1, 0, NULL, NULL, NULL, 1, 1, 'PARENT', NULL, 0, NULL, 0, 1, 0, 8, 131, 0, 0, -1, '0', 0, 1),
(201, 6, 1, NULL, 0, NULL, NULL, NULL, 1, 201, 'OVERRIDE', NULL, 0, NULL, 0, 1, 0, 0, 0, 0, 0, -1, '0', 0, 0),
(202, 6, 1, NULL, 0, NULL, NULL, NULL, 1, 202, 'OVERRIDE', NULL, 0, NULL, 0, 1, 0, 0, 0, 0, 0, -1, '0', 0, 0),
(203, 6, 0, 1, 0, NULL, NULL, NULL, 1, 1, 'PARENT', NULL, 0, NULL, 0, 1, 4, 0, 1, 0, 1, -1, '0', 0, 0),
(204, 6, 0, 1, 0, NULL, NULL, NULL, 1, 1, 'PARENT', NULL, 0, NULL, 0, 0, 0, 13, 130, 0, 1, -1, '0', 0, 1),
(205, 6, 0, 1, 0, NULL, NULL, NULL, 1, 1, 'PARENT', NULL, 0, NULL, 0, 0, 0, 12, 130, 0, 1, -1, '0', 0, 1),
(206, 6, 0, 1, 0, NULL, NULL, NULL, 1, 1, 'PARENT', NULL, 0, NULL, 0, 0, 0, 14, 130, 0, 1, -1, '0', 0, 1),
(207, 6, 0, 1, 0, NULL, NULL, NULL, 1, 1, 'PARENT', NULL, 0, NULL, 0, 0, 0, 10, 130, 0, 1, -1, '0', 0, 1),
(208, 6, 0, 1, 0, NULL, NULL, NULL, 1, 1, 'PARENT', NULL, 0, NULL, 0, 0, 0, 11, 130, 0, 1, -1, '0', 0, 1),
(209, 6, 0, 1, 0, NULL, NULL, NULL, 1, 1, 'PARENT', NULL, 0, NULL, 0, 0, 0, 18, 130, 0, 1, -1, '0', 0, 1),
(210, 6, 0, 1, 0, NULL, NULL, NULL, 1, 1, 'PARENT', NULL, 0, NULL, 0, 0, 0, 19, 130, 0, 1, -1, '0', 0, 1),
(211, 6, 0, 1, 0, NULL, NULL, NULL, 1, 1, 'PARENT', NULL, 0, NULL, 0, 1, 7, 3, 1, 0, 1, -1, '0', 0, 0),
(212, 6, 0, 1, 0, NULL, NULL, NULL, 1, 1, 'PARENT', NULL, 0, NULL, 0, 1, 0, 1, 211, 0, 211, -1, '0', 0, 0),
(213, 6, 0, 1, 0, NULL, NULL, NULL, 1, 1, 'PARENT', NULL, 0, NULL, 0, 1, 0, 2, 211, 0, 211, -1, '0', 0, 0),
(214, 6, 0, 1, 0, NULL, NULL, NULL, 1, 1, 'PARENT', NULL, 0, NULL, 0, 1, 0, 3, 211, 0, 211, -1, '0', 0, 0),
(215, 6, 0, 1, 0, NULL, NULL, NULL, 1, 1, 'PARENT', NULL, 0, NULL, 0, 1, 0, 4, 211, 0, 211, -1, '0', 0, 0),
(216, 6, 0, 1, 0, NULL, NULL, NULL, 1, 1, 'PARENT', NULL, 0, NULL, 0, 1, 0, 5, 211, 0, 211, -1, '0', 0, 0),
(217, 6, 0, 1, 0, NULL, NULL, NULL, 1, 1, 'PARENT', NULL, 0, NULL, 0, 1, 0, 6, 211, 0, 211, -1, '0', 0, 0),
(218, 6, 0, 1, 0, NULL, NULL, NULL, 1, 1, 'PARENT', NULL, 0, NULL, 0, 1, 0, 7, 211, 0, 211, -1, '0', 0, 0),
(219, 6, 0, 1, 0, NULL, NULL, NULL, 1, 1, 'PARENT', NULL, 0, NULL, 0, 0, 0, 15, 130, 0, 211, -1, '0', 0, 1),
(220, 1, 0, 1, 0, NULL, NULL, NULL, 1, 1, 'PARENT', NULL, 0, NULL, 0, 1, 0, 9, 131, 0, 0, -1, '0', 0, 1),
(221, 1, 0, 1, 0, NULL, NULL, NULL, 1, 1, 'PARENT', NULL, 0, NULL, 0, 1, 0, 10, 131, 0, 0, -1, '0', 0, 1),
(222, 6, 0, 1, 0, NULL, NULL, NULL, 1, 1, 'PARENT', NULL, 0, NULL, 0, 0, 0, 16, 130, 0, 1, -1, '0', 0, 1),
(223, 6, 0, 1, 0, NULL, NULL, NULL, 1, 1, 'PARENT', NULL, 0, NULL, 0, 0, 0, 17, 130, 0, 1, -1, '0', 0, 1),
(224, 6, 0, 1, 0, NULL, NULL, NULL, 1, 1, 'PARENT', NULL, 0, NULL, 0, 0, 0, 20, 130, 0, 1, -1, '0', 0, 1),
(225, 6, 0, 1, 0, NULL, NULL, NULL, 1, 1, 'PARENT', NULL, 0, NULL, 0, 1, 7, 6, 1, 0, 1, -1, '0', 0, 0),
(226, 6, 0, 1, 0, NULL, NULL, NULL, 1, 1, 'PARENT', NULL, 0, NULL, 0, 0, 0, 22, 130, 0, 1, -1, '0', 0, 1),
(227, 6, 0, 1, 0, NULL, NULL, NULL, 1, 1, 'PARENT', NULL, 0, NULL, 0, 0, 0, 21, 130, 0, 1, -1, '0', 0, 1),
(228, 6, 0, 1, 0, NULL, NULL, NULL, 1, 1, 'PARENT', NULL, 0, NULL, 0, 1, 1, 4, 1, 0, 1, -1, '0', 0, 0),
(229, 6, 0, 1, 0, NULL, NULL, NULL, 1, 1, 'PARENT', NULL, 0, NULL, 0, 1, 0, 1, 228, 0, 228, -1, '0', 0, 0),
(230, 6, 0, 1, 0, NULL, NULL, NULL, 1, 129, 'PARENT', NULL, 0, NULL, 0, 0, 0, 0, 129, 0, 1, -1, '0', 0, 1),
(231, 6, 0, 1, 0, NULL, NULL, NULL, 1, 1, 'PARENT', NULL, 0, NULL, 0, 1, 0, 1, 1, 0, 1, -1, '0', 0, 0),
(232, 0, 0, 1, 0, NULL, NULL, NULL, 1, 1, 'PARENT', NULL, 0, 'http://aartsenfruit-kids-foundation.dev/initiatieven/stoere-traktaties', 0, 1, 0, 2, 1, 0, 0, -1, '0', 0, 0),
(233, 6, 1, NULL, 0, NULL, NULL, NULL, 1, 233, 'OVERRIDE', NULL, 0, NULL, 0, 1, 0, 0, 0, 0, 0, -1, '0', 0, 0),
(234, 6, 0, 1, 0, NULL, NULL, NULL, 1, 1, 'PARENT', NULL, 0, NULL, 0, 0, 0, 23, 130, 0, 203, -1, '0', 0, 1),
(235, 6, 0, 1, 0, NULL, NULL, NULL, 1, 1, 'PARENT', NULL, 0, NULL, 0, 0, 0, 24, 130, 0, 203, -1, '0', 0, 1),
(236, 6, 0, 1, 0, NULL, NULL, NULL, 1, 1, 'PARENT', NULL, 0, NULL, 0, 1, 0, 4, 203, 0, 203, -1, '0', 0, 0),
(237, 6, 0, 1, 0, NULL, NULL, NULL, 1, 1, 'PARENT', NULL, 0, NULL, 0, 1, 0, 5, 203, 0, 203, -1, '0', 0, 0),
(238, 6, 1, NULL, 0, NULL, NULL, NULL, 1, 238, 'OVERRIDE', NULL, 0, NULL, 0, 1, 0, 0, 0, 0, 0, -1, '0', 0, 0),
(239, 6, 0, 1, 0, NULL, NULL, NULL, 1, 1, 'PARENT', NULL, 0, NULL, 0, 1, 0, 2, 225, 0, 225, -1, '0', 0, 0),
(240, 6, 0, 1, 0, NULL, NULL, NULL, 1, 1, 'PARENT', NULL, 0, NULL, 0, 1, 0, 3, 225, 0, 225, -1, '0', 0, 0),
(241, 6, 0, 1, 0, NULL, NULL, NULL, 1, 1, 'PARENT', NULL, 0, NULL, 0, 1, 0, 4, 225, 0, 225, -1, '0', 0, 0),
(242, 6, 0, 1, 0, NULL, NULL, NULL, 1, 1, 'PARENT', NULL, 0, NULL, 0, 1, 0, 5, 225, 0, 225, -1, '0', 0, 0),
(243, 6, 0, 1, 0, NULL, NULL, NULL, 1, 1, 'PARENT', NULL, 0, NULL, 0, 1, 0, 6, 225, 0, 225, -1, '0', 0, 0),
(244, 6, 0, 1, 0, NULL, NULL, NULL, 1, 1, 'PARENT', NULL, 0, NULL, 0, 1, 0, 7, 225, 0, 225, -1, '0', 0, 0),
(245, 6, 0, 1, 0, NULL, NULL, NULL, 1, 1, 'PARENT', NULL, 0, NULL, 0, 1, 0, 8, 225, 0, 225, -1, '0', 0, 0),
(246, 6, 0, 1, 0, NULL, NULL, NULL, 1, 1, 'PARENT', NULL, 0, NULL, 0, 1, 0, 6, 203, 0, 203, -1, '0', 0, 0),
(247, 6, 0, 1, 0, NULL, NULL, NULL, 1, 1, 'PARENT', NULL, 0, NULL, 0, 1, 0, 7, 203, 0, 203, -1, '0', 0, 0),
(248, 6, 0, 1, 0, NULL, NULL, NULL, 1, 1, 'PARENT', NULL, 0, NULL, 0, 1, 2, 5, 1, 0, 1, -1, '0', 0, 0),
(249, 6, 0, 1, 0, NULL, NULL, NULL, 1, 1, 'PARENT', NULL, 0, NULL, 0, 1, 0, 2, 248, 0, 248, -1, '0', 0, 0),
(250, 6, 0, 1, 0, NULL, NULL, NULL, 1, 1, 'PARENT', NULL, 0, NULL, 0, 1, 0, 3, 248, 0, 248, -1, '0', 0, 0);

-- --------------------------------------------------------

--
-- Tabelstructuur voor tabel `PageSearchIndex`
--

CREATE TABLE `PageSearchIndex` (
  `cID` int(10) UNSIGNED NOT NULL DEFAULT '0',
  `content` longtext COLLATE utf8_unicode_ci,
  `cName` varchar(255) COLLATE utf8_unicode_ci DEFAULT NULL,
  `cDescription` text COLLATE utf8_unicode_ci,
  `cPath` text COLLATE utf8_unicode_ci,
  `cDatePublic` datetime DEFAULT NULL,
  `cDateLastIndexed` datetime DEFAULT NULL,
  `cDateLastSitemapped` datetime DEFAULT NULL,
  `cRequiresReindex` tinyint(1) DEFAULT '0'
) ENGINE=MyISAM DEFAULT CHARSET=utf8 COLLATE=utf8_unicode_ci;

--
-- Gegevens worden geëxporteerd voor tabel `PageSearchIndex`
--

INSERT INTO `PageSearchIndex` (`cID`, `content`, `cName`, `cDescription`, `cPath`, `cDatePublic`, `cDateLastIndexed`, `cDateLastSitemapped`, `cRequiresReindex`) VALUES
(2, '', 'Dashboard', '', '/dashboard', '2017-02-22 09:43:47', '2017-02-22 09:43:55', NULL, 0),
(3, '', 'Sitemap', 'Whole world at a glance.', '/dashboard/sitemap', '2017-02-22 09:43:48', '2017-02-22 09:43:55', NULL, 0),
(4, '', 'Full Sitemap', '', '/dashboard/sitemap/full', '2017-02-22 09:43:48', '2017-02-22 09:43:55', NULL, 0),
(5, '', 'Flat View', '', '/dashboard/sitemap/explore', '2017-02-22 09:43:48', '2017-02-22 09:43:55', NULL, 0),
(6, '', 'Page Search', '', '/dashboard/sitemap/search', '2017-02-22 09:43:48', '2017-02-22 09:43:55', NULL, 0),
(8, '', 'File Manager', '', '/dashboard/files/search', '2017-02-22 09:43:48', '2017-02-22 09:43:55', NULL, 0),
(9, '', 'Attributes', '', '/dashboard/files/attributes', '2017-02-22 09:43:48', '2017-02-22 09:43:55', NULL, 0),
(10, '', 'File Sets', '', '/dashboard/files/sets', '2017-02-22 09:43:48', '2017-02-22 09:43:55', NULL, 0),
(11, '', 'Add File Set', '', '/dashboard/files/add_set', '2017-02-22 09:43:48', '2017-02-22 09:43:55', NULL, 0),
(12, '', 'Members', 'Add and manage the user accounts and groups on your website.', '/dashboard/users', '2017-02-22 09:43:48', '2017-02-22 09:43:56', NULL, 0),
(13, '', 'Search Users', '', '/dashboard/users/search', '2017-02-22 09:43:48', '2017-02-22 09:43:56', NULL, 0),
(14, '', 'User Groups', '', '/dashboard/users/groups', '2017-02-22 09:43:48', '2017-02-22 09:43:56', NULL, 0),
(15, '', 'Attributes', '', '/dashboard/users/attributes', '2017-02-22 09:43:48', '2017-02-22 09:43:56', NULL, 0),
(16, '', 'Add User', '', '/dashboard/users/add', '2017-02-22 09:43:48', '2017-02-22 09:43:56', NULL, 0),
(17, '', 'Add Group', '', '/dashboard/users/add_group', '2017-02-22 09:43:48', '2017-02-22 09:43:56', NULL, 0),
(19, '', 'Group Sets', '', '/dashboard/users/group_sets', '2017-02-22 09:43:48', '2017-02-22 09:43:56', NULL, 0),
(20, '', 'Community Points', NULL, '/dashboard/users/points', '2017-02-22 09:43:49', '2017-02-22 09:43:56', NULL, 0),
(22, '', 'Actions', NULL, '/dashboard/users/points/actions', '2017-02-22 09:43:49', '2017-02-22 09:43:56', NULL, 0),
(23, '', 'Reports', 'Get data from forms and logs.', '/dashboard/reports', '2017-02-22 09:43:49', '2017-02-22 09:43:56', NULL, 0),
(24, '', 'Form Results', 'Get submission data.', '/dashboard/reports/forms', '2017-02-22 09:43:49', '2017-02-22 09:43:56', NULL, 0),
(25, '', 'Surveys', '', '/dashboard/reports/surveys', '2017-02-22 09:43:49', '2017-02-22 09:43:56', NULL, 0),
(26, '', 'Logs', '', '/dashboard/reports/logs', '2017-02-22 09:43:49', '2017-02-22 09:43:56', NULL, 0),
(28, '', 'Themes', 'Reskin your site.', '/dashboard/pages/themes', '2017-02-22 09:43:49', '2017-02-22 09:43:56', NULL, 0),
(29, '', 'Inspect', '', '/dashboard/pages/themes/inspect', '2017-02-22 09:43:49', '2017-02-22 09:43:56', NULL, 0),
(31, '', 'Organize Page Type Order', '', '/dashboard/pages/types/organize', '2017-02-22 09:43:49', '2017-02-22 09:43:56', NULL, 0),
(32, '', 'Add Page Type', '', '/dashboard/pages/types/add', '2017-02-22 09:43:49', '2017-02-22 09:43:56', NULL, 0),
(33, '', 'Compose Form', '', '/dashboard/pages/types/form', '2017-02-22 09:43:49', '2017-02-22 09:43:56', NULL, 0),
(34, '', 'Defaults and Output', '', '/dashboard/pages/types/output', '2017-02-22 09:43:49', '2017-02-22 09:43:56', NULL, 0),
(35, '', 'Page Type Attributes', '', '/dashboard/pages/types/attributes', '2017-02-22 09:43:49', '2017-02-22 09:43:56', NULL, 0),
(36, '', 'Page Type Permissions', '', '/dashboard/pages/types/permissions', '2017-02-22 09:43:49', '2017-02-22 09:43:56', NULL, 0),
(38, '', 'Add Page Template', 'Add page templates to your site.', '/dashboard/pages/templates/add', '2017-02-22 09:43:49', '2017-02-22 09:43:56', NULL, 0),
(39, '', 'Attributes', '', '/dashboard/pages/attributes', '2017-02-22 09:43:49', '2017-02-22 09:43:56', NULL, 0),
(40, '', 'Single Pages', '', '/dashboard/pages/single', '2017-02-22 09:43:49', '2017-02-22 09:43:56', NULL, 0),
(41, '', 'RSS Feeds', '', '/dashboard/pages/feeds', '2017-02-22 09:43:49', '2017-02-22 09:43:56', NULL, 0),
(43, '', 'Messages', '', '/dashboard/conversations/messages', '2017-02-22 09:43:50', '2017-02-22 09:43:56', NULL, 0),
(44, '', 'Workflow', '', '/dashboard/workflow', '2017-02-22 09:43:50', '2017-02-22 09:43:56', NULL, 0),
(48, '', 'Stacks', 'Share content across your site.', '/dashboard/blocks/stacks', '2017-02-22 09:43:50', '2017-02-22 09:43:56', NULL, 0),
(50, '', 'Stack List', '', '/dashboard/blocks/stacks/list', '2017-02-22 09:43:50', '2017-02-22 09:43:56', NULL, 0),
(51, '', 'Block Types', 'Manage the installed block types in your site.', '/dashboard/blocks/types', '2017-02-22 09:43:50', '2017-02-22 09:43:56', NULL, 0),
(52, '', 'Extend concrete5', '', '/dashboard/extend', '2017-02-22 09:43:50', '2017-02-22 09:43:57', NULL, 0),
(53, '', 'Dashboard', '', '/dashboard/news', '2017-02-22 09:43:50', '2017-02-22 09:43:57', NULL, 0),
(54, '', 'Add Functionality', 'Install add-ons & themes.', '/dashboard/extend/install', '2017-02-22 09:43:50', '2017-02-22 09:43:57', NULL, 0),
(55, '', 'Update Add-Ons', 'Update your installed packages.', '/dashboard/extend/update', '2017-02-22 09:43:50', '2017-02-22 09:43:57', NULL, 0),
(56, '', 'Connect to the Community', 'Connect to the concrete5 community.', '/dashboard/extend/connect', '2017-02-22 09:43:50', '2017-02-22 09:43:57', NULL, 0),
(57, '', 'Get More Themes', 'Download themes from concrete5.org.', '/dashboard/extend/themes', '2017-02-22 09:43:50', '2017-02-22 09:43:57', NULL, 0),
(58, '', 'Get More Add-Ons', 'Download add-ons from concrete5.org.', '/dashboard/extend/addons', '2017-02-22 09:43:50', '2017-02-22 09:43:57', NULL, 0),
(59, '', 'System & Settings', 'Secure and setup your site.', '/dashboard/system', '2017-02-22 09:43:50', '2017-02-22 09:43:57', NULL, 0),
(61, '', 'Site Name', '', '/dashboard/system/basics/name', '2017-02-22 09:43:51', '2017-02-22 09:43:57', NULL, 0),
(62, '', 'Accessibility', '', '/dashboard/system/basics/accessibility', '2017-02-22 09:43:51', '2017-02-22 09:43:57', NULL, 0),
(63, '', 'Social Links', '', '/dashboard/system/basics/social', '2017-02-22 09:43:51', '2017-02-22 09:43:57', NULL, 0),
(64, '', 'Bookmark Icons', 'Bookmark icon and mobile home screen icon setup.', '/dashboard/system/basics/icons', '2017-02-22 09:43:51', '2017-02-22 09:43:57', NULL, 0),
(65, '', 'Rich Text Editor', '', '/dashboard/system/basics/editor', '2017-02-22 09:43:51', '2017-02-22 09:43:57', NULL, 0),
(66, '', 'Languages', '', '/dashboard/system/basics/multilingual', '2017-02-22 09:43:51', '2017-02-22 09:43:57', NULL, 0),
(67, '', 'Time Zone', '', '/dashboard/system/basics/timezone', '2017-02-22 09:43:51', '2017-02-22 09:43:57', NULL, 0),
(68, '', 'Multilingual', 'Run your site in multiple languages.', '/dashboard/system/multilingual', '2017-02-22 09:43:51', '2017-02-22 09:43:57', NULL, 0),
(74, '', 'URLs and Redirection', '', '/dashboard/system/seo/urls', '2017-02-22 09:43:51', '2017-02-22 09:43:57', NULL, 0),
(75, '', 'Bulk SEO Updater', '', '/dashboard/system/seo/bulk', '2017-02-22 09:43:51', '2017-02-22 09:43:57', NULL, 0),
(76, '', 'Tracking Codes', '', '/dashboard/system/seo/codes', '2017-02-22 09:43:51', '2017-02-22 09:43:57', NULL, 0),
(77, '', 'Excluded URL Word List', '', '/dashboard/system/seo/excluded', '2017-02-22 09:43:51', '2017-02-22 09:43:57', NULL, 0),
(78, '', 'Search Index', '', '/dashboard/system/seo/searchindex', '2017-02-22 09:43:51', '2017-02-22 09:43:57', NULL, 0),
(80, '', 'File Manager Permissions', '', '/dashboard/system/files/permissions', '2017-02-22 09:43:51', '2017-02-22 09:43:57', NULL, 0),
(81, '', 'Allowed File Types', '', '/dashboard/system/files/filetypes', '2017-02-22 09:43:51', '2017-02-22 09:43:57', NULL, 0),
(82, '', 'Thumbnails', '', '/dashboard/system/files/thumbnails', '2017-02-22 09:43:51', '2017-02-22 09:43:57', NULL, 0),
(83, '', 'Image Uploading', '', '/dashboard/system/files/image_uploading', '2017-02-22 09:43:52', '2017-02-22 09:43:57', NULL, 0),
(84, '', 'File Storage Locations', '', '/dashboard/system/files/storage', '2017-02-22 09:43:52', '2017-02-22 09:43:57', NULL, 0),
(86, '', 'Cache & Speed Settings', '', '/dashboard/system/optimization/cache', '2017-02-22 09:43:52', '2017-02-22 09:43:57', NULL, 0),
(87, '', 'Clear Cache', '', '/dashboard/system/optimization/clearcache', '2017-02-22 09:43:52', '2017-02-22 09:43:57', NULL, 0),
(88, '', 'Automated Jobs', '', '/dashboard/system/optimization/jobs', '2017-02-22 09:43:52', '2017-02-22 09:43:57', NULL, 0),
(89, '', 'Database Query Log', '', '/dashboard/system/optimization/query_log', '2017-02-22 09:43:52', '2017-02-22 09:43:57', NULL, 0),
(91, '', 'Site Access', '', '/dashboard/system/permissions/site', '2017-02-22 09:43:52', '2017-02-22 09:43:57', NULL, 0),
(92, '', 'Task Permissions', '', '/dashboard/system/permissions/tasks', '2017-02-22 09:43:52', '2017-02-22 09:43:57', NULL, 0),
(95, '', 'IP Blacklist', '', '/dashboard/system/permissions/blacklist', '2017-02-22 09:43:52', '2017-02-22 09:43:57', NULL, 0),
(96, '', 'Captcha Setup', '', '/dashboard/system/permissions/captcha', '2017-02-22 09:43:52', '2017-02-22 09:43:57', NULL, 0),
(97, '', 'Spam Control', '', '/dashboard/system/permissions/antispam', '2017-02-22 09:43:52', '2017-02-22 09:43:57', NULL, 0),
(98, '', 'Maintenance Mode', '', '/dashboard/system/permissions/maintenance', '2017-02-22 09:43:53', '2017-02-22 09:43:57', NULL, 0),
(100, '', 'Login Destination', '', '/dashboard/system/registration/postlogin', '2017-02-22 09:43:53', '2017-02-22 09:43:58', NULL, 0),
(101, '', 'Public Profiles', '', '/dashboard/system/registration/profiles', '2017-02-22 09:43:53', '2017-02-22 09:43:58', NULL, 0),
(102, '', 'Public Registration', '', '/dashboard/system/registration/open', '2017-02-22 09:43:53', '2017-02-22 09:43:58', NULL, 0),
(103, '', 'Authentication Types', '', '/dashboard/system/registration/authentication', '2017-02-22 09:43:53', '2017-02-22 09:43:58', NULL, 0),
(104, '', 'Email', 'Control how your site send and processes mail.', '/dashboard/system/mail', '2017-02-22 09:43:53', '2017-02-22 09:43:58', NULL, 0),
(105, '', 'SMTP Method', '', '/dashboard/system/mail/method', '2017-02-22 09:43:53', '2017-02-22 09:43:58', NULL, 0),
(106, '', 'Test Mail Settings', '', '/dashboard/system/mail/method/test', '2017-02-22 09:43:53', '2017-02-22 09:43:58', NULL, 0),
(107, '', 'Email Importers', '', '/dashboard/system/mail/importers', '2017-02-22 09:43:53', '2017-02-22 09:43:58', NULL, 0),
(108, '', 'Conversations', 'Manage your conversations settings', '/dashboard/system/conversations', '2017-02-22 09:43:53', '2017-02-22 09:43:58', NULL, 0),
(109, '', 'Settings', '', '/dashboard/system/conversations/settings', '2017-02-22 09:43:53', '2017-02-22 09:43:58', NULL, 0),
(110, '', 'Community Points', '', '/dashboard/system/conversations/points', '2017-02-22 09:43:53', '2017-02-22 09:43:58', NULL, 0),
(111, '', 'Banned Words', '', '/dashboard/system/conversations/bannedwords', '2017-02-22 09:43:53', '2017-02-22 09:43:58', NULL, 0),
(113, '', 'Attributes', 'Setup attributes for pages, users, files and more.', '/dashboard/system/attributes', '2017-02-22 09:43:53', '2017-02-22 09:43:58', NULL, 0),
(114, '', 'Sets', 'Group attributes into sets for easier organization', '/dashboard/system/attributes/sets', '2017-02-22 09:43:53', '2017-02-22 09:43:58', NULL, 0),
(115, '', 'Types', 'Choose which attribute types are available for different items.', '/dashboard/system/attributes/types', '2017-02-22 09:43:54', '2017-02-22 09:43:58', NULL, 0),
(116, '', 'Topics', '', '/dashboard/system/attributes/topics', '2017-02-22 09:43:54', '2017-02-22 09:43:58', NULL, 0),
(118, NULL, NULL, NULL, NULL, NULL, NULL, NULL, 0),
(119, '', 'Environment Information', '', '/dashboard/system/environment/info', '2017-02-22 09:43:54', '2017-02-22 09:43:58', NULL, 0),
(120, '', 'Debug Settings', '', '/dashboard/system/environment/debug', '2017-02-22 09:43:54', '2017-02-22 09:43:58', NULL, 0),
(121, '', 'Logging Settings', '', '/dashboard/system/environment/logging', '2017-02-22 09:43:54', '2017-02-22 09:43:58', NULL, 0),
(122, '', 'Proxy Server', '', '/dashboard/system/environment/proxy', '2017-02-22 09:43:54', '2017-02-22 09:43:58', NULL, 0),
(123, '', 'Database Entities', '', '/dashboard/system/environment/entities', '2017-02-22 09:43:54', '2017-02-22 09:43:58', NULL, 0),
(124, '', 'Backup & Restore', 'Backup or restore your website.', '/dashboard/system/backup', '2017-02-22 09:43:54', '2017-02-22 09:43:58', NULL, 0),
(126, '', 'Update concrete5', '', '/dashboard/system/backup/update', '2017-02-22 09:43:54', '2017-02-22 09:43:58', NULL, 0),
(127, '\n\n                                      ', 'Welcome to concrete5', 'Learn about how to use concrete5, how to develop for concrete5, and get general help.', '/dashboard/welcome', '2017-02-22 09:43:55', '2017-02-22 09:43:58', NULL, 0),
(128, '', 'Customize Dashboard Home', '', '/dashboard/home', '2017-02-22 09:43:55', '2017-02-22 09:43:58', NULL, 0),
(129, '', 'Drafts', '', '/!drafts', '2017-02-22 09:43:59', '2017-02-22 09:44:00', NULL, 0),
(130, '', 'Trash', '', '/!trash', '2017-02-22 09:43:59', '2017-02-22 09:44:01', NULL, 0),
(131, '', 'Stacks', '', '/!stacks', '2017-02-22 09:43:59', '2017-02-22 09:44:01', NULL, 0),
(134, '', 'My Account', '', '/account', '2017-02-22 09:43:59', '2017-02-22 09:44:01', NULL, 0),
(1, 'Stand Out on the Web  Share your business with an impressive, yet minimal presentation. Let your customers understand your web presence through elegance and clarity.  A Simple Image Slider  This image slider can have any content that you want in it.   Easy to Edit Pellentesque ultricies ligula vel neque dictum, eu mollis tortor adipiscing. Etiam congue, est vel tincidunt vestibulum, nunc nunc porta nulla, at adipiscing neque tellus quis urna. Pixel Perfect Pellentesque ultricies ligula vel neque dictum, eu mollis tortor adipiscing. Etiam congue, est vel tincidunt vestibulum, nunc nunc porta nulla, at adipiscing neque tellus quis urna. Media Rich Pellentesque ultricies ligula vel neque dictum, eu mollis tortor adipiscing. Etiam congue, est vel tincidunt vestibulum, nunc nunc porta nulla, at adipiscing neque tellus quis urna. Presenting your Business has never been so easy Pellentesque ultricies ligula vel neque dictum, eu mollis tortor adipiscing. Etiam congue, est vel tincidunt vestibulum, nunc nunc porta nulla, at adipiscing neque tellus quis urna.   Latest Blog Post Now Open For Business    We specialize in making your concepts a reality.          Sed cursus facilisis dignissim. Aliquam rhoncus enim et pellentesque varius. Nulla sodales nibh lorem, sit amet imperdiet arcu commodo sit amet. Mauris sed scelerisque nisl. Ut auctor ipsum tellus, vel viverra massa elementum sit amet.          Sed adipiscing tempus sem eu molestie. Aenean laoreet pretium ante vitae ultrices. Aenean eu gravida magna, vel aliquet magna. In auctor convallis gravida.            Contact Us Today    Customizable footer area with accent class.  Ons gedachtegoed\r\n  \r\n \r\n Kinderen hebben het recht om te weten.\r\n \r\n  \r\n \r\n AKF wil bereiken dat kinderen - de volwassenen van de toekomst - bewust worden in wat ze doen, in hoe ze omgaan met anderen én met zichzelf. Kinderen hebben het recht te weten hoe voeding, natuur en welzijn met elkaar verbonden zijn. Door in begrijpelijke kindertaal - zonder opgestoken wijsvinger - inzicht te geven in o.a. het belang van goede voeding en een gezonde levensstijl, kunnen ze later bewustere en daarmee betere keuzes maken voor zichzelf en hun omgeving.\r\n \r\n  \r\n \r\n StOerGelukkig vertaalt zich naar de volgende Initiatieven.\r\n   Aartsenfruit Kids Foundation\r\n   Disclaimer  ONS GEDACHTEGOED Kinderen hebben het recht om te weten.  AKF wil bereiken dat kinderen - de volwassenen van de toekomst - bewust worden in wat ze doen, in hoe ze omgaan met anderen én met zichzelf. Kinderen hebben het recht te weten hoe voeding, natuur en welzijn met elkaar verbonden zijn. Door in begrijpelijke kindertaal - zonder opgestoken wijsvinger - inzicht te geven in o.a. het belang van goede voeding en een gezonde levensstijl, kunnen ze later bewustere en daarmee betere keuzes maken voor zichzelf en hun omgeving.  StOerGelukkig vertaalt zich naar de volgende Initiatieven.  ONS GEDACHTEGOED     Kinderen hebben het recht om te weten.     AKF wil bereiken dat kinderen - de volwassenen van de toekomst - bewust worden in wat ze doen, in hoe ze omgaan met anderen én met zichzelf. Kinderen hebben het recht te weten hoe voeding, natuur en welzijn met elkaar verbonden zijn. Door in begrijpelijke kindertaal - zonder opgestoken wijsvinger - inzicht te geven in o.a. het belang van goede voeding en een gezonde levensstijl, kunnen ze later bewustere en daarmee betere keuzes maken voor zichzelf en hun omgeving.     stOerGelukkig vertaalt zich naar de volgende Initiatieven.  ', 'Home', 'stOerGelukkig is de naam die wij gegeven hebben aan onze missie', NULL, '2017-02-22 09:42:00', '2017-02-27 15:40:50', NULL, 0),
(154, 'Our Expertise Quality Lorem ipsum dolor sit amet, consectetur adipiscing elit. Nulla sodales non leo id aliquet. Design Lorem ipsum dolor sit amet, consectetur adipiscing elit. Nulla sodales non leo id aliquet. Development Lorem ipsum dolor sit amet, consectetur adipiscing elit. Nulla sodales non leo id aliquet. Security Lorem ipsum dolor sit amet, consectetur adipiscing elit. Nulla sodales non leo id aliquet. Awesome Features Curabitur sagittis elementum felis at sodales. Nullam fermentum at urna quis accumsan. Nam bibendum leo nisi, lacinia molestie arcu consequat quis. Morbi at suscipit risus. Sed consequat eleifend metus, vitae malesuada eros elementum sed.  Guide Books Fusce risus felis, viverra et dignissim at, lobortis non est. Lorem ipsum dolor sit amet, consectetur adipiscing elit. Nullam sit amet consectetur lacus. Vestibulum neque lectus, egestas non cursus vitae, aliquam at magna. Etiam aliquam, justo et varius eleifend, dui lectus egestas nunc, vel malesuada nisl purus nec metus.  Admin Accounts Fusce risus felis, viverra et dignissim at, lobortis non est. Lorem ipsum dolor sit amet, consectetur adipiscing elit. Nullam sit amet consectetur lacus. Vestibulum neque lectus, egestas non cursus vitae, aliquam at magna. Etiam aliquam, justo et varius eleifend, dui lectus egestas nunc, vel malesuada nisl purus nec metus.   Support Curabitur sagittis elementum felis at sodales. Nullam fermentum at urna quis accumsan. Nam bibendum leo nisi, lacinia molestie arcu consequat quis. Morbi at suscipit risus. Sed consequat eleifend metus, vitae malesuada eros elementum sed.  Additional Options Fusce risus felis, viverra et dignissim at, lobortis non est. Lorem ipsum dolor sit amet, consectetur adipiscing elit. Nullam sit amet consectetur lacus. Vestibulum neque lectus, egestas non cursus vitae, aliquam at magna.   Etiam aliquam, justo et varius eleifend, dui lectus egestas nunc, vel malesuada nisl purus nec metus. In gravida turpis a pharetra commodo. Donec non turpis vulputate, faucibus metus a, consectetur nunc. Morbi tortor nisi, hendrerit sed laoreet eget, fermentum et justo. Suspendisse potenti.  What Clients Are Saying About Us  Franz Maruna\nCEO & Founder\nconcrete5\nCurabitur sagittis elementum felis at sodales. Nullam fermentum at urna quis accumsan. Nam bibendum leo nisi, lacinia molestie arcu consequat quis. Morbi at suscipit risus. John Doe\nMarketing Directory\nCompanyCo\nCurabitur sagittis elementum felis at sodales. Nullam fermentum at urna quis accumsan. Nam bibendum leo nisi, lacinia molestie arcu consequat quis. Morbi at suscipit risus. Andrew Embler\nCTO & Founder\nconcrete5\nCurabitur sagittis elementum felis at sodales. Nullam fermentum at urna quis accumsan. Nam bibendum leo nisi, lacinia molestie arcu consequat quis. Morbi at suscipit risus. Jane Doe\nIT Manager\nCompanyCo\nCurabitur sagittis elementum felis at sodales. Nullam fermentum at urna quis accumsan. Nam bibendum leo nisi, lacinia molestie arcu consequat quis. Morbi at suscipit risus. ', 'Services', '', '/services', '2017-02-22 09:44:08', '2017-02-22 09:44:14', NULL, 0),
(156, '', 'Portfolio', '', '/portfolio', '2017-02-22 09:44:08', '2017-02-22 09:44:14', NULL, 0),
(164, 'Lorem ipsum dolor sit amet, consectetur adipiscing elit. Morbi tempus nibh a laoreet cursus. Phasellus malesuada vulputate bibendum. Ut vitae justo nisi. Sed consectetur vestibulum tortor, in bibendum diam lacinia vitae. Nullam volutpat risus quis orci consectetur adipiscing. In commodo vulputate arcu sit amet ornare. Vivamus ut iaculis velit. Pellentesque euismod lacus sed accumsan luctus. Suspendisse urna felis, lacinia vel tempor id, ultricies rutrum nisl. Nunc ultrices nulla et bibendum molestie. Phasellus porttitor sit amet libero vel fermentum. Sed sapien risus, eleifend vel hendrerit eu, porta vel tellus. Duis faucibus odio et magna varius, quis accumsan tellus vestibulum. Nam nunc nulla, convallis at elementum pharetra, adipiscing quis enim. Donec feugiat porttitor dolor, nec porttitor mi auctor eget. Fusce iaculis varius diam non dictum. Fusce elementum a nunc vel tincidunt. Morbi nec est elementum, vehicula odio nec, lobortis lacus. Nulla ultricies vitae nunc ut lacinia. Proin mattis felis sem, eu consectetur arcu varius et. Duis at lectus eu lorem elementum aliquet nec in elit. Vestibulum non metus ac risus adipiscing pellentesque sed sit amet lorem. Donec viverra, metus in varius pulvinar, augue nunc accumsan eros, a pulvinar est elit vitae nulla.  Duis non leo in enim laoreet pretium. Nullam vitae neque nec libero pharetra tempor at faucibus lectus. Cum sociis natoque penatibus et magnis dis parturient montes, nascetur ridiculus mus. Sed imperdiet convallis arcu. Nam sollicitudin sollicitudin lacus non dictum. Aliquam erat volutpat. Nulla sapien quam, consequat non dui ut, eleifend sodales orci. Praesent quis lorem accumsan, volutpat lectus a, sollicitudin erat. Donec faucibus mi in sapien volutpat, ac auctor lorem mollis. Proin eget turpis non lacus bibendum porta non ac justo. Aliquam aliquam viverra lorem ac rutrum. In et sapien sit amet diam vestibulum cursus ut tristique tellus.  Ut in purus mi. Etiam ac aliquet ipsum. Pellentesque faucibus diam dui. Morbi a semper orci. Ut nec malesuada urna. Vestibulum aliquet ante ac lacus dictum, sit amet pulvinar leo laoreet. Maecenas ut est commodo, commodo quam nec, dignissim est. Quisque rutrum molestie nunc, sed mollis nulla volutpat et. Donec dignissim ornare augue eu aliquam. Aliquam in tincidunt velit. In at fermentum mauris, ut accumsan nisl. Interdum et malesuada fames ac ante ipsum primis in faucibus.  Integer ac nulla at nisi sodales ullamcorper id in justo. Cum sociis natoque penatibus et magnis dis parturient montes, nascetur ridiculus mus. Etiam pharetra elit odio, ac mattis turpis consequat ac. Pellentesque tincidunt sed enim nec auctor. Quisque varius, felis a hendrerit faucibus, nunc lorem varius nibh, vel dignissim velit dolor ut elit. Mauris ut vulputate neque. Donec at est vitae massa egestas fringilla. Praesent a tristique nibh. Nunc blandit dui risus, quis rhoncus nisi consectetur vel.  ', 'Project Title', 'Pellentesque ultricies ligula vel neque dictum, eu mollis tortor adipiscing.', '/portfolio/project-title', '2014-08-06 15:30:00', '2017-02-22 09:44:14', NULL, 0),
(165, 'Lorem ipsum dolor sit amet, consectetur adipiscing elit. Morbi tempus nibh a laoreet cursus. Phasellus malesuada vulputate bibendum. Ut vitae justo nisi. Sed consectetur vestibulum tortor, in bibendum diam lacinia vitae. Nullam volutpat risus quis orci consectetur adipiscing. In commodo vulputate arcu sit amet ornare. Vivamus ut iaculis velit. Pellentesque euismod lacus sed accumsan luctus. Suspendisse urna felis, lacinia vel tempor id, ultricies rutrum nisl. Nunc ultrices nulla et bibendum molestie. Phasellus porttitor sit amet libero vel fermentum. Sed sapien risus, eleifend vel hendrerit eu, porta vel tellus. Duis faucibus odio et magna varius, quis accumsan tellus vestibulum. Nam nunc nulla, convallis at elementum pharetra, adipiscing quis enim. Donec feugiat porttitor dolor, nec porttitor mi auctor eget. Fusce iaculis varius diam non dictum. Fusce elementum a nunc vel tincidunt. Morbi nec est elementum, vehicula odio nec, lobortis lacus. Nulla ultricies vitae nunc ut lacinia. Proin mattis felis sem, eu consectetur arcu varius et. Duis at lectus eu lorem elementum aliquet nec in elit. Vestibulum non metus ac risus adipiscing pellentesque sed sit amet lorem. Donec viverra, metus in varius pulvinar, augue nunc accumsan eros, a pulvinar est elit vitae nulla.  Duis non leo in enim laoreet pretium. Nullam vitae neque nec libero pharetra tempor at faucibus lectus. Cum sociis natoque penatibus et magnis dis parturient montes, nascetur ridiculus mus. Sed imperdiet convallis arcu. Nam sollicitudin sollicitudin lacus non dictum. Aliquam erat volutpat. Nulla sapien quam, consequat non dui ut, eleifend sodales orci. Praesent quis lorem accumsan, volutpat lectus a, sollicitudin erat. Donec faucibus mi in sapien volutpat, ac auctor lorem mollis. Proin eget turpis non lacus bibendum porta non ac justo. Aliquam aliquam viverra lorem ac rutrum. In et sapien sit amet diam vestibulum cursus ut tristique tellus.  Ut in purus mi. Etiam ac aliquet ipsum. Pellentesque faucibus diam dui. Morbi a semper orci. Ut nec malesuada urna. Vestibulum aliquet ante ac lacus dictum, sit amet pulvinar leo laoreet. Maecenas ut est commodo, commodo quam nec, dignissim est. Quisque rutrum molestie nunc, sed mollis nulla volutpat et. Donec dignissim ornare augue eu aliquam. Aliquam in tincidunt velit. In at fermentum mauris, ut accumsan nisl. Interdum et malesuada fames ac ante ipsum primis in faucibus.  Integer ac nulla at nisi sodales ullamcorper id in justo. Cum sociis natoque penatibus et magnis dis parturient montes, nascetur ridiculus mus. Etiam pharetra elit odio, ac mattis turpis consequat ac. Pellentesque tincidunt sed enim nec auctor. Quisque varius, felis a hendrerit faucibus, nunc lorem varius nibh, vel dignissim velit dolor ut elit. Mauris ut vulputate neque. Donec at est vitae massa egestas fringilla. Praesent a tristique nibh. Nunc blandit dui risus, quis rhoncus nisi consectetur vel.  ', 'Project Title 2', 'Pellentesque ultricies ligula vel neque dictum, eu mollis tortor adipiscing.', '/portfolio/project-title-2', '2014-08-06 15:20:00', '2017-02-22 09:44:15', NULL, 0),
(166, 'Lorem ipsum dolor sit amet, consectetur adipiscing elit. Morbi tempus nibh a laoreet cursus. Phasellus malesuada vulputate bibendum. Ut vitae justo nisi. Sed consectetur vestibulum tortor, in bibendum diam lacinia vitae. Nullam volutpat risus quis orci consectetur adipiscing. In commodo vulputate arcu sit amet ornare. Vivamus ut iaculis velit. Pellentesque euismod lacus sed accumsan luctus. Suspendisse urna felis, lacinia vel tempor id, ultricies rutrum nisl. Nunc ultrices nulla et bibendum molestie. Phasellus porttitor sit amet libero vel fermentum. Sed sapien risus, eleifend vel hendrerit eu, porta vel tellus. Duis faucibus odio et magna varius, quis accumsan tellus vestibulum. Nam nunc nulla, convallis at elementum pharetra, adipiscing quis enim. Donec feugiat porttitor dolor, nec porttitor mi auctor eget. Fusce iaculis varius diam non dictum. Fusce elementum a nunc vel tincidunt. Morbi nec est elementum, vehicula odio nec, lobortis lacus. Nulla ultricies vitae nunc ut lacinia. Proin mattis felis sem, eu consectetur arcu varius et. Duis at lectus eu lorem elementum aliquet nec in elit. Vestibulum non metus ac risus adipiscing pellentesque sed sit amet lorem. Donec viverra, metus in varius pulvinar, augue nunc accumsan eros, a pulvinar est elit vitae nulla.  Duis non leo in enim laoreet pretium. Nullam vitae neque nec libero pharetra tempor at faucibus lectus. Cum sociis natoque penatibus et magnis dis parturient montes, nascetur ridiculus mus. Sed imperdiet convallis arcu. Nam sollicitudin sollicitudin lacus non dictum. Aliquam erat volutpat. Nulla sapien quam, consequat non dui ut, eleifend sodales orci. Praesent quis lorem accumsan, volutpat lectus a, sollicitudin erat. Donec faucibus mi in sapien volutpat, ac auctor lorem mollis. Proin eget turpis non lacus bibendum porta non ac justo. Aliquam aliquam viverra lorem ac rutrum. In et sapien sit amet diam vestibulum cursus ut tristique tellus.  Ut in purus mi. Etiam ac aliquet ipsum. Pellentesque faucibus diam dui. Morbi a semper orci. Ut nec malesuada urna. Vestibulum aliquet ante ac lacus dictum, sit amet pulvinar leo laoreet. Maecenas ut est commodo, commodo quam nec, dignissim est. Quisque rutrum molestie nunc, sed mollis nulla volutpat et. Donec dignissim ornare augue eu aliquam. Aliquam in tincidunt velit. In at fermentum mauris, ut accumsan nisl. Interdum et malesuada fames ac ante ipsum primis in faucibus.  Integer ac nulla at nisi sodales ullamcorper id in justo. Cum sociis natoque penatibus et magnis dis parturient montes, nascetur ridiculus mus. Etiam pharetra elit odio, ac mattis turpis consequat ac. Pellentesque tincidunt sed enim nec auctor. Quisque varius, felis a hendrerit faucibus, nunc lorem varius nibh, vel dignissim velit dolor ut elit. Mauris ut vulputate neque. Donec at est vitae massa egestas fringilla. Praesent a tristique nibh. Nunc blandit dui risus, quis rhoncus nisi consectetur vel.  ', 'Project Title 3', 'Pellentesque ultricies ligula vel neque dictum, eu mollis tortor adipiscing.', '/portfolio/project-title-3', '2014-08-06 15:10:00', '2017-02-22 09:44:15', NULL, 0),
(167, 'Lorem ipsum dolor sit amet, consectetur adipiscing elit. Morbi tempus nibh a laoreet cursus. Phasellus malesuada vulputate bibendum. Ut vitae justo nisi. Sed consectetur vestibulum tortor, in bibendum diam lacinia vitae. Nullam volutpat risus quis orci consectetur adipiscing. In commodo vulputate arcu sit amet ornare. Vivamus ut iaculis velit. Pellentesque euismod lacus sed accumsan luctus. Suspendisse urna felis, lacinia vel tempor id, ultricies rutrum nisl. Nunc ultrices nulla et bibendum molestie. Phasellus porttitor sit amet libero vel fermentum. Sed sapien risus, eleifend vel hendrerit eu, porta vel tellus. Duis faucibus odio et magna varius, quis accumsan tellus vestibulum. Nam nunc nulla, convallis at elementum pharetra, adipiscing quis enim. Donec feugiat porttitor dolor, nec porttitor mi auctor eget. Fusce iaculis varius diam non dictum. Fusce elementum a nunc vel tincidunt. Morbi nec est elementum, vehicula odio nec, lobortis lacus. Nulla ultricies vitae nunc ut lacinia. Proin mattis felis sem, eu consectetur arcu varius et. Duis at lectus eu lorem elementum aliquet nec in elit. Vestibulum non metus ac risus adipiscing pellentesque sed sit amet lorem. Donec viverra, metus in varius pulvinar, augue nunc accumsan eros, a pulvinar est elit vitae nulla.  Duis non leo in enim laoreet pretium. Nullam vitae neque nec libero pharetra tempor at faucibus lectus. Cum sociis natoque penatibus et magnis dis parturient montes, nascetur ridiculus mus. Sed imperdiet convallis arcu. Nam sollicitudin sollicitudin lacus non dictum. Aliquam erat volutpat. Nulla sapien quam, consequat non dui ut, eleifend sodales orci. Praesent quis lorem accumsan, volutpat lectus a, sollicitudin erat. Donec faucibus mi in sapien volutpat, ac auctor lorem mollis. Proin eget turpis non lacus bibendum porta non ac justo. Aliquam aliquam viverra lorem ac rutrum. In et sapien sit amet diam vestibulum cursus ut tristique tellus.  Ut in purus mi. Etiam ac aliquet ipsum. Pellentesque faucibus diam dui. Morbi a semper orci. Ut nec malesuada urna. Vestibulum aliquet ante ac lacus dictum, sit amet pulvinar leo laoreet. Maecenas ut est commodo, commodo quam nec, dignissim est. Quisque rutrum molestie nunc, sed mollis nulla volutpat et. Donec dignissim ornare augue eu aliquam. Aliquam in tincidunt velit. In at fermentum mauris, ut accumsan nisl. Interdum et malesuada fames ac ante ipsum primis in faucibus.  Integer ac nulla at nisi sodales ullamcorper id in justo. Cum sociis natoque penatibus et magnis dis parturient montes, nascetur ridiculus mus. Etiam pharetra elit odio, ac mattis turpis consequat ac. Pellentesque tincidunt sed enim nec auctor. Quisque varius, felis a hendrerit faucibus, nunc lorem varius nibh, vel dignissim velit dolor ut elit. Mauris ut vulputate neque. Donec at est vitae massa egestas fringilla. Praesent a tristique nibh. Nunc blandit dui risus, quis rhoncus nisi consectetur vel.  ', 'Project Title 4', 'Pellentesque ultricies ligula vel neque dictum, eu mollis tortor adipiscing.', '/portfolio/project-title-4', '2014-08-06 15:00:00', '2017-02-22 09:44:16', NULL, 0),
(168, 'Lorem ipsum dolor sit amet, consectetur adipiscing elit. Morbi tempus nibh a laoreet cursus. Phasellus malesuada vulputate bibendum. Ut vitae justo nisi. Sed consectetur vestibulum tortor, in bibendum diam lacinia vitae. Nullam volutpat risus quis orci consectetur adipiscing. In commodo vulputate arcu sit amet ornare. Vivamus ut iaculis velit. Pellentesque euismod lacus sed accumsan luctus. Suspendisse urna felis, lacinia vel tempor id, ultricies rutrum nisl. Nunc ultrices nulla et bibendum molestie. Phasellus porttitor sit amet libero vel fermentum. Sed sapien risus, eleifend vel hendrerit eu, porta vel tellus. Duis faucibus odio et magna varius, quis accumsan tellus vestibulum. Nam nunc nulla, convallis at elementum pharetra, adipiscing quis enim. Donec feugiat porttitor dolor, nec porttitor mi auctor eget. Fusce iaculis varius diam non dictum. Fusce elementum a nunc vel tincidunt. Morbi nec est elementum, vehicula odio nec, lobortis lacus. Nulla ultricies vitae nunc ut lacinia. Proin mattis felis sem, eu consectetur arcu varius et. Duis at lectus eu lorem elementum aliquet nec in elit. Vestibulum non metus ac risus adipiscing pellentesque sed sit amet lorem. Donec viverra, metus in varius pulvinar, augue nunc accumsan eros, a pulvinar est elit vitae nulla.  Duis non leo in enim laoreet pretium. Nullam vitae neque nec libero pharetra tempor at faucibus lectus. Cum sociis natoque penatibus et magnis dis parturient montes, nascetur ridiculus mus. Sed imperdiet convallis arcu. Nam sollicitudin sollicitudin lacus non dictum. Aliquam erat volutpat. Nulla sapien quam, consequat non dui ut, eleifend sodales orci. Praesent quis lorem accumsan, volutpat lectus a, sollicitudin erat. Donec faucibus mi in sapien volutpat, ac auctor lorem mollis. Proin eget turpis non lacus bibendum porta non ac justo. Aliquam aliquam viverra lorem ac rutrum. In et sapien sit amet diam vestibulum cursus ut tristique tellus.  Ut in purus mi. Etiam ac aliquet ipsum. Pellentesque faucibus diam dui. Morbi a semper orci. Ut nec malesuada urna. Vestibulum aliquet ante ac lacus dictum, sit amet pulvinar leo laoreet. Maecenas ut est commodo, commodo quam nec, dignissim est. Quisque rutrum molestie nunc, sed mollis nulla volutpat et. Donec dignissim ornare augue eu aliquam. Aliquam in tincidunt velit. In at fermentum mauris, ut accumsan nisl. Interdum et malesuada fames ac ante ipsum primis in faucibus.  Integer ac nulla at nisi sodales ullamcorper id in justo. Cum sociis natoque penatibus et magnis dis parturient montes, nascetur ridiculus mus. Etiam pharetra elit odio, ac mattis turpis consequat ac. Pellentesque tincidunt sed enim nec auctor. Quisque varius, felis a hendrerit faucibus, nunc lorem varius nibh, vel dignissim velit dolor ut elit. Mauris ut vulputate neque. Donec at est vitae massa egestas fringilla. Praesent a tristique nibh. Nunc blandit dui risus, quis rhoncus nisi consectetur vel.  ', 'Project Title 5', 'Pellentesque ultricies ligula vel neque dictum, eu mollis tortor adipiscing.', '/portfolio/project-title-5', '2014-08-06 14:30:00', '2017-02-22 09:44:16', NULL, 0),
(169, 'Lorem ipsum dolor sit amet, consectetur adipiscing elit. Morbi tempus nibh a laoreet cursus. Phasellus malesuada vulputate bibendum. Ut vitae justo nisi. Sed consectetur vestibulum tortor, in bibendum diam lacinia vitae. Nullam volutpat risus quis orci consectetur adipiscing. In commodo vulputate arcu sit amet ornare. Vivamus ut iaculis velit. Pellentesque euismod lacus sed accumsan luctus. Suspendisse urna felis, lacinia vel tempor id, ultricies rutrum nisl. Nunc ultrices nulla et bibendum molestie. Phasellus porttitor sit amet libero vel fermentum. Sed sapien risus, eleifend vel hendrerit eu, porta vel tellus. Duis faucibus odio et magna varius, quis accumsan tellus vestibulum. Nam nunc nulla, convallis at elementum pharetra, adipiscing quis enim. Donec feugiat porttitor dolor, nec porttitor mi auctor eget. Fusce iaculis varius diam non dictum. Fusce elementum a nunc vel tincidunt. Morbi nec est elementum, vehicula odio nec, lobortis lacus. Nulla ultricies vitae nunc ut lacinia. Proin mattis felis sem, eu consectetur arcu varius et. Duis at lectus eu lorem elementum aliquet nec in elit. Vestibulum non metus ac risus adipiscing pellentesque sed sit amet lorem. Donec viverra, metus in varius pulvinar, augue nunc accumsan eros, a pulvinar est elit vitae nulla.  Duis non leo in enim laoreet pretium. Nullam vitae neque nec libero pharetra tempor at faucibus lectus. Cum sociis natoque penatibus et magnis dis parturient montes, nascetur ridiculus mus. Sed imperdiet convallis arcu. Nam sollicitudin sollicitudin lacus non dictum. Aliquam erat volutpat. Nulla sapien quam, consequat non dui ut, eleifend sodales orci. Praesent quis lorem accumsan, volutpat lectus a, sollicitudin erat. Donec faucibus mi in sapien volutpat, ac auctor lorem mollis. Proin eget turpis non lacus bibendum porta non ac justo. Aliquam aliquam viverra lorem ac rutrum. In et sapien sit amet diam vestibulum cursus ut tristique tellus.  Ut in purus mi. Etiam ac aliquet ipsum. Pellentesque faucibus diam dui. Morbi a semper orci. Ut nec malesuada urna. Vestibulum aliquet ante ac lacus dictum, sit amet pulvinar leo laoreet. Maecenas ut est commodo, commodo quam nec, dignissim est. Quisque rutrum molestie nunc, sed mollis nulla volutpat et. Donec dignissim ornare augue eu aliquam. Aliquam in tincidunt velit. In at fermentum mauris, ut accumsan nisl. Interdum et malesuada fames ac ante ipsum primis in faucibus.  Integer ac nulla at nisi sodales ullamcorper id in justo. Cum sociis natoque penatibus et magnis dis parturient montes, nascetur ridiculus mus. Etiam pharetra elit odio, ac mattis turpis consequat ac. Pellentesque tincidunt sed enim nec auctor. Quisque varius, felis a hendrerit faucibus, nunc lorem varius nibh, vel dignissim velit dolor ut elit. Mauris ut vulputate neque. Donec at est vitae massa egestas fringilla. Praesent a tristique nibh. Nunc blandit dui risus, quis rhoncus nisi consectetur vel.  ', 'Project Title 6', 'Pellentesque ultricies ligula vel neque dictum, eu mollis tortor adipiscing.', '/portfolio/project-title-6', '2014-08-06 14:20:00', '2017-02-22 09:44:16', NULL, 0),
(157, 'John Smith\nCo-Founder / CEO\n\nCurabitur sagittis elementum felis at sodales. Nullam fermentum at urna quis accumsan. Nam bibendum leo nisi, lacinia molestie arcu consequat quis. Bob Smith\nCo-Founder / CTO\n\nCurabitur sagittis elementum felis at sodales. Nullam fermentum at urna quis accumsan. Nam bibendum leo nisi, lacinia molestie arcu consequat quis. John Smith\nArt Director\n\nCurabitur sagittis elementum felis at sodales. Nullam fermentum at urna quis accumsan. Nam bibendum leo nisi, lacinia molestie arcu consequat quis. John Smith\nArt Director\n\nCurabitur sagittis elementum felis at sodales. Nullam fermentum at urna quis accumsan. Nam bibendum leo nisi, lacinia molestie arcu consequat quis. Bob Smith\nArt Director\n\nCurabitur sagittis elementum felis at sodales. Nullam fermentum at urna quis accumsan. Nam bibendum leo nisi, lacinia molestie arcu consequat quis. Bob Smith\nArt Director\n\nCurabitur sagittis elementum felis at sodales. Nullam fermentum at urna quis accumsan. Nam bibendum leo nisi, lacinia molestie arcu consequat quis. Bob Smith\nArt Director\n\nCurabitur sagittis elementum felis at sodales. Nullam fermentum at urna quis accumsan. Nam bibendum leo nisi, lacinia molestie arcu consequat quis. Bob Smith\nArt Director\n\nCurabitur sagittis elementum felis at sodales. Nullam fermentum at urna quis accumsan. Nam bibendum leo nisi, lacinia molestie arcu consequat quis. \n                                                    Get in Touch  Sed cursus facilisis dignissim. Aliquam rhoncus enim et pellentesque varius. Nulla sodales nibh lorem, sit amet imperdiet arcu commodo sit amet.    Contact Us  ', 'Team', '', '/team', '2017-02-22 09:44:08', '2017-02-22 09:44:17', NULL, 0),
(159, '', 'Blog', '', '/blog', '2017-02-22 09:44:08', '2017-02-22 09:44:18', NULL, 0),
(171, 'Fusce volutpat sodales mauris quis dapibus. Maecenas convallis, libero eu ultrices interdum, leo mauris commodo diam, sed cursus sapien ligula nec leo. Curabitur sagittis elementum felis at sodales. Nullam fermentum at urna quis accumsan. Nam bibendum leo nisi, lacinia molestie arcu consequat quis. Morbi at suscipit risus. Sed consequat eleifend metus, vitae malesuada eros elementum sed. Fusce risus felis, viverra et dignissim at, lobortis non est. Lorem ipsum dolor sit amet, consectetur adipiscing elit. Nullam sit amet consectetur lacus. Vestibulum neque lectus, egestas non cursus vitae, aliquam at magna. Etiam aliquam, justo et varius eleifend, dui lectus egestas nunc, vel malesuada nisl purus nec metus. In gravida turpis a pharetra commodo. Donec non turpis vulputate, faucibus metus a, consectetur nunc. Morbi tortor nisi, hendrerit sed laoreet eget, fermentum et justo. Suspendisse potenti.   Heading 2 Curabitur sagittis elementum felis at sodales. Nullam fermentum at urna quis accumsan. Nam bibendum leo nisi, lacinia molestie arcu consequat quis. Morbi at suscipit risus. Sed consequat eleifend metus, vitae malesuada eros elementum sed. Fusce risus felis, viverra et dignissim at, lobortis non est. Lorem ipsum dolor sit amet, consectetur adipiscing elit. Nullam sit amet consectetur lacus. Vestibulum neque lectus, egestas non cursus vitae, aliquam at magna. Etiam aliquam, justo et varius eleifend, dui lectus egestas nunc, vel malesuada nisl purus nec metus. In gravida turpis a pharetra commodo. Donec non turpis vulputate, faucibus metus a, consectetur nunc. Morbi tortor nisi, hendrerit sed laoreet eget, fermentum et justo. Suspendisse potenti. Heading 3 Pellentesque ultricies ligula vel neque dictum, eu mollis tortor adipiscing. Etiam congue, est vel tincidunt vestibulum, nunc nunc porta nulla, at adipiscing neque tellus quis urna. Quisque dignissim neque a ipsum sodales, mattis aliquam ante dictum. Vestibulum elementum pellentesque tortor ac congue. Mauris vel nibh id metus tincidunt eleifend. In interdum gravida ligula, at venenatis odio fermentum at. Donec dapibus enim lectus, quis venenatis tellus volutpat in. Nullam in velit tortor. Heading 3 Donec blandit lectus nec neque ullamcorper rhoncus. Sed adipiscing tempus sem eu molestie. Aenean laoreet pretium ante vitae ultrices. Aenean eu gravida magna, vel aliquet magna. In auctor convallis gravida. Phasellus est erat, adipiscing nec lobortis quis, eleifend at sem. Curabitur fringilla viverra dolor, in rutrum ipsum rutrum sit amet. Vestibulum feugiat porttitor ipsum vel condimentum. Suspendisse at tempus libero. Sed eu tempor enim. Etiam convallis eleifend rutrum. Donec porta diam quis tellus feugiat dignissim. Cras posuere, massa eget laoreet laoreet, urna libero lobortis dolor, sed consequat elit urna eget massa. Donec aliquet pellentesque consectetur.  ', 'Hello World!', 'Pellentesque ultricies ligula vel neque dictum, eu mollis tortor adipiscing. Etiam congue, est vel tincidunt vestibulum, nunc nunc porta nulla, at adipiscing neque tellus quis urna. Quisque dignissim neque a ipsum sodales, mattis aliquam ante dictum.', '/blog/hello-world', '2014-07-01 12:00:00', '2017-02-22 09:44:18', NULL, 0),
(172, ' Curabitur sagittis elementum felis at sodales. Nullam fermentum at urna quis accumsan. Nam bibendum leo nisi, lacinia molestie arcu consequat quis. Morbi at suscipit risus. Sed consequat eleifend metus, vitae malesuada eros elementum sed. Fusce risus felis, viverra et dignissim at, lobortis non est. Lorem ipsum dolor sit amet, consectetur adipiscing elit.   CMS To the Rescue!  Nullam sit amet consectetur lacus. Vestibulum neque lectus, egestas non cursus vitae, aliquam at magna. Etiam aliquam, justo et varius eleifend, dui lectus egestas nunc, vel malesuada nisl purus nec metus. In gravida turpis a pharetra commodo. Donec non turpis vulputate, faucibus metus a, consectetur nunc. Morbi tortor nisi, hendrerit sed laoreet eget, fermentum et justo. Suspendisse potenti.  Learn more at concrete5.org    ', 'Another Blog Post', 'Lorem ipsum dolor sit amet, consectetur adipiscing elit. Nullam sit amet consectetur lacus. Vestibulum neque lectus, egestas non cursus vitae, aliquam at magna.', '/blog/another-blog-post', '2014-07-04 15:00:00', '2017-02-22 09:44:18', NULL, 0),
(173, ' Curabitur sagittis elementum felis at sodales. Nullam fermentum at urna quis accumsan. Nam bibendum leo nisi, lacinia molestie arcu consequat quis. Morbi at suscipit risus. Sed consequat eleifend metus, vitae malesuada eros elementum sed. Fusce risus felis, viverra et dignissim at, lobortis non est. Lorem ipsum dolor sit amet, consectetur adipiscing elit. Nullam sit amet consectetur lacus. Vestibulum neque lectus, egestas non cursus vitae, aliquam at magna. Etiam aliquam, justo et varius eleifend, dui lectus egestas nunc, vel malesuada nisl purus nec metus. In gravida turpis a pharetra commodo. Donec non turpis vulputate, faucibus metus a, consectetur nunc. Morbi tortor nisi, hendrerit sed laoreet eget, fermentum et justo. Suspendisse potenti.  Heading 3  Pellentesque ultricies ligula vel neque dictum, eu mollis tortor adipiscing. Etiam congue, est vel tincidunt vestibulum, nunc nunc porta nulla, at adipiscing neque tellus quis urna. Quisque dignissim neque a ipsum sodales, mattis aliquam ante dictum. Vestibulum elementum pellentesque tortor ac congue. Mauris vel nibh id metus tincidunt eleifend. In interdum gravida ligula, at venenatis odio fermentum at. Donec dapibus enim lectus, quis venenatis tellus volutpat in. Nullam in velit tortor.    Look at my beautiful image. Don''t you to look more?  Pellentesque ultricies ligula vel neque dictum, eu mollis tortor adipiscing. Etiam congue, est vel tincidunt vestibulum, nunc nunc porta nulla, at adipiscing neque tellus quis urna. Quisque dignissim neque a ipsum sodales, mattis aliquam ante dictum. Vestibulum elementum pellentesque tortor ac congue. Mauris vel nibh id metus tincidunt eleifend. In interdum gravida ligula, at venenatis odio fermentum at. Donec dapibus enim lectus, quis venenatis tellus volutpat in. Nullam in velit tortor.  ', 'A Beautiful Site Deserves a Beautiful Blog', 'Donec blandit lectus nec neque ullamcorper rhoncus. Sed adipiscing tempus sem eu molestie. Aenean laoreet pretium ante vitae ultrices. Aenean eu gravida magna, vel aliquet magna. In auctor convallis gravida. Phasellus est erat.', '/blog/a-beautiful-blog', '2014-08-01 16:30:00', '2017-02-22 09:44:19', NULL, 0),
(160, '', 'Search', '', '/search', '2017-02-22 09:44:08', '2017-02-22 09:44:19', NULL, 0),
(161, '\n                                                    Headquarters 1234 SE Street View Suite 301 Portland, OR 98101 HOURS  M-F:  10 AM - 7 PM Sat: Noon - Midnight Sun: Closed  \n                                                    Choosing Us Pellentesque ultricies ligula vel neque dictum, eu mollis tortor adipiscing. Etiam congue, est vel tincidunt vestibulum, nunc nunc porta nulla, at adipiscing neque tellus quis urna. Quisque dignissim neque a ipsum sodales, mattis aliquam ante dictum. Vestibulum elementum pellentesque tortor ac congue. Mauris vel nibh id metus tincidunt eleifend. In interdum gravida ligula, at venenatis odio fermentum at. Donec dapibus enim lectus, quis venenatis tellus volutpat in. Nullam in velit tortor.  We would love to hear from you! ', 'Contact', '', '/contact', '2017-02-22 09:44:08', '2017-02-22 09:44:20', NULL, 0),
(162, ' This is my empty content block on my blank page.  ', 'Blank Page', '', '/blank-page', '2017-02-22 09:44:09', '2017-02-22 09:44:20', NULL, 0);
INSERT INTO `PageSearchIndex` (`cID`, `content`, `cName`, `cDescription`, `cPath`, `cDatePublic`, `cDateLastIndexed`, `cDateLastSitemapped`, `cRequiresReindex`) VALUES
(174, '\n                                                    Fusce volutpat sodales mauris quis dapibus. Maecenas convallis, libero eu ultrices interdum. \n                                                     Pellentesque ultricies ligula vel neque dictum, eu mollis tortor adipiscing. Etiam congue, est vel tincidunt vestibulum, nunc nunc porta nulla, at adipiscing neque tellus quis urna.   Quisque dignissim neque a ipsum sodales, mattis aliquam ante dictum. Vestibulum elementum pellentesque tortor ac congue. Mauris vel nibh id metus tincidunt eleifend.  \n                                                    Heading 1Heading 2Heading 3Heading 4Heading 5Heading 6 \n                                                     Curabitur sagittis elementum felis at sodales. Nullam fermentum at urna quis accumsan. Nam bibendum leo nisi, lacinia molestie arcu consequat quis. Morbi at suscipit risus. Sed consequat eleifend metus, vitae malesuada eros elementum sed. Fusce risus felis, viverra et dignissim at, lobortis non est. Lorem ipsum dolor sit amet, consectetur adipiscing elit. Nullam sit amet consectetur lacus. Vestibulum neque lectus, egestas non cursus vitae, aliquam at magna. Etiam aliquam, justo et varius eleifend, dui lectus egestas nunc, vel malesuada nisl purus nec metus. In gravida turpis a pharetra commodo. Donec non turpis vulputate, faucibus metus a, consectetur nunc. Morbi tortor nisi, hendrerit sed laoreet eget, fermentum et justo. Suspendisse potenti.     \n                                                       Curabitur sagittis elementum felis at sodales. Nullam fermentum at urna quis accumsan. Nam bibendum leo nisi, lacinia molestie arcu consequat quis. Morbi at suscipit risus. Sed consequat eleifend metus, vitae malesuada eros elementum sed. Fusce risus felis, viverra et dignissim at, lobortis non est. Lorem ipsum dolor sit amet, consectetur adipiscing elit. Nullam sit amet consectetur lacus. Vestibulum neque lectus, egestas non cursus vitae, aliquam at magna. Etiam aliquam, justo et varius eleifend, dui lectus egestas nunc, vel malesuada nisl purus nec metus. In gravida turpis a pharetra commodo. Donec non turpis vulputate, faucibus metus a, consectetur nunc. Morbi tortor nisi, hendrerit sed laoreet eget, fermentum et justo. Suspendisse potenti.  \n                                                    Get in Touch  Sed cursus facilisis dignissim. Aliquam rhoncus enim et pellentesque varius. Nulla sodales nibh lorem, sit amet imperdiet arcu commodo sit amet.    Contact Us  ', 'About', '', '/team/about', '2017-02-22 09:44:09', '2017-02-22 09:44:20', NULL, 0),
(175, 'Work with Us   Welcome Home \n                                                    Curabitur sagittis elementum felis at sodales. Nullam fermentum at urna quis accumsan. Great Workers \n                                                    Curabitur sagittis elementum felis at sodales. Nullam fermentum at urna quis accumsan. Amazing Location \n                                                    Curabitur sagittis elementum felis at sodales. Nullam fermentum at urna quis accumsan. Paid Time Off \n                                                    Curabitur sagittis elementum felis at sodales. Nullam fermentum at urna quis accumsan. No Meetings \n                                                    Curabitur sagittis elementum felis at sodales. Nullam fermentum at urna quis accumsan. Free Drinks \n                                                    Curabitur sagittis elementum felis at sodales. Nullam fermentum at urna quis accumsan. \n                                                    Open Positions  ', 'Careers', '', '/team/careers', '2017-02-22 09:44:09', '2017-02-22 09:44:21', NULL, 0),
(178, '\n                                                      Back to Careers  Department Location Job Information \n                                                       \n                                     Quisque accumsan leo sit amet neque pretium consectetur. Sed blandit nulla at justo volutpat rhoncus. Sed risus orci, luctus sit amet fringilla faucibus, congue nec dui. Phasellus mattis lobortis magna sed dapibus. Donec sagittis nunc sed accumsan eleifend. Ut porttitor sapien eu nisl volutpat, vitae interdum est mollis. Sed laoreet sit amet elit in eleifend. Sed a tincidunt velit, nec posuere urna. In eget metus non est varius viverra. Quisque accumsan odio sem, in consequat nunc lobortis ac.  Cras dignissim nulla ut euismod adipiscing. Mauris non eros sem. Cras at lacinia nulla. Maecenas nec magna arcu. Aenean iaculis, augue sed pretium semper, odio tellus volutpat risus, quis consectetur nibh mauris ut odio. Integer convallis, augue a accumsan condimentum, sem nisl congue lorem, consectetur lacinia neque tortor eu neque. Aenean convallis arcu vitae enim dignissim vestibulum. Phasellus tincidunt dolor id enim gravida ullamcorper. Nullam ut lorem auctor, congue quam non, auctor arcu. Morbi ac aliquam ipsum, at aliquet ligula.  Cras adipiscing tellus non nulla suscipit congue. Pellentesque id neque euismod, elementum augue vel, volutpat turpis. Pellentesque sit amet tortor non lorem hendrerit pellentesque ac in nisi. Sed aliquet tincidunt arcu, eu lacinia lorem fringilla id. Integer ut ornare orci. Donec scelerisque vulputate est a condimentum. Morbi tellus sapien, vehicula vel ipsum non, luctus ullamcorper mi. Phasellus felis tortor, egestas quis felis sit amet, malesuada auctor nibh. Sed mollis mi sit amet tristique scelerisque. Cras elementum mauris urna, ullamcorper consectetur orci vehicula ut.  ', 'Web Developer', 'Curabitur sagittis elementum felis at sodales. Nullam fermentum at urna quis accumsan. Nam bibendum leo nisi, lacinia molestie arcu consequat quis. Morbi at suscipit risus. Sed consequat eleifend metus, vitae malesuada eros elementum sed. Fusce risus felis, viverra et dignissim at, lobortis non est. Lorem ipsum dolor sit amet, consectetur adipiscing elit. Nullam sit amet consectetur lacus.', '/team/careers/web-developer', '2017-02-22 09:44:09', '2017-02-22 09:44:22', NULL, 0),
(179, '\n                                                      Back to Careers  Department Location Job Information \n                                                       \n                                     Quisque accumsan leo sit amet neque pretium consectetur. Sed blandit nulla at justo volutpat rhoncus. Sed risus orci, luctus sit amet fringilla faucibus, congue nec dui. Phasellus mattis lobortis magna sed dapibus. Donec sagittis nunc sed accumsan eleifend. Ut porttitor sapien eu nisl volutpat, vitae interdum est mollis. Sed laoreet sit amet elit in eleifend. Sed a tincidunt velit, nec posuere urna. In eget metus non est varius viverra. Quisque accumsan odio sem, in consequat nunc lobortis ac.  Cras dignissim nulla ut euismod adipiscing. Mauris non eros sem. Cras at lacinia nulla. Maecenas nec magna arcu. Aenean iaculis, augue sed pretium semper, odio tellus volutpat risus, quis consectetur nibh mauris ut odio. Integer convallis, augue a accumsan condimentum, sem nisl congue lorem, consectetur lacinia neque tortor eu neque. Aenean convallis arcu vitae enim dignissim vestibulum. Phasellus tincidunt dolor id enim gravida ullamcorper. Nullam ut lorem auctor, congue quam non, auctor arcu. Morbi ac aliquam ipsum, at aliquet ligula.  Cras adipiscing tellus non nulla suscipit congue. Pellentesque id neque euismod, elementum augue vel, volutpat turpis. Pellentesque sit amet tortor non lorem hendrerit pellentesque ac in nisi. Sed aliquet tincidunt arcu, eu lacinia lorem fringilla id. Integer ut ornare orci. Donec scelerisque vulputate est a condimentum. Morbi tellus sapien, vehicula vel ipsum non, luctus ullamcorper mi. Phasellus felis tortor, egestas quis felis sit amet, malesuada auctor nibh. Sed mollis mi sit amet tristique scelerisque. Cras elementum mauris urna, ullamcorper consectetur orci vehicula ut.  ', 'Sales Associate', 'Curabitur sagittis elementum felis at sodales. Nullam fermentum at urna quis accumsan. Nam bibendum leo nisi, lacinia molestie arcu consequat quis. Morbi at suscipit risus. Sed consequat eleifend metus, vitae malesuada eros elementum sed. Fusce risus felis, viverra et dignissim at, lobortis non est. Lorem ipsum dolor sit amet, consectetur adipiscing elit. Nullam sit amet consectetur lacus.', '/team/careers/sales-associate', '2017-02-22 09:44:09', '2017-02-22 09:44:22', NULL, 0),
(176, 'What are page versions? What are page versions? \n                                    Pellentesque ultricies ligula vel neque dictum, eu mollis tortor adipiscing. Etiam congue, est vel tincidunt vestibulum, nunc nunc porta nulla, at adipiscing neque tellus quis urna. Pellentesque ultricies ligula vel neque dictum, eu mollis tortor adipiscing. Etiam congue, est vel tincidunt vestibulum, nunc nunc porta nulla, at adipiscing neque tellus quis urna. How do I add more people as editors in my website? How do I add more people as editors in my website? \n                                    Pellentesque ultricies ligula vel neque dictum, eu mollis tortor adipiscing. Etiam congue, est vel tincidunt vestibulum, nunc nunc porta nulla, at adipiscing neque tellus quis urna. Pellentesque ultricies ligula vel neque dictum, eu mollis tortor adipiscing. Etiam congue, est vel tincidunt vestibulum, nunc nunc porta nulla, at adipiscing neque tellus quis urna. Pellentesque ultricies ligula vel neque dictum, eu mollis tortor adipiscing. Etiam congue, est vel tincidunt vestibulum, nunc nunc porta nulla, at adipiscing neque tellus quis urna.  ', 'Frequently Asked Questions', '', '/team/faq', '2017-02-22 09:44:09', '2017-02-22 09:44:23', NULL, 0),
(183, '', 'Navigation', NULL, '/!stacks/navigation', '2017-02-22 09:47:40', '2017-02-27 14:47:29', NULL, 0),
(203, ' Aartsenfruit Kids Foundation\r\n   Disclaimer\r\n  Oog voor kinderen   Oprichting AKF  Aartsenfruit Kids Foundation is ontstaan naar aanleiding van het honderdjarige jubileum van AGF importbedrijf Aartsenfruit BV. De stichting werd in 2007 opgericht door Jack en Hellen Aartsen en wordt gevormd door zeven enthousiaste bestuursleden en betrokken mensen die verbonden zijn met Aartsenfruit.    Kinderen zijn onze toekomst  Niet alleen terugblikken, maar vooral ook vooruit kijken naar de komende generaties: dat was ons motto ten tijde van dit feestelijke jubileumjaar. En dat is het nog altijd. Want kinderen zijn belangrijk en hebben recht op liefde en een goede ondergrond, waardoor ze later goed in het leven kunnen staan. Iets wat niet voor elk kind vanzelfsprekend is.       Hoe het begon\r\n  \r\n \r\nHelpende hand\r\n In de eerste jaren van haar bestaan was Aartsenfruit Kids Foundation vooral een ''doe-stichting''. Samen met de medewerkers van Aartsenfruit stak de AKF letterlijk de helpende hand uit naar die kinderen die een steuntje in de rug konden gebruiken.\r\n \r\n  \r\n \r\nHulpvragen\r\n Aan tientallen hulpaanvragen werd in de periode 2007 tot en met 2014 gehoor gegeven. We staken de handen uit de mouwen als er ergens iets opgeknapt moest worden. Of hielpen in materiële zin als een voorziening voor de ouders of een organisatie onmogelijk leek. Anno 2015 mogen we trots en tevreden terugkijken op de hulp en de oplossingen die we konden bieden.\r\n \r\n  \r\n \r\nNieuwe focus\r\n  \r\n \r\nEigen projecten\r\n AKF heeft zich voor nu en de toekomst tot doel gesteld op een grotere schaal bij te dragen aan de gezondheid en het welzijn van kinderen in het algemeen. Om dit te kunnen realiseren is de focus van AKF verschoven - van directe hulp in goederen en diensten - naar het opzetten en uitvoeren van eigen projecten.\r\n \r\n  \r\n \r\n\r\n \r\n \r\n \r\nstOerGelukkig\r\n De ambities van AKF kregen tijdens een periode van refocus verder vorm en inhoud en ontwikkelden zich tot het gedachtegoed ''stOerGelukkig''. Onder deze overkoepelende naam worden door AKF sinds 2015 diverse projecten geïnitieerd.\r\n  Oog voor kinderen  \r\n Oprichting AKF  Aartsenfruit Kids Foundation is ontstaan naar aanleiding van het honderdjarige jubileum van AGF importbedrijf Aartsenfruit BV. De stichting werd in 2007 opgericht door Jack en Hellen Aartsen en wordt gevormd door zeven enthousiaste bestuursleden en betrokken mensen die verbonden zijn met Aartsenfruit.\r\n   \r\n Kinderen zijn onze toekomst  Niet alleen terugblikken, maar vooral ook vooruit kijken naar de komende generaties: dat was ons motto ten tijde van dit feestelijke jubileumjaar. En dat is het nog altijd. Want kinderen zijn belangrijk en hebben recht op liefde en een goede ondergrond, waardoor ze later goed in het leven kunnen staan. Iets wat niet voor elk kind vanzelfsprekend is. \r\n   \r\n   Vrienden van AKF Aartsenfruit Kids Foundation (AKF) helpt kinderen hun leven een positieve draai te geven ten behoeve van hun algeheel welbevinden.      AKF levert een essentiële bijdrage aan het gevoel van eigenwaarde, zelfvertrouwen en welzijn door diverse ondersteunende (school)projecten te initiëren en door kinderen bewust te maken van het belang van goede voeding en een gezonde levensstijl.  ', 'AKF', '', '/afk', '2017-02-22 11:10:00', '2017-02-27 14:47:30', NULL, 0),
(204, '', 'Stoere traktaties', '', '/stoere-traktaties', '2017-02-22 11:11:00', '2017-02-22 11:11:31', NULL, 0),
(205, '', 'Initiatieven', '', '/initiatieven', '2017-02-22 11:11:16', '2017-02-22 11:11:31', NULL, 0),
(206, '', 'Contact', '', '/contact', '2017-02-22 11:11:27', '2017-02-22 11:11:31', NULL, 0),
(207, '', 'test', '', '/test', '2017-02-22 13:42:39', '2017-02-22 13:42:43', NULL, 0),
(208, '', 'test', '', '/test-1', '2017-02-22 13:42:51', '2017-02-22 13:42:55', NULL, 0),
(209, ' Aartsenfruit Kids Foundation\r\n   Disclaimer\r\n  ', 'Stoere traktaties', '', '/stoere-traktaties', '2017-02-22 14:34:00', '2017-02-23 10:19:03', NULL, 0),
(210, ' Aartsenfruit Kids Foundation\r\n   Disclaimer\r\n  ', 'Contact', '', '/contact', '2017-02-22 14:34:00', '2017-02-23 10:19:24', NULL, 0),
(211, 'Ondersteunende projecten    AKF is een samenwerking aangegaan met het Centrum Jeugd en Gezin (CJG). Bij deze landelijke organisatie kunnen ouders terecht met allerhande vragen over de opvoeding, het opgroeien en de gezondheid van hun kind. Aangezien het CJG in nauw contact staat met vele scholen en gezinnen zijn zij de oren en ogen voor AKF. Ingeval zij hulpvragen signaleren waarvoor geen of onvoldoende fondsen beschikbaar zijn, kan door het CJG een beroep worden gedaan op diverse ondersteunende projecten van AKF. De onderstaande projecten zijn primair gericht op het voorkomen van een sociaal isolement en de bevordering van het emotioneel welzijn van kinderen.  ', 'Initiatieven', '', '/initiatieven', '2017-02-22 14:53:00', '2017-02-27 13:45:26', NULL, 0),
(212, ' Aartsenfruit Kids Foundation\r\n   Disclaimer\r\n   Steeds meer ouders hebben bij gebrek aan financiële middelen helaas niet de mogelijkheid om hun kinderen een verjaardagsfeestje te bieden. Soms dreigen kinderen hierdoor zelfs in een sociaal isolement te belanden. Het project ‘Kinderfeestjes’ is daarom gericht op die kinderen van 5 t/m 12 jaar waarvoor een kinderfeestje niet vanzelfsprekend is. Door middel van diverse leuke arrangementen maakt AKF een op de kinderwens afgestemd feestje weer mogelijk.      ', 'Kinderfeestjes', 'Gelukkig op je feestje', '/initiatieven/kinderfeestjes', '2017-02-22 14:53:00', '2017-02-23 14:51:52', NULL, 0),
(213, ' Disclaimer\r\n   Aartsenfruit Kids Foundation\r\n   Stichting Zomerkampen Breda organiseert vakantiekampen voor Bredase kinderen in de leeftijd van 6 t/m 16 jaar. Door voor de kinderen een onvergetelijke vakantie te organiseren, wil SZB bevorderen dat zij tot maximale ontplooiing kunnen komen. AKF sponsort de deelname van kinderen met minder financiële middelen die zich via de Voedselbank en BredaPas aanmelden. Jaarlijks staat AKF voor de deelname van circa 120 kinderen garant. Ook zorgt AKF voor een gezonde bijdrage door de sponsoring van groente en fruit.\r\n      ', 'Zomerkampen', 'Oergelukkig zomerkamp', '/initiatieven/zomerkampen', '2017-02-22 14:53:00', '2017-02-23 14:52:54', NULL, 0),
(214, ' Aartsenfruit Kids Foundation\r\n   Disclaimer\r\n   AKF is een samenwerking aangegaan met stichting Happy Hippo. Deze stichting richt zich op kinderen in de leeftijd van 1 tot en met 12 jaar, waarvan de ouders afhankelijk zijn van de Voedselbank in Breda. Wanneer deze kinderen naar de brugklas gaan, dienen zij diverse schoolbenodigdheden aan te schaffen zoals schriften, tassen, scharen, usb-sticks en schrijfbenodigdheden. Voor hun ouders vaak een kostbare zaak. Met het project ‘BUSY BEE’ voorzien AKF en Happy Hippo hen in deze schoolbenodigdheden.   Met dank aan Monsi Office Breda voor de donatie van diverse schoolmaterialen.     Meer informatie: www.happyhippo.nl / www.monsioffice.nl  ', 'Busy Bee', 'Stoer naar school', '/initiatieven/busy-bee', '2017-02-22 14:53:00', '2017-02-23 14:54:30', NULL, 0),
(215, ' Disclaimer\r\n   Aartsenfruit Kids Foundation\r\n   De lesmodules worden aangeboden via een website. Elke les wordt ingeleid door een animatiefilmpje met ''het Fruitzooitje'' in de hoofdrol. Geïnspireerd door de verhalen en belevenissen gaan ze aan het werk en bedenken ze hun eigen stoere fruittraktaties. Ter afsluiting van het project ontvangen alle kinderen een ''Stoere Traktaties'' verjaardagskalender. Voor de kinderen een leuke herinnering met bewaarwaarde. Voor de basisscholen de communicatietool bij uitstek om hun traktatiebeleid zichtbaar te maken en te ondersteunen. Voor AKF is ''Stoere Traktaties'' een belangrijk middel om de bewustwording van het belang van gezonde voeding bij kinderen en hun ouders te prikkelen.\r\n  \r\n  Meer informatie & aanmelden ''Stoere Traktaties'' is het eerste schoolproject van AKF. Met uiteindelijk een landelijk ambitieniveau hoopt AKF dat dergelijke korte interventies - die geheel belangeloos en tegen geringe vergoeding worden aangeboden - op de basisschool net zo belangrijk worden als de vakken schrijven, lezen en rekenen.      Wenst u meer informatie of een presentatie van het project of wilt u uw groep(en) aanmelden voor het schoolproject? Neem contact op met Aartsenfruit Kids Foundation of neem eens een kijkje op: www.stoeretraktaties.nl.  \r\n  \r\n Traktaties maken  De lesmodules worden aangeboden via een website. Elke les wordt ingeleid door een animatiefilmpje met ''het Fruitzooitje'' in de hoofdrol. Geïnspireerd door de verhalen en belevenissen gaan ze aan het werk en bedenken ze hun eigen stoere fruittraktaties. Ter afsluiting van het project ontvangen alle kinderen een ''Stoere Traktaties'' verjaardagskalender. Voor de kinderen een leuke herinnering met bewaarwaarde. Voor de basisscholen de communicatietool bij uitstek om hun traktatiebeleid zichtbaar te maken en te ondersteunen. Voor AKF is ''Stoere Traktaties'' een belangrijk middel om de bewustwording van het belang van gezonde voeding bij kinderen en hun ouders te prikkelen.   Meer informatie & aanmelden   ''Stoere Traktaties'' is het eerste schoolproject van AKF. Met uiteindelijk een landelijk ambitieniveau hoopt AKF dat dergelijke korte interventies - die geheel belangeloos en tegen geringe vergoeding worden aangeboden - op de basisschool net zo belangrijk worden als de vakken schrijven, lezen en rekenen.\r\n   \r\n  Wenst u meer informatie of een presentatie van het project of wilt u uw groep(en) aanmelden voor het schoolproject? Neem contact op met Aartsenfruit Kids Foundation of neem eens een kijkje op: www.stoeretraktaties.nl.\r\n   Steeds meer basisscholen propageren het gezond trakteren. Een fantastische ontwikkeling die geheel in lijn ligt met de ambitie van AKF om kinderen en hun ouders extra bewust te maken van het belang van goede voeding en een gezonde levensstijl. Toch ervaren de scholen weerstand, niet in de laatste plaats door de kinderen zelf die gezond trakteren onterecht associëren met ''suf'' en ''niet stoer''.\r\n   \r\n \r\n  Gezond trakteren is lekker en stoer!   Voor AKF reden te meer het gezond trakteren met beide handen aan te pakken en met een eerste schoolproject die gedachte om te buigen. Inmiddels is het pilotproject ''Stoere Traktaties'' van start gegaan in 11 klassen van 5 basisscholen in Breda.       Belevingsconcept  Door te communiceren door middel van ''een beleving'' stel je kinderen extra open voor een boodschap. Zo ook tijdens het project ''Stoere Traktaties'' waarmee AKF kinderen in de leeftijd van 7 tot en met 9 jaar laat ervaren hoe leuk, lekker en stoer gezond trakteren kan zijn. Bij aanvang van het project wordt de klas getrakteerd op een big-size fruitkist. Met deze kist vol groente en fruit, lesmaterialen zoals werkboekjes en spelletjes, verhalen en (smaak)belevingen neemt AKF de kinderen mee op de reis die groenten en fruit aflegt ''van land tot klant''. Achtergronden als ''waarom is fruit gezond en wat doet het in een lichaam'' komen vanzelfsprekend aan de orde, maar tijdens het project wordt vooral eigen inbreng van de kinderen verlangd. \r\n      &amp;amp;lt;span id="selection-marker-1" class="redactor-selection-marker" data-verified="redactor"&amp;amp;gt;&amp;amp;lt;/span&amp;amp;gt;&amp;amp;amp;amp;amp;amp;lt;span id="selection-marker-1" class="redactor-selection-marker" data-verified="redactor"&amp;amp;amp;amp;amp;amp;gt;&amp;amp;amp;amp;amp;amp;lt;/span&amp;amp;amp;amp;amp;amp;gt;\r\n  Steeds meer basisscholen propageren het gezond trakteren. Een fantastische ontwikkeling die geheel in lijn ligt met de ambitie van AKF om kinderen en hun ouders extra bewust te maken van het belang van goede voeding en een gezonde levensstijl. Toch ervaren de scholen weerstand, niet in de laatste plaats door de kinderen zelf die gezond trakteren onterecht associëren met ''suf'' en ''niet stoer''.  Gezond trakteren is lekker en stoer!   Voor AKF reden te meer het gezond trakteren met beide handen aan te pakken en met een eerste schoolproject die gedachte om te buigen. Inmiddels is het pilotproject ''Stoere Traktaties'' van start gegaan in 11 klassen van 5 basisscholen in Breda.\r\n \r\n  Traktaties maken  De lesmodules worden aangeboden via een website. Elke les wordt ingeleid door een animatiefilmpje met ''het Fruitzooitje'' in de hoofdrol. Geïnspireerd door de verhalen en belevenissen gaan ze aan het werk en bedenken ze hun eigen stoere fruittraktaties. Ter afsluiting van het project ontvangen alle kinderen een ''Stoere Traktaties'' verjaardagskalender. Voor de kinderen een leuke herinnering met bewaarwaarde. Voor de basisscholen de communicatietool bij uitstek om hun traktatiebeleid zichtbaar te maken en te ondersteunen. Voor AKF is ''Stoere Traktaties'' een belangrijk middel om de bewustwording van het belang van gezonde voeding bij kinderen en hun ouders te prikkelen. \r\n  BELEVINGSCONCEPT   Door te communiceren door middel van ''een beleving'' stel je kinderen extra open voor een boodschap. Zo ook tijdens het project ''Stoere Traktaties'' waarmee AKF kinderen in de leeftijd van 7 tot en met 9 jaar laat ervaren hoe leuk, lekker en stoer gezond trakteren kan zijn. Bij aanvang van het project wordt de klas getrakteerd op een big-size fruitkist. Met deze kist vol groente en fruit, lesmaterialen zoals werkboekjes en spelletjes, verhalen en (smaak)belevingen neemt AKF de kinderen mee op de reis die groenten en fruit aflegt ''van land tot klant''. Achtergronden als ''waarom is fruit gezond en wat doet het in een lichaam'' komen vanzelfsprekend aan de orde, maar tijdens het project wordt vooral eigen inbreng van de kinderen verlangd.   MEER INFORMATIE & AANMELDEN  ''Stoere Traktaties'' is het eerste schoolproject van AKF. Met uiteindelijk een landelijk ambitieniveau hoopt AKF dat dergelijke korte interventies - die geheel belangeloos en tegen geringe vergoeding worden aangeboden - op de basisschool net zo belangrijk worden als de vakken schrijven, lezen en rekenen.     Wenst u meer informatie of een presentatie van het project of wilt u uw groep(en) aanmelden voor het schoolproject? Neem contact op met Aartsenfruit Kids Foundation of neem eens een kijkje op: www.stoeretraktaties.nl.  ', 'Stoere Traktaties', 'Het lekkerste lespakket voor de basisschool', '/initiatieven/stoere-traktaties', '2017-02-22 14:54:00', '2017-02-24 12:32:20', NULL, 0),
(216, ' Aartsenfruit Kids Foundation\r\n   Disclaimer\r\n  ', 'Singelloop', 'Gelukkig sportief', '/initiatieven/sponsoring', '2017-02-22 14:54:00', '2017-02-23 10:21:21', NULL, 0),
(217, ' Disclaimer\r\n   Aartsenfruit Kids Foundation\r\n   Wanneer Sinterklaas, bij gebrek aan financiële middelen van je ouders, jouw huis voorbij dreigt te rijden is 5 december geen feestelijke datum. In samenwerking met CJG en de Bredase basisscholen maakt AKF het vieren van het Sinterklaasfeest thuis weer mogelijk.  ', 'Sinterklaas', 'Gelukkig verrast', '/initiatieven/sinterklaas', '2017-02-22 14:54:00', '2017-02-23 15:09:31', NULL, 0),
(218, ' Aartsenfruit Kids Foundation\r\n   Disclaimer\r\n  ', 'Oogappeltje', 'Geluksknuffel', '/initiatieven/oogappeltje', '2017-02-22 14:54:00', '2017-02-23 10:22:07', NULL, 0),
(219, '', 'Test', 'sd', '/initiatieven/test', '2017-02-22 15:30:00', '2017-02-22 15:30:35', NULL, 0),
(220, ' Aartsenfruit Kids Foundation\r\n  ', 'Footer-links', NULL, '/!stacks/footer-links', '2017-02-23 10:26:49', '2017-02-23 10:27:18', NULL, 0),
(221, ' Disclaimer\r\n  ', 'Footer-midden', NULL, '/!stacks/footer-midden', '2017-02-23 10:26:49', '2017-02-23 10:27:18', NULL, 0),
(222, ' Disclaimer\r\n   Aartsenfruit Kids Foundation\r\n  ', 'sdasd', '', '/sdasd', '2017-02-23 10:27:50', '2017-02-23 10:27:53', NULL, 0),
(223, ' Disclaimer\r\n   Aartsenfruit Kids Foundation\r\n   Plaats hier de content  ', 'Test 1 kolom', 'Test', '/test-1-kolom', '2017-02-23 12:44:00', '2017-02-23 12:45:25', NULL, 0),
(224, ' Disclaimer\r\n   Aartsenfruit Kids Foundation\r\n   Plaats hier de content  ', 'Stoere traktaties', '', '/stoere-traktaties', '2017-02-23 14:04:15', '2017-02-23 14:04:22', NULL, 0),
(225, ' Disclaimer\r\n   Aartsenfruit Kids Foundation\r\n   Plaats hier de content  Meer informatie   \r\n  Voor algemene informatie of vragen over AKF en onze projecten kunt u contact met ons opnemen:\r\n   \r\n  Contactpersoon  Annick Bezemer T.  +31 (0)6 - 11 25 64 31 E.       akf@aartsenfruitkidsfoundation.nl W. www.aartsenfruitkidsfoundation.nl  Bezoekadres   Heilaar-Noordweg 9, 4814 RR - Breda  Postadres   Postbus 9555, 4801 LN - Breda\r\n       Bankgegevens    Rekeningnummer          Rabobank Breda NL34RABO015.23.22.132  (t.n.v. Stichting Aartsenfruit Kids Foundation te Breda)     Iban  NL34RABO015.23.22.132     BIC Code  RABONL2U  Het AKF bestuur    De AKF wordt gevormd door 7 enthousiaste bestuursleden en betrokken mensen die verbonden zijn met Aartsenfruit:       Voorzitter Hellen Aartsen  Bestuursleden Lisette Aarts Marion van den Bemd Annick Bezemer Guanita Geutjes Marlies Knevels Enzo Zeekaf   Meer informatie   \r\n  Voor algemene informatie of vragen over AKF en onze projecten kunt u contact met ons opnemen:\r\n   \r\n  Contactpersoon  Annick Bezemer T.  +31 (0)6 - 11 25 64 31 E.       akf@aartsenfruitkidsfoundation.nl W. www.aartsenfruitkidsfoundation.nl  Bezoekadres   Heilaar-Noordweg 9, 4814 RR - Breda  Postadres   Postbus 9555, 4801 LN - Breda\r\n   \r\n  \r\n Bankgegevens  \r\n  Rekeningnummer\r\n  Rabobank Breda NL34RABO015.23.22.132\r\n  (t.n.v. Stichting Aartsenfruit Kids Foundation te Breda)\r\n   \r\n  Iban\r\n  NL34RABO015.23.22.132\r\n   \r\n  BIC Code\r\n  RABONL2U\r\n  HET AKF BESTUUR\r\n  \r\n \r\n De AKF wordt gevormd door 7 enthousiaste bestuursleden en betrokken mensen die verbonden zijn met Aartsenfruit:\r\n \r\n  \r\n \r\n Voorzitter Hellen Aartsen\r\n \r\n  Bestuursleden Lisette Aarts Marion van den Bemd Annick Bezemer Guanita Geutjes Marlies Knevels Enzo Zeekaf\r\n  ', 'Contact', '', '/contact', '2017-02-23 14:06:11', '2017-02-27 09:30:59', NULL, 0),
(226, ' Plaats hier de content   Plaats hier de content  ', 'Stoere traktaties', '', '/stoere-traktaties', '2017-02-23 14:06:43', '2017-02-23 15:02:01', NULL, 0),
(227, ' Plaats hier de content   Plaats hier de content  ', 'Initiatieven', '', '/initiatieven-1', '2017-02-23 14:23:20', '2017-02-23 14:23:33', NULL, 0),
(228, 'Vriend worden van AKF    ''Alleen doe je weinig, samen staan we sterk!'' Gelukkig staat de Aartsenfruit Kids Foundation er niet alleen voor en ontvangt de stichting financiële steun van onze vrienden. Word ook vriend van AKF of bestel ‘Oogappeltje’ onze mascotte. Wij willen u bij deze alvast bedanken voor alle steun aan de Aartsenfruit Kids Foundation!    Meerjarig donateurschap U kunt ons als ‘Vriend van AKF’ steunen door een vaste jaarlijkse donatie. Maak in het donatieformulier uw keuze uit de hoogte van uw bijdrage (vanaf  € 100,00) en bepaal zelf de duur van uw donateurschap (keuze tussen 3, 4 of 5 jaar). U ontvangt automatisch jaarlijks een factuur.      Wanneer u meerjarig donateur wordt, dan heeft u als Vriend van AKF recht op een vermelding van uw (bedrijfs)naam en logo op onze website. Tevens ontvangt u een speciale ‘Vrienden Web-banner’ met het logo van AKF voor uw eigen communicatie.    Eenmalige donatie Vanzelfsprekend kunt u ook kiezen voor een éénmalige donatie aan de AKF. Ook voor eenmalige donaties kunt u gebruik maken van het online donatieformulier. Hoe u ons ook steunt, we houden u als vriend of donateur graag op de hoogte van onze activiteiten.     Donatieformulier Download het donatieformulier.       Oogappeltje  \r\n  Oogappeltje bestellen U kunt de projecten die AKF initiëert steunen door onze mascotte ‘Oogappeltje’* te kopen. De volledige opbrengt van deze aanschaf komt ten goede aan onze projecten!\r\n   \r\n  U bestelt ‘Oogappeltje’ al voor € 7,50 per stuk (exclusief verzendkosten) door onderstaand bestelformulier in te vullen. Bereken de verzendkosten eenvoudig zelf aan de hand van onderstaand schema.\r\n   \r\n  Zodra het totaalbedrag van uw bestelling (inclusief de bijbehorende verzendkosten) zijn bijgeschreven op ons bankrekeningnummer ontvangt u uw ‘Oogappeltje(s)’ per post.\r\n   \r\n  * ‘Oogappeltje'' is in Nederland vervaardigd volgens de geldende CE normen.\r\n   \r\n \r\n  \r\n  Bereken de verzendkosten\r\n   \r\n  Nederland - 1 of 2 Oogappeltjes € 2,44 - meer dan 2 Oogappeltjes (tot en met 10 kg) € 6,95\r\n   \r\n  Europa - 1 of 2 Oogappeltjes € 5,09 - 3 tot 15 Oogappeltjes  € 19,50 (incl.track and trace)\r\n   \r\n  Buiten Europa - 1 of 2 Oogappeltjes € 5,09 - 3 tot 15 Oogappeltjes € 24,30\r\n   \r\n  Bankgegevens Rekeningnummer Rabobank Breda: NL34RABO015.23.22.132 Iban: NL34RABO015.23.22.132 BIC Code: RABONL2U  Bestellingen t.n.v. Stichting Aartsenfruit Kids Foundation te Breda o.v.v. ‘Oogappeltje’\r\n   \r\n     \r\n Bestel nu jouw Oogappeltje(s)!    ', 'Steun ons', '', '/steun-ons', '2017-02-23 15:33:00', '2017-02-27 13:45:26', NULL, 0),
(229, ' Disclaimer\r\n   Aartsenfruit Kids Foundation\r\n   De Aartsenfruit Kids Foundation is door de Nederlandse Belastingdienst aangemerkt als een algemeen nut beogende instelling zoals bedoeld in artikel 32 lid 1, onderdeel 3 en artikel 33 lid 1, onderdeel 4 Successiewet 1956 RSIN-nummer 8176.94.742.   Aftrekbaarheid giften voor privépersonen Door deze officiële erkenning zijn giften aan de AKF voor de verstrekker fiscaal aftrekbaar. De mate van aftrekbaarheid is aan wettelijke normen gebonden. Via bijgevoegde link kunt U dit voor uw eigen situatie zelf bepalen.     Download belastingdienst aftrek giften       ', 'Giften', '', '/steun-ons/giften', '2017-02-23 16:26:40', '2017-02-23 16:28:17', NULL, 0),
(231, 'Schoolprojecten    Bewustwording door beleving Bewustwording willen we creëren door verschillende korte interventies te ontwikkelen voor diverse groepen van basisscholen. De beleving staat daarbij centraal. Door ''te laten beleven'' wordt de boodschap veel krachtiger en aansprekender op kinderen overgebracht.Met voor de langere termijn een landelijk ambitieniveau en een basisschool-breed projectaanbod, is AKF met het scholenproject ''Stoere Traktaties'' van start gegaan bij groepen 4/5 van diverse basisscholen in de regio Breda. Onze inzet is dat deze belevingsprojecten uiteindelijk net zo gewoon worden als rekenen en schrijven op school, en dat ouders de onderwerpen en projecten zullen ervaren als noodzakelijk voor een gezonde ontwikkeling van hun kinderen.       Ondersteunende projecten    Schaalvergroting door partnerships Om met ''stOerGelukkig'' een grotere kinder- en jongeren doelgroep te willen bereiken is AKF een samenwerking aangegaan met CJG Breda (Centrum Jeugd en Gezin). Hulpbehoevende kinderen worden door CJG geselecteerd en doorverwezen naar de ondersteunende projecten van AKF. Een voorbeeld hiervan is het project ''Kinderfeestjes''. In het kader van het project ''Playing for Succes'' is AKF een samenwerking aangegaan met Jupiler League voetbalvereniging NAC Breda.   Sponsoring groente & fruit    Gezonder door gratis vitaminen Door het sponsoren van groente en fruit op scholen en tijdens sportgerelateerde evenementen zoals de Avond Vierdaagse, probeert AKF op directe wijze bij te dragen aan de gezondheid van kinderen. Als tegenprestatie vraagt AKF aandacht voor de stichting en haar projecten d.m.v. (aan de organisaties ter beschikking gestelde) posters, flyers, banieren en web-banners.  Waarom stOerGelukkig\r\n  \r\n \r\n ''Kinderen hebben het recht om te weten!'' \r\n \r\n AKF wil bereiken dat kinderen - de volwassenen van de toekomst - bewust worden in wat ze doen, in hoe ze omgaan met anderen én met zichzelf. Kinderen hebben het recht te weten hoe voeding, natuur en welzijn met elkaar verbonden zijn. Door in begrijpelijke kindertaal - zonder opgestoken wijsvinger - inzicht te geven in o.a. het belang van goede voeding en een gezonde levensstijl, kunnen ze later bewustere en daarmee betere keuzes maken voor zichzelf en hun omgeving.\r\n \r\n  \r\n \r\n\r\n \r\n \r\n \r\n''Het is stoer om Oer Gelukkig te zijn!'' Bij de verdere ontwikkeling van haar gedachtegoed raakte AKF geïnspireerd door het boek ‘Oersterk’ van Richard de Leth. Gesterkt door zijn inzichten ontsproot de gedachte ‘het is stoer om Oer Gelukkig te zijn!’. Ofwel ‘stOerGelukkig’. Onder deze naam en met deze filosofie ontwikkelt de stichting diverse projecten en activiteiten.  \r\n \r\n \r\n \r\n Trajecten ‘stOerGelukkig’ vertaalt zich naar drie trajecten:\r\n \r\n\r\n	Schoolprojecten\r\n	Ondersteunende projecten\r\n	Sponsoring van groente & fruit\r\n ', 'StOerGelukkig', 'stOerGelukkig is de naam die wij gegeven hebben aan onze missie', '/stoergelukkig', '2017-02-23 16:31:00', '2017-02-27 15:40:33', NULL, 0),
(234, ' Disclaimer\r\n   Aartsenfruit Kids Foundation\r\n   Plaats hier de content  ', 'Financieel overzicht', 'Download de pdf', '/afk/financieel-overzicht', '2017-02-24 12:40:00', '2017-02-24 12:42:43', NULL, 0),
(235, ' Disclaimer\r\n   Aartsenfruit Kids Foundation\r\n   Plaats hier de content  ', 'Beleidsplan', 'Download de pdf', '/afk/beleidsplan', '2017-02-24 12:40:00', '2017-02-24 12:42:43', NULL, 0),
(236, ' Disclaimer\r\n   Aartsenfruit Kids Foundation\r\n   Helpende hand  In de eerste jaren van haar bestaan was Aartsenfruit Kids Foundation vooral een ''doe-stichting''. Samen met de medewerkers van Aartsenfruit stak de AKF letterlijk de helpende hand uit naar die    kinderen die een steuntje in de rug konden gebruiken.     Hulpvragen  Aan tientallen hulpaanvragen werd in de periode 2007 tot en met 2014 gehoor gegeven. We staken de handen uit de mouwen als er ergens iets opgeknapt moest worden. Of hielpen in materiële zin als een voorziening voor de ouders of een organisatie onmogelijk leek. Anno 2015 mogen we trots en tevreden terugkijken op de hulp en de oplossingen die we konden bieden.       Projecten    Ondersteunende projecten  AKF is een samenwerking aangegaan met het Centrum Jeugd en Gezin (CJG). Bij deze landelijke organisatie kunnen ouders terecht met allerhande vragen over de opvoeding, het opgroeien en de gezondheid van hun kind. Aangezien het CJG in nauw contact staat met vele scholen en gezinnen zijn zij de oren en ogen voor AKF. Ingeval zij hulpvragen signaleren waarvoor geen of onvoldoende fondsen beschikbaar zijn, kan door het CJG een beroep worden gedaan op diverse ondersteunende projecten van AKF. De onderstaande projecten zijn primair gericht op het voorkomen van een sociaal isolement en de bevordering van het emotioneel welzijn van kinderen.  ', 'Hoe het begon', 'Lees meer over de oprichting van AKF, de uitleg van de initiatieven en hoe het begon', '/afk/hoe-het-begon', '2017-02-24 12:41:00', '2017-02-27 15:30:40', NULL, 0),
(237, ' Disclaimer\r\n   Aartsenfruit Kids Foundation\r\n  Gerealiseerde projecten    Periode 2007-2015  Sinds de oprichting in 2007 heeft de Aartsenfruit Kids Foundation talloze kinderen en hun ouders verlichting en geluk gebracht. Door middel van kleinschalige projecten werd directe hulp geboden in de vorm van producten en diensten.     Trots   Met de ambitie om op grotere schaal een helpende hand te bieden is de focus van de stichting verschoven. De hulpaanvragen hebben plaatsgemaakt voor eigen projecten waarmee AKF proactief een essentiële bijdrage levert aan het gevoel van eigenwaarde, zelfvertrouwen en welzijn van kinderen.     Maar vanzelfsprekend kijken we anno 2015 tevreden en trots terug op alles wat we samen bereikt hebben!  GEREALISEERDE PROJECTEN    Periode 2007-2015  Sinds de oprichting in 2007 heeft de Aartsenfruit Kids Foundation talloze kinderen en hun ouders verlichting en geluk gebracht. Door middel van kleinschalige projecten werd directe hulp geboden in de vorm van producten en diensten.     Trots   Met de ambitie om op grotere schaal een helpende hand te bieden is de focus van de stichting verschoven. De hulpaanvragen hebben plaatsgemaakt voor eigen projecten waarmee AKF proactief een essentiële bijdrage levert aan het gevoel van eigenwaarde, zelfvertrouwen en welzijn van kinderen.     Maar vanzelfsprekend kijken we anno 2015 tevreden en trots terug op alles wat we samen bereikt hebben!  Projecten 2015    Maart 2015  AKF maakt het snoezelen voor Jasmijn mogelijk     Januari 2015  Allergeen werend beddengoed voor Jeriël  ', 'Terugblik', 'Lees meer over de gerealiseerde initiatieven', '/afk/terugblik', '2017-02-24 12:41:00', '2017-02-27 15:28:39', NULL, 0),
(239, ' Disclaimer\r\n   Aartsenfruit Kids Foundation\r\n   Plaats hier de content  ', 'Naam 1', 'Gegevens 1', '/contact/naam-1', '2017-02-24 16:24:00', '2017-02-24 16:30:17', NULL, 0),
(240, ' Disclaimer\r\n   Aartsenfruit Kids Foundation\r\n   Plaats hier de content  ', 'Naam 2', 'Gegevens 2', '/contact/naam-2', '2017-02-24 16:24:00', '2017-02-24 16:31:34', NULL, 0),
(241, ' Disclaimer\r\n   Aartsenfruit Kids Foundation\r\n   Plaats hier de content  ', 'Naam 3', 'Gegevens 3', '/contact/naam-3', '2017-02-24 16:24:00', '2017-02-24 16:31:34', NULL, 0),
(242, ' Disclaimer\r\n   Aartsenfruit Kids Foundation\r\n   Plaats hier de content  ', 'Naam 4', 'Gegevens 4', '/contact/naam-4', '2017-02-24 16:24:00', '2017-02-24 16:31:34', NULL, 0),
(243, ' Disclaimer\r\n   Aartsenfruit Kids Foundation\r\n   Plaats hier de content  ', 'Naam 5', 'Gegevens 5', '/contact/naam-5', '2017-02-24 16:25:00', '2017-02-24 16:31:34', NULL, 0),
(244, ' Disclaimer\r\n   Aartsenfruit Kids Foundation\r\n   Plaats hier de content  ', 'Naam 6', 'Gegevens 6', '/contact/naam-6', '2017-02-24 16:25:00', '2017-02-24 16:31:34', NULL, 0),
(245, ' Disclaimer\r\n   Aartsenfruit Kids Foundation\r\n   Plaats hier de content  ', 'Naam 7', 'Gegevens 7', '/contact/naam-7', '2017-02-24 16:25:00', '2017-02-24 16:31:34', NULL, 0),
(246, ' Download hier het Beleidsplan van de Aartsenfruit Kids Foundation  ', 'Beleidsplan', 'Lees meer over het beleidsplan, het financiële overzicht en hoe je ons kunt steunen', '/afk/beleidsplan', '2017-02-27 13:50:00', '2017-02-27 15:32:12', NULL, 0),
(247, ' Disclaimer\r\n   Aartsenfruit Kids Foundation\r\n   Plaats hier de content  Vriend worden van AKF \r\n  \r\n \r\n''Alleen doe je weinig, samen staan we sterk!''\r\n Gelukkig staat de Aartsenfruit Kids Foundation er niet alleen voor en ontvangt de stichting financiële steun van onze vrienden. Word ook vriend van AKF of bestel ‘Oogappeltje’ onze mascotte. Wij willen u bij deze alvast bedanken voor alle steun aan de Aartsenfruit Kids Foundation!\r\n \r\n  \r\n \r\nMeerjarig donateurschap\r\n U kunt ons als ‘Vriend van AKF’ steunen door een vaste jaarlijkse donatie. Maak in het donatieformulier uw keuze uit de hoogte van uw bijdrage (vanaf  € 100,00) en bepaal zelf de duur van uw donateurschap (keuze tussen 3, 4 of 5 jaar). U ontvangt automatisch jaarlijks een factuur. \r\n \r\n  \r\n \r\n Wanneer u meerjarig donateur wordt, dan heeft u als Vriend van AKF recht op een vermelding van uw (bedrijfs)naam en logo op onze website. Tevens ontvangt u een speciale ‘Vrienden Web-banner’ met het logo van AKF voor uw eigen communicatie.\r\n \r\n  \r\n \r\nEenmalige donatie\r\n Vanzelfsprekend kunt u ook kiezen voor een éénmalige donatie aan de AKF. Ook voor eenmalige donaties kunt u gebruik maken van het online donatieformulier. Hoe u ons ook steunt, we houden u als vriend of donateur graag op de hoogte van onze activiteiten.\r\n \r\n  \r\n \r\n Donatieformulier Download het donatieformulier. \r\n \r\n  \r\n \r\n\r\n  Oogappeltje\r\n  \r\n \r\n Oogappeltje bestellen U kunt de projecten die AKF initiëert steunen door onze mascotte ‘Oogappeltje’* te kopen. De volledige opbrengt van deze aanschaf komt ten goede aan onze projecten!\r\n \r\n  \r\n \r\n U bestelt ‘Oogappeltje’ al voor € 7,50 per stuk (exclusief verzendkosten) door onderstaand bestelformulier in te vullen. Bereken de verzendkosten eenvoudig zelf aan de hand van onderstaand schema.\r\n \r\n  \r\n \r\n Zodra het totaalbedrag van uw bestelling (inclusief de bijbehorende verzendkosten) zijn bijgeschreven op ons bankrekeningnummer ontvangt u uw ‘Oogappeltje(s)’ per post.\r\n \r\n  \r\n \r\n * ‘Oogappeltje'' is in Nederland vervaardigd volgens de geldende CE normen.\r\n \r\n  \r\n \r\n\r\n \r\n \r\n \r\n Bereken de verzendkosten\r\n \r\n  \r\n \r\n Nederland - 1 of 2 Oogappeltjes € 2,44 - meer dan 2 Oogappeltjes (tot en met 10 kg) € 6,95\r\n \r\n  \r\n \r\n Europa - 1 of 2 Oogappeltjes € 5,09 - 3 tot 15 Oogappeltjes  € 19,50 (incl.track and trace)\r\n \r\n  \r\n \r\n Buiten Europa - 1 of 2 Oogappeltjes € 5,09 - 3 tot 15 Oogappeltjes € 24,30\r\n \r\n  \r\n \r\n Bankgegevens Rekeningnummer Rabobank Breda: NL34RABO015.23.22.132 Iban: NL34RABO015.23.22.132 BIC Code: RABONL2U  Bestellingen t.n.v. Stichting Aartsenfruit Kids Foundation te Breda o.v.v. ‘Oogappeltje’\r\n \r\n  \r\n \r\n  \r\n \r\n \r\n \r\nBestel nu jouw Oogappeltje(s)!\r\n  \r\n  ', 'Vrienden van AKF', 'Lees meer over de vrienden van AKF', '/afk/vrienden-van-akf', '2017-02-27 13:51:00', '2017-02-27 15:37:14', NULL, 0),
(248, '', 'Projecten', '', '/projecten', '2017-02-27 15:22:00', '2017-02-27 15:39:02', NULL, 0),
(249, ' Disclaimer\r\n   Aartsenfruit Kids Foundation\r\n   De driejarige Jasmijn heeft een zeldzame ongeneeslijke stofwisseling ziekte. GM3 genaamd. Behalve een slechte prognose voor haar toekomst brengt deze ziekte haar zowel mentale als lichamelijke beperkingen zoals o.a. het niet kunnen kruipen, zitten en lopen, het zo goed als doof en blind zijn, het niet kunnen praten en mede daarom altijd verzorgd zal moeten blijven.   Haar ouders krijgen van het Sophia Kinderziekenhuis de boodschap, maak het voor Jasmijn zo comfortabel mogelijk.   Met deze boodschap doen haar ouders en grootouders alles wat in hun macht ligt om het Jasmijn zo aangenaam mogelijk te maken tijdens deze zeer moeilijke weg. Na de noodgedwongen verhuizing weten zij voor Jasmijn o.a. een aangepaste kamer te realiseren op de begane grond van hun nieuwe woning.   Als de AKF verneemt dat Jasmijn erg geholpen is bij het snoezelen (= het ontspannen in een ruimte waarin voorwerpen, beelden, kleuren, geuren en geluiden de zintuigen aangenaam prikkelen) besluiten wij de snoezel benodigdheden aan te schaffen voor haar aangepaste kamer.  ', 'AKF maakt het snoezelen voor Jasmijn mogelijk', '', '/projecten/akf-maakt-het-snoezelen-voor-jasmijn-mogelijk', '2017-02-27 15:25:00', '2017-02-27 15:39:02', NULL, 0),
(250, ' Disclaimer\r\n   Aartsenfruit Kids Foundation\r\n   De 8 jarige Jeriël lijdt aan een koemelkallergie en is allergisch voor huisstofmijt. Hij heeft regelmatig zware astmatische aanvallen en moet regelmatig daarvoor opgenomen worden in het ziekenhuis.   Volgens de longverpleegkundige is het voor Jeriël van belang dat hij slaapt onder allergeen werend beddengoed. Dit wordt echter niet vergoed door de ziektekosten verzekering en het gezin kan ook geen beroep meer doen op anderen regelingen.   Omdat het een meerwaarde is voor zijn gezondheid besluit de AKF het allergeen werende beddengoed voor Jeriël aan te schaffen. Tevens heeft de AKF er ook voor gezorgd dat zijn drie jongere broertjes er voortaan ook warmpjes bij liggen tijdens de koude maanden.   Als extraatje verrasten wij het gezinnetje met een goed gevulde boodschappentas en maakten wij de jongens blij met wat speelgoed.  ', 'Allergeen werend beddengoed voor Jeriël', '', '/projecten/allergeen-werend-beddengoed-voor-jeriel', '2017-02-27 15:27:00', '2017-02-27 15:39:02', NULL, 0);

-- --------------------------------------------------------

--
-- Tabelstructuur voor tabel `PageTemplates`
--

CREATE TABLE `PageTemplates` (
  `pTemplateID` int(10) UNSIGNED NOT NULL,
  `pTemplateHandle` varchar(32) COLLATE utf8_unicode_ci NOT NULL,
  `pTemplateIcon` varchar(128) COLLATE utf8_unicode_ci DEFAULT NULL,
  `pTemplateName` varchar(90) COLLATE utf8_unicode_ci NOT NULL,
  `pTemplateIsInternal` tinyint(1) NOT NULL DEFAULT '0',
  `pkgID` int(10) UNSIGNED NOT NULL DEFAULT '0'
) ENGINE=InnoDB DEFAULT CHARSET=utf8 COLLATE=utf8_unicode_ci;

--
-- Gegevens worden geëxporteerd voor tabel `PageTemplates`
--

INSERT INTO `PageTemplates` (`pTemplateID`, `pTemplateHandle`, `pTemplateIcon`, `pTemplateName`, `pTemplateIsInternal`, `pkgID`) VALUES
(1, 'core_stack', '', 'Stack', 1, 0),
(2, 'dashboard_primary_five', '', 'Dashboard Primary + Five', 1, 0),
(3, 'dashboard_header_four_col', '', 'Dashboard Header + Four Column', 1, 0),
(4, 'dashboard_full', '', 'Dashboard Full', 1, 0),
(5, 'blank', 'blank.png', 'Blank', 0, 0),
(6, 'full', 'full.png', 'Full', 0, 0),
(9, '1column', 'full.png', 'Een kolom', 0, 0),
(10, '2columns', 'two_column.png', 'Twee kolommen', 0, 0),
(11, 'multiplecolumn', 'landing.png', 'Meerdere soorten kolommen', 0, 0),
(12, 'contact', 'grid.png', 'Contact', 0, 0);

-- --------------------------------------------------------

--
-- Tabelstructuur voor tabel `PageThemeCustomStyles`
--

CREATE TABLE `PageThemeCustomStyles` (
  `pThemeID` int(10) UNSIGNED NOT NULL DEFAULT '0',
  `scvlID` int(10) UNSIGNED DEFAULT '0',
  `preset` varchar(255) COLLATE utf8_unicode_ci DEFAULT NULL,
  `sccRecordID` int(10) UNSIGNED DEFAULT '0'
) ENGINE=InnoDB DEFAULT CHARSET=utf8 COLLATE=utf8_unicode_ci;

-- --------------------------------------------------------

--
-- Tabelstructuur voor tabel `PageThemes`
--

CREATE TABLE `PageThemes` (
  `pThemeID` int(10) UNSIGNED NOT NULL,
  `pThemeHandle` varchar(64) COLLATE utf8_unicode_ci NOT NULL,
  `pThemeName` varchar(255) COLLATE utf8_unicode_ci DEFAULT NULL,
  `pThemeDescription` text COLLATE utf8_unicode_ci,
  `pkgID` int(10) UNSIGNED NOT NULL DEFAULT '0',
  `pThemeHasCustomClass` tinyint(1) NOT NULL DEFAULT '0'
) ENGINE=InnoDB DEFAULT CHARSET=utf8 COLLATE=utf8_unicode_ci;

--
-- Gegevens worden geëxporteerd voor tabel `PageThemes`
--

INSERT INTO `PageThemes` (`pThemeID`, `pThemeHandle`, `pThemeName`, `pThemeDescription`, `pkgID`, `pThemeHasCustomClass`) VALUES
(1, 'elemental', 'Elemental', 'Elegant, spacious theme with support for blogs, portfolios, layouts and more.', 0, 1),
(2, 'akf', 'Akf', 'Copyright Forza Digital', 1, 0);

-- --------------------------------------------------------

--
-- Tabelstructuur voor tabel `PageTypeComposerControlTypes`
--

CREATE TABLE `PageTypeComposerControlTypes` (
  `ptComposerControlTypeID` int(10) UNSIGNED NOT NULL,
  `ptComposerControlTypeHandle` varchar(255) COLLATE utf8_unicode_ci DEFAULT NULL,
  `ptComposerControlTypeName` varchar(255) COLLATE utf8_unicode_ci DEFAULT NULL,
  `pkgID` int(10) UNSIGNED NOT NULL DEFAULT '0'
) ENGINE=InnoDB DEFAULT CHARSET=utf8 COLLATE=utf8_unicode_ci;

--
-- Gegevens worden geëxporteerd voor tabel `PageTypeComposerControlTypes`
--

INSERT INTO `PageTypeComposerControlTypes` (`ptComposerControlTypeID`, `ptComposerControlTypeHandle`, `ptComposerControlTypeName`, `pkgID`) VALUES
(1, 'core_page_property', 'Built-In Property', 0),
(2, 'collection_attribute', 'Custom Attribute', 0),
(3, 'block', 'Block', 0);

-- --------------------------------------------------------

--
-- Tabelstructuur voor tabel `PageTypeComposerFormLayoutSetControls`
--

CREATE TABLE `PageTypeComposerFormLayoutSetControls` (
  `ptComposerFormLayoutSetControlID` int(10) UNSIGNED NOT NULL,
  `ptComposerFormLayoutSetID` int(10) UNSIGNED DEFAULT '0',
  `ptComposerControlTypeID` int(10) UNSIGNED DEFAULT '0',
  `ptComposerControlObject` longtext COLLATE utf8_unicode_ci,
  `ptComposerFormLayoutSetControlDisplayOrder` int(10) UNSIGNED DEFAULT '0',
  `ptComposerFormLayoutSetControlCustomLabel` varchar(255) COLLATE utf8_unicode_ci DEFAULT NULL,
  `ptComposerFormLayoutSetControlCustomTemplate` varchar(255) COLLATE utf8_unicode_ci DEFAULT NULL,
  `ptComposerFormLayoutSetControlDescription` varchar(255) COLLATE utf8_unicode_ci DEFAULT NULL,
  `ptComposerFormLayoutSetControlRequired` int(11) DEFAULT '0'
) ENGINE=InnoDB DEFAULT CHARSET=utf8 COLLATE=utf8_unicode_ci;

--
-- Gegevens worden geëxporteerd voor tabel `PageTypeComposerFormLayoutSetControls`
--

INSERT INTO `PageTypeComposerFormLayoutSetControls` (`ptComposerFormLayoutSetControlID`, `ptComposerFormLayoutSetID`, `ptComposerControlTypeID`, `ptComposerControlObject`, `ptComposerFormLayoutSetControlDisplayOrder`, `ptComposerFormLayoutSetControlCustomLabel`, `ptComposerFormLayoutSetControlCustomTemplate`, `ptComposerFormLayoutSetControlDescription`, `ptComposerFormLayoutSetControlRequired`) VALUES
(1, 1, 1, 'O:78:"Concrete\\Core\\Page\\Type\\Composer\\Control\\CorePageProperty\\NameCorePageProperty":11:{s:37:"\0*\0ptComposerControlRequiredByDefault";b:1;s:17:"\0*\0propertyHandle";s:4:"name";s:30:"\0*\0ptComposerControlTypeHandle";s:18:"core_page_property";s:30:"\0*\0ptComposerControlIdentifier";s:4:"name";s:24:"\0*\0ptComposerControlName";N;s:27:"\0*\0ptComposerControlIconSRC";s:34:"/concrete/attributes/text/icon.png";s:20:"\0*\0ptComposerControl";N;s:41:"\0*\0ptComposerControlRequiredOnThisRequest";b:0;s:31:"\0*\0ptComposerControlCustomLabel";N;s:31:"\0*\0ptComposerControlDescription";N;s:5:"error";s:0:"";}', 0, 'Page Name', NULL, NULL, 1),
(2, 1, 1, 'O:85:"Concrete\\Core\\Page\\Type\\Composer\\Control\\CorePageProperty\\DescriptionCorePageProperty":11:{s:17:"\0*\0propertyHandle";s:11:"description";s:30:"\0*\0ptComposerControlTypeHandle";s:18:"core_page_property";s:30:"\0*\0ptComposerControlIdentifier";s:11:"description";s:24:"\0*\0ptComposerControlName";N;s:27:"\0*\0ptComposerControlIconSRC";s:38:"/concrete/attributes/textarea/icon.png";s:20:"\0*\0ptComposerControl";N;s:37:"\0*\0ptComposerControlRequiredByDefault";b:0;s:41:"\0*\0ptComposerControlRequiredOnThisRequest";b:0;s:31:"\0*\0ptComposerControlCustomLabel";N;s:31:"\0*\0ptComposerControlDescription";N;s:5:"error";s:0:"";}', 1, NULL, NULL, NULL, 0),
(3, 1, 1, 'O:81:"Concrete\\Core\\Page\\Type\\Composer\\Control\\CorePageProperty\\UrlSlugCorePageProperty":11:{s:17:"\0*\0propertyHandle";s:8:"url_slug";s:30:"\0*\0ptComposerControlTypeHandle";s:18:"core_page_property";s:30:"\0*\0ptComposerControlIdentifier";s:8:"url_slug";s:24:"\0*\0ptComposerControlName";N;s:27:"\0*\0ptComposerControlIconSRC";s:34:"/concrete/attributes/text/icon.png";s:20:"\0*\0ptComposerControl";N;s:37:"\0*\0ptComposerControlRequiredByDefault";b:0;s:41:"\0*\0ptComposerControlRequiredOnThisRequest";b:0;s:31:"\0*\0ptComposerControlCustomLabel";N;s:31:"\0*\0ptComposerControlDescription";N;s:5:"error";s:0:"";}', 2, NULL, NULL, NULL, 0),
(4, 1, 1, 'O:86:"Concrete\\Core\\Page\\Type\\Composer\\Control\\CorePageProperty\\PageTemplateCorePageProperty":11:{s:17:"\0*\0propertyHandle";s:13:"page_template";s:30:"\0*\0ptComposerControlTypeHandle";s:18:"core_page_property";s:30:"\0*\0ptComposerControlIdentifier";s:13:"page_template";s:24:"\0*\0ptComposerControlName";N;s:27:"\0*\0ptComposerControlIconSRC";s:36:"/concrete/attributes/select/icon.png";s:20:"\0*\0ptComposerControl";N;s:37:"\0*\0ptComposerControlRequiredByDefault";b:0;s:41:"\0*\0ptComposerControlRequiredOnThisRequest";b:0;s:31:"\0*\0ptComposerControlCustomLabel";N;s:31:"\0*\0ptComposerControlDescription";N;s:5:"error";s:0:"";}', 3, NULL, NULL, NULL, 0),
(5, 1, 1, 'O:87:"Concrete\\Core\\Page\\Type\\Composer\\Control\\CorePageProperty\\PublishTargetCorePageProperty":11:{s:17:"\0*\0propertyHandle";s:14:"publish_target";s:30:"\0*\0ptComposerControlTypeHandle";s:18:"core_page_property";s:30:"\0*\0ptComposerControlIdentifier";s:14:"publish_target";s:24:"\0*\0ptComposerControlName";N;s:27:"\0*\0ptComposerControlIconSRC";s:40:"/concrete/attributes/image_file/icon.png";s:20:"\0*\0ptComposerControl";N;s:37:"\0*\0ptComposerControlRequiredByDefault";b:0;s:41:"\0*\0ptComposerControlRequiredOnThisRequest";b:0;s:31:"\0*\0ptComposerControlCustomLabel";N;s:31:"\0*\0ptComposerControlDescription";N;s:5:"error";s:0:"";}', 4, NULL, NULL, NULL, 0);

-- --------------------------------------------------------

--
-- Tabelstructuur voor tabel `PageTypeComposerFormLayoutSets`
--

CREATE TABLE `PageTypeComposerFormLayoutSets` (
  `ptComposerFormLayoutSetID` int(10) UNSIGNED NOT NULL,
  `ptID` int(10) UNSIGNED DEFAULT '0',
  `ptComposerFormLayoutSetName` varchar(255) COLLATE utf8_unicode_ci DEFAULT NULL,
  `ptComposerFormLayoutSetDescription` text COLLATE utf8_unicode_ci,
  `ptComposerFormLayoutSetDisplayOrder` int(10) UNSIGNED DEFAULT '0'
) ENGINE=InnoDB DEFAULT CHARSET=utf8 COLLATE=utf8_unicode_ci;

--
-- Gegevens worden geëxporteerd voor tabel `PageTypeComposerFormLayoutSets`
--

INSERT INTO `PageTypeComposerFormLayoutSets` (`ptComposerFormLayoutSetID`, `ptID`, `ptComposerFormLayoutSetName`, `ptComposerFormLayoutSetDescription`, `ptComposerFormLayoutSetDisplayOrder`) VALUES
(1, 6, 'Basics', '', 0);

-- --------------------------------------------------------

--
-- Tabelstructuur voor tabel `PageTypeComposerOutputBlocks`
--

CREATE TABLE `PageTypeComposerOutputBlocks` (
  `ptComposerOutputBlockID` int(10) UNSIGNED NOT NULL,
  `cID` int(10) UNSIGNED NOT NULL DEFAULT '0',
  `arHandle` varchar(255) COLLATE utf8_unicode_ci DEFAULT NULL,
  `cbDisplayOrder` int(10) UNSIGNED DEFAULT '0',
  `ptComposerFormLayoutSetControlID` int(10) UNSIGNED NOT NULL DEFAULT '0',
  `bID` int(10) UNSIGNED DEFAULT '0'
) ENGINE=InnoDB DEFAULT CHARSET=utf8 COLLATE=utf8_unicode_ci;

-- --------------------------------------------------------

--
-- Tabelstructuur voor tabel `PageTypeComposerOutputControls`
--

CREATE TABLE `PageTypeComposerOutputControls` (
  `ptComposerOutputControlID` int(10) UNSIGNED NOT NULL,
  `pTemplateID` int(10) UNSIGNED DEFAULT '0',
  `ptID` int(10) UNSIGNED DEFAULT '0',
  `ptComposerFormLayoutSetControlID` int(10) UNSIGNED DEFAULT '0'
) ENGINE=InnoDB DEFAULT CHARSET=utf8 COLLATE=utf8_unicode_ci;

-- --------------------------------------------------------

--
-- Tabelstructuur voor tabel `PageTypePageTemplateDefaultPages`
--

CREATE TABLE `PageTypePageTemplateDefaultPages` (
  `pTemplateID` int(10) UNSIGNED NOT NULL DEFAULT '0',
  `ptID` int(10) UNSIGNED NOT NULL DEFAULT '0',
  `cID` int(10) UNSIGNED DEFAULT '0'
) ENGINE=InnoDB DEFAULT CHARSET=utf8 COLLATE=utf8_unicode_ci;

--
-- Gegevens worden geëxporteerd voor tabel `PageTypePageTemplateDefaultPages`
--

INSERT INTO `PageTypePageTemplateDefaultPages` (`pTemplateID`, `ptID`, `cID`) VALUES
(6, 6, 153),
(5, 6, 180),
(7, 6, 181),
(8, 6, 182),
(8, 7, 184),
(7, 8, 185),
(7, 9, 186),
(6, 10, 187),
(6, 11, 188),
(5, 12, 189),
(9, 12, 190),
(6, 12, 191),
(7, 12, 192),
(8, 12, 193),
(10, 12, 194),
(5, 13, 195),
(9, 13, 196),
(6, 13, 197),
(7, 13, 198),
(8, 13, 199),
(10, 13, 200),
(10, 6, 201),
(9, 6, 202),
(11, 6, 233),
(12, 6, 238);

-- --------------------------------------------------------

--
-- Tabelstructuur voor tabel `PageTypePageTemplates`
--

CREATE TABLE `PageTypePageTemplates` (
  `ptID` int(10) UNSIGNED NOT NULL DEFAULT '0',
  `pTemplateID` int(10) UNSIGNED NOT NULL DEFAULT '0'
) ENGINE=InnoDB DEFAULT CHARSET=utf8 COLLATE=utf8_unicode_ci;

-- --------------------------------------------------------

--
-- Tabelstructuur voor tabel `PageTypePermissionAssignments`
--

CREATE TABLE `PageTypePermissionAssignments` (
  `ptID` int(10) UNSIGNED NOT NULL DEFAULT '0',
  `pkID` int(10) UNSIGNED NOT NULL DEFAULT '0',
  `paID` int(10) UNSIGNED NOT NULL DEFAULT '0'
) ENGINE=InnoDB DEFAULT CHARSET=utf8 COLLATE=utf8_unicode_ci;

--
-- Gegevens worden geëxporteerd voor tabel `PageTypePermissionAssignments`
--

INSERT INTO `PageTypePermissionAssignments` (`ptID`, `pkID`, `paID`) VALUES
(1, 59, 9),
(1, 60, 9),
(1, 61, 9),
(1, 62, 9),
(1, 63, 26),
(2, 59, 9),
(2, 60, 9),
(2, 61, 9),
(2, 62, 9),
(2, 63, 27),
(3, 59, 9),
(3, 60, 9),
(3, 61, 9),
(3, 62, 9),
(3, 63, 28),
(4, 59, 9),
(4, 60, 9),
(4, 61, 9),
(4, 62, 9),
(4, 63, 29),
(5, 59, 9),
(5, 60, 9),
(5, 61, 9),
(5, 62, 9),
(5, 63, 30),
(6, 59, 9),
(6, 60, 9),
(6, 61, 9),
(6, 62, 9),
(6, 63, 33),
(7, 59, 9),
(7, 60, 9),
(7, 61, 9),
(7, 62, 9),
(7, 63, 34),
(8, 59, 9),
(8, 60, 9),
(8, 61, 9),
(8, 62, 9),
(8, 63, 35),
(9, 59, 9),
(9, 60, 9),
(9, 61, 9),
(9, 62, 9),
(9, 63, 36),
(10, 59, 9),
(10, 60, 9),
(10, 61, 9),
(10, 62, 9),
(10, 63, 37),
(11, 59, 9),
(11, 60, 9),
(11, 61, 9),
(11, 62, 9),
(11, 63, 38),
(12, 59, 9),
(12, 60, 9),
(12, 61, 9),
(12, 62, 9),
(12, 63, 101),
(13, 59, 9),
(13, 60, 9),
(13, 61, 9),
(13, 62, 9),
(13, 63, 102);

-- --------------------------------------------------------

--
-- Tabelstructuur voor tabel `PageTypePublishTargetTypes`
--

CREATE TABLE `PageTypePublishTargetTypes` (
  `ptPublishTargetTypeID` int(10) UNSIGNED NOT NULL,
  `ptPublishTargetTypeHandle` varchar(255) COLLATE utf8_unicode_ci DEFAULT NULL,
  `ptPublishTargetTypeName` varchar(255) COLLATE utf8_unicode_ci DEFAULT NULL,
  `pkgID` int(10) UNSIGNED NOT NULL DEFAULT '0'
) ENGINE=InnoDB DEFAULT CHARSET=utf8 COLLATE=utf8_unicode_ci;

--
-- Gegevens worden geëxporteerd voor tabel `PageTypePublishTargetTypes`
--

INSERT INTO `PageTypePublishTargetTypes` (`ptPublishTargetTypeID`, `ptPublishTargetTypeHandle`, `ptPublishTargetTypeName`, `pkgID`) VALUES
(1, 'parent_page', 'Always publish below a certain page', 0),
(2, 'page_type', 'Choose from pages of a certain type', 0),
(3, 'all', 'Choose from all pages when publishing', 0);

-- --------------------------------------------------------

--
-- Tabelstructuur voor tabel `PageTypes`
--

CREATE TABLE `PageTypes` (
  `ptID` int(10) UNSIGNED NOT NULL,
  `ptName` varchar(255) COLLATE utf8_unicode_ci NOT NULL,
  `ptHandle` varchar(128) COLLATE utf8_unicode_ci NOT NULL,
  `ptPublishTargetTypeID` int(10) UNSIGNED DEFAULT NULL,
  `ptDefaultPageTemplateID` int(10) UNSIGNED DEFAULT NULL,
  `ptAllowedPageTemplates` varchar(1) COLLATE utf8_unicode_ci DEFAULT 'A',
  `ptIsInternal` tinyint(1) NOT NULL DEFAULT '0',
  `ptIsFrequentlyAdded` tinyint(1) NOT NULL DEFAULT '1',
  `ptDisplayOrder` int(10) UNSIGNED DEFAULT NULL,
  `ptLaunchInComposer` tinyint(1) NOT NULL DEFAULT '0',
  `pkgID` int(10) UNSIGNED NOT NULL DEFAULT '0',
  `ptPublishTargetObject` longtext COLLATE utf8_unicode_ci
) ENGINE=InnoDB DEFAULT CHARSET=utf8 COLLATE=utf8_unicode_ci;

--
-- Gegevens worden geëxporteerd voor tabel `PageTypes`
--

INSERT INTO `PageTypes` (`ptID`, `ptName`, `ptHandle`, `ptPublishTargetTypeID`, `ptDefaultPageTemplateID`, `ptAllowedPageTemplates`, `ptIsInternal`, `ptIsFrequentlyAdded`, `ptDisplayOrder`, `ptLaunchInComposer`, `pkgID`, `ptPublishTargetObject`) VALUES
(1, 'Stack', 'core_stack', 3, 0, 'A', 1, 0, 0, 0, 0, 'O:68:"Concrete\\Core\\Page\\Type\\PublishTarget\\Configuration\\AllConfiguration":7:{s:21:"\0*\0selectorFormFactor";N;s:22:"\0*\0startingPointPageID";N;s:5:"error";s:0:"";s:21:"ptPublishTargetTypeID";s:1:"3";s:25:"ptPublishTargetTypeHandle";s:3:"all";s:9:"pkgHandle";b:0;s:17:"startingPointPage";N;}'),
(2, 'Stack Category', 'core_stack_category', 3, 0, 'A', 1, 0, 1, 0, 0, 'O:68:"Concrete\\Core\\Page\\Type\\PublishTarget\\Configuration\\AllConfiguration":7:{s:21:"\0*\0selectorFormFactor";N;s:22:"\0*\0startingPointPageID";N;s:5:"error";s:0:"";s:21:"ptPublishTargetTypeID";s:1:"3";s:25:"ptPublishTargetTypeHandle";s:3:"all";s:9:"pkgHandle";b:0;s:17:"startingPointPage";N;}'),
(3, 'Dashboard Primary + Five', 'dashboard_primary_five', 3, 0, 'A', 1, 0, 2, 0, 0, 'O:68:"Concrete\\Core\\Page\\Type\\PublishTarget\\Configuration\\AllConfiguration":7:{s:21:"\0*\0selectorFormFactor";N;s:22:"\0*\0startingPointPageID";N;s:5:"error";s:0:"";s:21:"ptPublishTargetTypeID";s:1:"3";s:25:"ptPublishTargetTypeHandle";s:3:"all";s:9:"pkgHandle";b:0;s:17:"startingPointPage";N;}'),
(4, 'Dashboard Header + Four Column', 'dashboard_header_four_col', 3, 0, 'A', 1, 0, 3, 0, 0, 'O:68:"Concrete\\Core\\Page\\Type\\PublishTarget\\Configuration\\AllConfiguration":7:{s:21:"\0*\0selectorFormFactor";N;s:22:"\0*\0startingPointPageID";N;s:5:"error";s:0:"";s:21:"ptPublishTargetTypeID";s:1:"3";s:25:"ptPublishTargetTypeHandle";s:3:"all";s:9:"pkgHandle";b:0;s:17:"startingPointPage";N;}'),
(5, 'Dashboard Full', 'dashboard_full', 3, 0, 'A', 1, 0, 4, 0, 0, 'O:68:"Concrete\\Core\\Page\\Type\\PublishTarget\\Configuration\\AllConfiguration":7:{s:21:"\0*\0selectorFormFactor";N;s:22:"\0*\0startingPointPageID";N;s:5:"error";s:0:"";s:21:"ptPublishTargetTypeID";s:1:"3";s:25:"ptPublishTargetTypeHandle";s:3:"all";s:9:"pkgHandle";b:0;s:17:"startingPointPage";N;}'),
(6, 'Pagina', 'page', 3, 9, 'A', 0, 1, 0, 0, 0, 'O:68:"Concrete\\Core\\Page\\Type\\PublishTarget\\Configuration\\AllConfiguration":7:{s:21:"\0*\0selectorFormFactor";s:0:"";s:22:"\0*\0startingPointPageID";N;s:5:"error";s:0:"";s:21:"ptPublishTargetTypeID";s:1:"3";s:25:"ptPublishTargetTypeHandle";s:3:"all";s:9:"pkgHandle";b:0;s:17:"startingPointPage";s:1:"0";}');

-- --------------------------------------------------------

--
-- Tabelstructuur voor tabel `PageWorkflowProgress`
--

CREATE TABLE `PageWorkflowProgress` (
  `cID` int(10) UNSIGNED NOT NULL DEFAULT '0',
  `wpID` int(10) UNSIGNED NOT NULL DEFAULT '0'
) ENGINE=InnoDB DEFAULT CHARSET=utf8 COLLATE=utf8_unicode_ci;

-- --------------------------------------------------------

--
-- Tabelstructuur voor tabel `PermissionAccess`
--

CREATE TABLE `PermissionAccess` (
  `paID` int(10) UNSIGNED NOT NULL,
  `paIsInUse` tinyint(1) NOT NULL DEFAULT '0'
) ENGINE=InnoDB DEFAULT CHARSET=utf8 COLLATE=utf8_unicode_ci;

--
-- Gegevens worden geëxporteerd voor tabel `PermissionAccess`
--

INSERT INTO `PermissionAccess` (`paID`, `paIsInUse`) VALUES
(1, 1),
(2, 1),
(3, 1),
(4, 1),
(5, 1),
(6, 1),
(7, 1),
(8, 1),
(9, 1),
(10, 1),
(11, 1),
(12, 1),
(13, 1),
(14, 1),
(15, 1),
(16, 1),
(17, 1),
(18, 1),
(19, 1),
(20, 1),
(21, 1),
(22, 1),
(23, 1),
(24, 1),
(25, 1),
(26, 1),
(27, 1),
(28, 1),
(29, 1),
(30, 1),
(31, 1),
(32, 1),
(33, 1),
(34, 1),
(35, 1),
(36, 1),
(37, 1),
(38, 1),
(39, 1),
(40, 1),
(41, 1),
(42, 1),
(43, 1),
(44, 1),
(45, 1),
(46, 1),
(47, 1),
(48, 1),
(49, 1),
(50, 1),
(51, 1),
(52, 1),
(53, 1),
(54, 1),
(55, 1),
(56, 1),
(57, 1),
(58, 1),
(59, 1),
(60, 1),
(61, 1),
(62, 1),
(63, 1),
(64, 1),
(65, 1),
(66, 1),
(67, 1),
(68, 1),
(69, 1),
(70, 1),
(71, 1),
(72, 1),
(73, 1),
(74, 1),
(75, 1),
(76, 1),
(77, 1),
(78, 1),
(79, 1),
(80, 1),
(81, 1),
(82, 1),
(83, 1),
(84, 1),
(85, 1),
(86, 1),
(87, 1),
(88, 1),
(89, 1),
(90, 1),
(91, 1),
(92, 1),
(93, 1),
(94, 1),
(95, 1),
(96, 1),
(97, 1),
(98, 1),
(99, 1),
(100, 1),
(101, 1),
(102, 1);

-- --------------------------------------------------------

--
-- Tabelstructuur voor tabel `PermissionAccessEntities`
--

CREATE TABLE `PermissionAccessEntities` (
  `peID` int(10) UNSIGNED NOT NULL,
  `petID` int(10) UNSIGNED DEFAULT NULL
) ENGINE=InnoDB DEFAULT CHARSET=utf8 COLLATE=utf8_unicode_ci;

--
-- Gegevens worden geëxporteerd voor tabel `PermissionAccessEntities`
--

INSERT INTO `PermissionAccessEntities` (`peID`, `petID`) VALUES
(1, 1),
(5, 1),
(6, 1),
(2, 5),
(3, 6),
(4, 7);

-- --------------------------------------------------------

--
-- Tabelstructuur voor tabel `PermissionAccessEntityGroups`
--

CREATE TABLE `PermissionAccessEntityGroups` (
  `pegID` int(10) UNSIGNED NOT NULL,
  `peID` int(10) UNSIGNED NOT NULL DEFAULT '0',
  `gID` int(10) UNSIGNED NOT NULL DEFAULT '0'
) ENGINE=InnoDB DEFAULT CHARSET=utf8 COLLATE=utf8_unicode_ci;

--
-- Gegevens worden geëxporteerd voor tabel `PermissionAccessEntityGroups`
--

INSERT INTO `PermissionAccessEntityGroups` (`pegID`, `peID`, `gID`) VALUES
(1, 1, 3),
(2, 5, 1),
(3, 6, 2);

-- --------------------------------------------------------

--
-- Tabelstructuur voor tabel `PermissionAccessEntityGroupSets`
--

CREATE TABLE `PermissionAccessEntityGroupSets` (
  `peID` int(10) UNSIGNED NOT NULL DEFAULT '0',
  `gsID` int(10) UNSIGNED NOT NULL DEFAULT '0'
) ENGINE=InnoDB DEFAULT CHARSET=utf8 COLLATE=utf8_unicode_ci;

-- --------------------------------------------------------

--
-- Tabelstructuur voor tabel `PermissionAccessEntityTypeCategories`
--

CREATE TABLE `PermissionAccessEntityTypeCategories` (
  `petID` int(10) UNSIGNED NOT NULL DEFAULT '0',
  `pkCategoryID` int(10) UNSIGNED NOT NULL DEFAULT '0'
) ENGINE=InnoDB DEFAULT CHARSET=utf8 COLLATE=utf8_unicode_ci;

--
-- Gegevens worden geëxporteerd voor tabel `PermissionAccessEntityTypeCategories`
--

INSERT INTO `PermissionAccessEntityTypeCategories` (`petID`, `pkCategoryID`) VALUES
(1, 1),
(1, 4),
(1, 5),
(1, 6),
(1, 7),
(1, 8),
(1, 9),
(1, 10),
(1, 11),
(1, 12),
(1, 13),
(1, 14),
(1, 15),
(1, 16),
(1, 17),
(1, 18),
(1, 19),
(1, 20),
(1, 21),
(2, 1),
(2, 4),
(2, 5),
(2, 6),
(2, 7),
(2, 8),
(2, 9),
(2, 10),
(2, 11),
(2, 12),
(2, 13),
(2, 14),
(2, 15),
(2, 16),
(2, 17),
(2, 18),
(2, 19),
(2, 20),
(2, 21),
(3, 1),
(3, 4),
(3, 5),
(3, 6),
(3, 7),
(3, 8),
(3, 9),
(3, 10),
(3, 11),
(3, 12),
(3, 13),
(3, 14),
(3, 15),
(3, 16),
(3, 17),
(3, 18),
(3, 19),
(3, 20),
(4, 1),
(4, 4),
(4, 5),
(4, 6),
(4, 7),
(4, 8),
(4, 9),
(4, 10),
(4, 11),
(4, 12),
(4, 13),
(4, 14),
(4, 15),
(4, 16),
(4, 17),
(4, 18),
(4, 19),
(4, 20),
(4, 21),
(5, 1),
(5, 14),
(6, 5),
(6, 6),
(7, 19),
(7, 20);

-- --------------------------------------------------------

--
-- Tabelstructuur voor tabel `PermissionAccessEntityTypes`
--

CREATE TABLE `PermissionAccessEntityTypes` (
  `petID` int(10) UNSIGNED NOT NULL,
  `petHandle` varchar(255) COLLATE utf8_unicode_ci NOT NULL,
  `petName` varchar(255) COLLATE utf8_unicode_ci NOT NULL,
  `pkgID` int(10) UNSIGNED DEFAULT NULL
) ENGINE=InnoDB DEFAULT CHARSET=utf8 COLLATE=utf8_unicode_ci;

--
-- Gegevens worden geëxporteerd voor tabel `PermissionAccessEntityTypes`
--

INSERT INTO `PermissionAccessEntityTypes` (`petID`, `petHandle`, `petName`, `pkgID`) VALUES
(1, 'group', 'Group', 0),
(2, 'user', 'User', 0),
(3, 'group_set', 'Group Set', 0),
(4, 'group_combination', 'Group Combination', 0),
(5, 'page_owner', 'Page Owner', 0),
(6, 'file_uploader', 'File Uploader', 0),
(7, 'conversation_message_author', 'Message Author', 0);

-- --------------------------------------------------------

--
-- Tabelstructuur voor tabel `PermissionAccessEntityUsers`
--

CREATE TABLE `PermissionAccessEntityUsers` (
  `peID` int(10) UNSIGNED NOT NULL DEFAULT '0',
  `uID` int(10) UNSIGNED NOT NULL DEFAULT '0'
) ENGINE=InnoDB DEFAULT CHARSET=utf8 COLLATE=utf8_unicode_ci;

-- --------------------------------------------------------

--
-- Tabelstructuur voor tabel `PermissionAccessList`
--

CREATE TABLE `PermissionAccessList` (
  `paID` int(10) UNSIGNED NOT NULL DEFAULT '0',
  `peID` int(10) UNSIGNED NOT NULL DEFAULT '0',
  `pdID` int(10) UNSIGNED NOT NULL DEFAULT '0',
  `accessType` smallint(6) NOT NULL DEFAULT '0'
) ENGINE=InnoDB DEFAULT CHARSET=utf8 COLLATE=utf8_unicode_ci;

--
-- Gegevens worden geëxporteerd voor tabel `PermissionAccessList`
--

INSERT INTO `PermissionAccessList` (`paID`, `peID`, `pdID`, `accessType`) VALUES
(1, 1, 0, 10),
(2, 1, 0, 10),
(3, 1, 0, 10),
(4, 1, 0, 10),
(5, 1, 0, 10),
(6, 1, 0, 10),
(7, 1, 0, 10),
(8, 1, 0, 10),
(9, 1, 0, 10),
(10, 1, 0, 10),
(11, 1, 0, 10),
(12, 1, 0, 10),
(13, 1, 0, 10),
(14, 1, 0, 10),
(15, 1, 0, 10),
(16, 1, 0, 10),
(17, 1, 0, 10),
(18, 1, 0, 10),
(19, 1, 0, 10),
(20, 1, 0, 10),
(21, 1, 0, 10),
(22, 1, 0, 10),
(23, 1, 0, 10),
(24, 1, 0, 10),
(25, 1, 0, 10),
(26, 2, 0, 10),
(27, 2, 0, 10),
(28, 2, 0, 10),
(29, 2, 0, 10),
(30, 2, 0, 10),
(31, 5, 0, 10),
(32, 5, 0, 10),
(33, 2, 0, 10),
(34, 2, 0, 10),
(35, 2, 0, 10),
(36, 2, 0, 10),
(37, 2, 0, 10),
(38, 2, 0, 10),
(39, 5, 0, 10),
(40, 1, 0, 10),
(40, 5, 0, 10),
(41, 1, 0, 10),
(42, 1, 0, 10),
(43, 1, 0, 10),
(44, 1, 0, 10),
(45, 1, 0, 10),
(46, 1, 0, 10),
(47, 1, 0, 10),
(48, 1, 0, 10),
(49, 5, 0, 10),
(50, 1, 0, 10),
(51, 1, 0, 10),
(52, 1, 0, 10),
(53, 1, 0, 10),
(54, 1, 0, 10),
(55, 1, 0, 10),
(56, 1, 0, 10),
(57, 1, 0, 10),
(58, 1, 0, 10),
(59, 1, 0, 10),
(60, 1, 0, 10),
(61, 1, 0, 10),
(62, 1, 0, 10),
(63, 1, 0, 10),
(64, 1, 0, 10),
(65, 1, 0, 10),
(66, 1, 0, 10),
(67, 5, 0, 10),
(68, 5, 0, 10),
(69, 1, 0, 10),
(70, 1, 0, 10),
(71, 1, 0, 10),
(72, 1, 0, 10),
(73, 1, 0, 10),
(74, 1, 0, 10),
(75, 1, 0, 10),
(76, 1, 0, 10),
(77, 1, 0, 10),
(78, 1, 0, 10),
(79, 1, 0, 10),
(80, 1, 0, 10),
(81, 1, 0, 10),
(82, 1, 0, 10),
(83, 1, 0, 10),
(84, 1, 0, 10),
(85, 1, 0, 10),
(86, 1, 0, 10),
(87, 1, 0, 10),
(88, 1, 0, 10),
(89, 1, 0, 10),
(90, 1, 0, 10),
(91, 1, 0, 10),
(92, 1, 0, 10),
(93, 5, 0, 10),
(94, 5, 0, 10),
(95, 1, 0, 10),
(95, 4, 0, 10),
(96, 1, 0, 10),
(96, 4, 0, 10),
(97, 1, 0, 10),
(97, 6, 0, 10),
(98, 1, 0, 10),
(99, 1, 0, 10),
(100, 1, 0, 10),
(101, 2, 0, 10),
(102, 2, 0, 10);

-- --------------------------------------------------------

--
-- Tabelstructuur voor tabel `PermissionAccessWorkflows`
--

CREATE TABLE `PermissionAccessWorkflows` (
  `paID` int(10) UNSIGNED NOT NULL DEFAULT '0',
  `wfID` int(10) UNSIGNED NOT NULL DEFAULT '0'
) ENGINE=InnoDB DEFAULT CHARSET=utf8 COLLATE=utf8_unicode_ci;

-- --------------------------------------------------------

--
-- Tabelstructuur voor tabel `PermissionAssignments`
--

CREATE TABLE `PermissionAssignments` (
  `paID` int(10) UNSIGNED NOT NULL DEFAULT '0',
  `pkID` int(10) UNSIGNED NOT NULL DEFAULT '0'
) ENGINE=InnoDB DEFAULT CHARSET=utf8 COLLATE=utf8_unicode_ci;

--
-- Gegevens worden geëxporteerd voor tabel `PermissionAssignments`
--

INSERT INTO `PermissionAssignments` (`paID`, `pkID`) VALUES
(1, 19),
(2, 20),
(3, 74),
(4, 75),
(5, 76),
(6, 78),
(7, 79),
(8, 80),
(9, 86),
(10, 87),
(11, 89),
(12, 90),
(13, 91),
(14, 92),
(15, 93),
(16, 94),
(17, 95),
(18, 96),
(19, 97),
(20, 98),
(21, 99),
(22, 100),
(23, 101),
(24, 102),
(25, 103);

-- --------------------------------------------------------

--
-- Tabelstructuur voor tabel `PermissionDurationObjects`
--

CREATE TABLE `PermissionDurationObjects` (
  `pdID` int(10) UNSIGNED NOT NULL,
  `pdObject` text COLLATE utf8_unicode_ci NOT NULL
) ENGINE=InnoDB DEFAULT CHARSET=utf8 COLLATE=utf8_unicode_ci;

-- --------------------------------------------------------

--
-- Tabelstructuur voor tabel `PermissionKeyCategories`
--

CREATE TABLE `PermissionKeyCategories` (
  `pkCategoryID` int(10) UNSIGNED NOT NULL,
  `pkCategoryHandle` varchar(255) COLLATE utf8_unicode_ci NOT NULL,
  `pkgID` int(10) UNSIGNED DEFAULT NULL
) ENGINE=InnoDB DEFAULT CHARSET=utf8 COLLATE=utf8_unicode_ci;

--
-- Gegevens worden geëxporteerd voor tabel `PermissionKeyCategories`
--

INSERT INTO `PermissionKeyCategories` (`pkCategoryID`, `pkCategoryHandle`, `pkgID`) VALUES
(1, 'page', NULL),
(2, 'single_page', NULL),
(3, 'stack', NULL),
(4, 'user', NULL),
(5, 'file_set', NULL),
(6, 'file', NULL),
(7, 'area', NULL),
(8, 'block_type', NULL),
(9, 'block', NULL),
(10, 'admin', NULL),
(11, 'sitemap', NULL),
(12, 'marketplace_newsflow', NULL),
(13, 'basic_workflow', NULL),
(14, 'page_type', NULL),
(15, 'gathering', NULL),
(16, 'group_tree_node', NULL),
(17, 'topic_category_tree_node', NULL),
(18, 'topic_tree_node', NULL),
(19, 'conversation', NULL),
(20, 'conversation_message', NULL),
(21, 'multilingual_section', NULL);

-- --------------------------------------------------------

--
-- Tabelstructuur voor tabel `PermissionKeys`
--

CREATE TABLE `PermissionKeys` (
  `pkID` int(10) UNSIGNED NOT NULL,
  `pkHandle` varchar(255) COLLATE utf8_unicode_ci NOT NULL,
  `pkName` varchar(255) COLLATE utf8_unicode_ci NOT NULL,
  `pkCanTriggerWorkflow` tinyint(1) NOT NULL DEFAULT '0',
  `pkHasCustomClass` tinyint(1) NOT NULL DEFAULT '0',
  `pkDescription` varchar(255) COLLATE utf8_unicode_ci DEFAULT NULL,
  `pkCategoryID` int(10) UNSIGNED DEFAULT NULL,
  `pkgID` int(10) UNSIGNED DEFAULT NULL
) ENGINE=InnoDB DEFAULT CHARSET=utf8 COLLATE=utf8_unicode_ci;

--
-- Gegevens worden geëxporteerd voor tabel `PermissionKeys`
--

INSERT INTO `PermissionKeys` (`pkID`, `pkHandle`, `pkName`, `pkCanTriggerWorkflow`, `pkHasCustomClass`, `pkDescription`, `pkCategoryID`, `pkgID`) VALUES
(1, 'view_page', 'View', 0, 0, 'Can see a page exists and read its content.', 1, 0),
(2, 'view_page_versions', 'View Versions', 0, 0, 'Can view the page versions dialog and read past versions of a page.', 1, 0),
(3, 'view_page_in_sitemap', 'View Page in Sitemap', 0, 0, 'Controls whether a user can see a page in the sitemap or intelligent search.', 1, 0),
(4, 'preview_page_as_user', 'Preview Page As User', 0, 0, 'Ability to see what this page will look like at a specific time in the future as a specific user.', 1, 0),
(5, 'edit_page_properties', 'Edit Properties', 0, 1, 'Ability to change anything in the Page Properties menu.', 1, 0),
(6, 'edit_page_contents', 'Edit Contents', 0, 0, 'Ability to make edits to at least some of the content in the page. You can lock down different block areas and specific blocks by clicking Permissions on them as well. ', 1, 0),
(7, 'edit_page_speed_settings', 'Edit Speed Settings', 0, 0, 'Ability to change caching settings.', 1, 0),
(8, 'edit_page_theme', 'Change Theme', 0, 1, 'Ability to change just the theme for this page.', 1, 0),
(9, 'edit_page_template', 'Change Page Template', 0, 0, 'Ability to change just the page template for this page.', 1, 0),
(10, 'edit_page_page_type', 'Edit Page Type', 0, 0, 'Change the type of an existing page.', 1, 0),
(11, 'edit_page_permissions', 'Edit Permissions', 1, 0, 'Ability to change permissions for this page. Warning: by granting this a user could give themselves more access.', 1, 0),
(12, 'delete_page', 'Delete', 1, 0, 'Ability to move this page to the site''s Trash.', 1, 0),
(13, 'delete_page_versions', 'Delete Versions', 1, 0, 'Ability to remove old versions of this page.', 1, 0),
(14, 'approve_page_versions', 'Approve Changes', 1, 0, 'Can publish an unapproved version of the page.', 1, 0),
(15, 'add_subpage', 'Add Sub-Page', 0, 1, 'Can add a page beneath the current page.', 1, 0),
(16, 'move_or_copy_page', 'Move or Copy Page', 1, 0, 'Can move or copy this page to another location.', 1, 0),
(17, 'schedule_page_contents_guest_access', 'Schedule Guest Access', 0, 0, 'Can control scheduled guest access to this page.', 1, 0),
(18, 'edit_page_multilingual_settings', 'Edit Multilingual Settings', 0, 0, 'Controls whether a user can see the multilingual settings menu, re-map a page or set a page as ignored in multilingual settings.', 1, 0),
(19, 'add_block', 'Add Block', 0, 1, 'Can add a block to any area on the site. If someone is added here they can add blocks to any area (unless that area has permissions that override these global permissions.)', 8, 0),
(20, 'add_stack', 'Add Stack', 0, 0, 'Can add a stack or block from a stack to any area on the site. If someone is added here they can add stacks to any area (unless that area has permissions that override these global permissions.)', 8, 0),
(21, 'view_area', 'View Area', 0, 0, 'Can view the area and its contents.', 7, 0),
(22, 'edit_area_contents', 'Edit Area Contents', 0, 0, 'Can edit blocks within this area.', 7, 0),
(23, 'add_block_to_area', 'Add Block to Area', 0, 1, 'Can add blocks to this area. This setting overrides the global Add Block permission for this area.', 7, 0),
(24, 'add_stack_to_area', 'Add Stack to Area', 0, 0, 'Can add stacks to this area. This setting overrides the global Add Stack permission for this area.', 7, 0),
(25, 'add_layout_to_area', 'Add Layouts to Area', 0, 0, 'Controls whether users get the ability to add layouts to a particular area.', 7, 0),
(26, 'edit_area_design', 'Edit Area Design', 0, 0, 'Controls whether users see design controls and can modify an area''s custom CSS.', 7, 0),
(27, 'edit_area_permissions', 'Edit Area Permissions', 0, 0, 'Controls whether users can access the permissions on an area. Custom area permissions could override those of the page.', 7, 0),
(28, 'delete_area_contents', 'Delete Area Contents', 0, 0, 'Controls whether users can delete blocks from this area.', 7, 0),
(29, 'schedule_area_contents_guest_access', 'Schedule Guest Access', 0, 0, 'Controls whether users can schedule guest access permissions on blocks in this area. Guest Access is a shortcut for granting permissions just to the Guest Group.', 7, 0),
(30, 'view_block', 'View Block', 0, 0, 'Controls whether users can view this block in the page.', 9, 0),
(31, 'edit_block', 'Edit Block', 0, 0, 'Controls whether users can edit this block. This overrides any area or page permissions.', 9, 0),
(32, 'edit_block_custom_template', 'Change Custom Template', 0, 0, 'Controls whether users can change the custom template on this block. This overrides any area or page permissions.', 9, 0),
(33, 'edit_block_cache_settings', 'Edit Cache Settings', 0, 0, 'Controls whether users can change the block cache settings for this block instance.', 9, 0),
(34, 'edit_block_name', 'Edit Name', 0, 0, 'Controls whether users can change the block''s name (rarely used.)', 9, 0),
(35, 'delete_block', 'Delete Block', 0, 0, 'Controls whether users can delete this block. This overrides any area or page permissions.', 9, 0),
(36, 'edit_block_design', 'Edit Design', 0, 0, 'Controls whether users can set custom design properties or CSS on this block.', 9, 0),
(37, 'edit_block_permissions', 'Edit Permissions', 0, 0, 'Controls whether users can change permissions on this block, potentially granting themselves or others greater access.', 9, 0),
(38, 'schedule_guest_access', 'Schedule Guest Access', 0, 0, 'Controls whether users can schedule guest access permissions on this block. Guest Access is a shortcut for granting permissions just to the Guest Group.', 9, 0),
(39, 'view_file_set_file', 'View Files', 0, 0, 'Can view and download files in the site.', 5, 0),
(40, 'search_file_set', 'Search Files in File Manager', 0, 0, 'Can access the file manager', 5, 0),
(41, 'edit_file_set_file_properties', 'Edit File Properties', 0, 0, 'Can edit a file''s properties.', 5, 0),
(42, 'edit_file_set_file_contents', 'Edit File Contents', 0, 0, 'Can edit or replace files in set.', 5, 0),
(43, 'copy_file_set_files', 'Copy File', 0, 0, 'Can copy files in file set.', 5, 0),
(44, 'edit_file_set_permissions', 'Edit File Access', 0, 0, 'Can edit access to file sets.', 5, 0),
(45, 'delete_file_set', 'Delete File Set', 0, 0, 'Can delete file set.', 5, 0),
(46, 'delete_file_set_files', 'Delete File', 0, 0, 'Can delete files in set.', 5, 0),
(47, 'add_file', 'Add File', 0, 1, 'Can add files to set.', 5, 0),
(48, 'view_file', 'View Files', 0, 0, 'Can view and download files.', 6, 0),
(49, 'view_file_in_file_manager', 'View File in File Manager', 0, 0, 'Can access the File Manager.', 6, 0),
(50, 'edit_file_properties', 'Edit File Properties', 0, 0, 'Can edit a file''s properties.', 6, 0),
(51, 'edit_file_contents', 'Edit File Contents', 0, 0, 'Can edit or replace files.', 6, 0),
(52, 'copy_file', 'Copy File', 0, 0, 'Can copy file.', 6, 0),
(53, 'edit_file_permissions', 'Edit File Access', 0, 0, 'Can edit access to file.', 6, 0),
(54, 'delete_file', 'Delete File', 0, 0, 'Can delete file.', 6, 0),
(55, 'approve_basic_workflow_action', 'Approve or Deny', 0, 0, 'Grant ability to approve workflow.', 13, 0),
(56, 'notify_on_basic_workflow_entry', 'Notify on Entry', 0, 0, 'Notify approvers that a change has entered the workflow.', 13, 0),
(57, 'notify_on_basic_workflow_approve', 'Notify on Approve', 0, 0, 'Notify approvers that a change has been approved.', 13, 0),
(58, 'notify_on_basic_workflow_deny', 'Notify on Deny', 0, 0, 'Notify approvers that a change has been denied.', 13, 0),
(59, 'add_page_type', 'Add Pages of This Type', 0, 0, '', 14, 0),
(60, 'edit_page_type', 'Edit Page Type', 0, 0, '', 14, 0),
(61, 'delete_page_type', 'Delete Page Type', 0, 0, '', 14, 0),
(62, 'edit_page_type_permissions', 'Edit Page Type Permissions', 0, 0, '', 14, 0),
(63, 'edit_page_type_drafts', 'Edit Page Type Drafts', 0, 0, '', 14, 0),
(64, 'view_topic_tree_node', 'View Topic Tree Node', 0, 0, '', 18, 0),
(65, 'view_topic_category_tree_node', 'View Topic Category Tree Node', 0, 0, '', 17, 0),
(66, 'add_conversation_message', 'Add Message to Conversation', 0, 1, '', 19, 0),
(67, 'add_conversation_message_attachments', 'Add Message Attachments', 0, 0, '', 19, 0),
(68, 'edit_conversation_permissions', 'Edit Conversation Permissions', 0, 0, '', 19, 0),
(69, 'delete_conversation_message', 'Delete Message', 0, 0, '', 19, 0),
(70, 'edit_conversation_message', 'Edit Message', 0, 0, '', 19, 0),
(71, 'rate_conversation_message', 'Rate Message', 0, 0, '', 19, 0),
(72, 'flag_conversation_message', 'Flag Message', 0, 0, '', 19, 0),
(73, 'approve_conversation_message', 'Approve Message', 0, 0, '', 19, 0),
(74, 'edit_user_properties', 'Edit User Details', 0, 1, NULL, 4, 0),
(75, 'view_user_attributes', 'View User Attributes', 0, 1, NULL, 4, 0),
(76, 'activate_user', 'Activate/Deactivate User', 0, 0, NULL, 4, 0),
(77, 'sudo', 'Sign in as User', 0, 0, NULL, 4, 0),
(78, 'upgrade', 'Upgrade concrete5', 0, 0, NULL, 10, 0),
(79, 'access_group_search', 'Access Group Search', 0, 0, NULL, 4, 0),
(80, 'delete_user', 'Delete User', 0, 0, NULL, 4, 0),
(81, 'search_users_in_group', 'Search User Group', 0, 0, NULL, 16, 0),
(82, 'edit_group', 'Edit Group', 0, 0, NULL, 16, 0),
(83, 'assign_group', 'Assign Group', 0, 0, NULL, 16, 0),
(84, 'add_sub_group', 'Add Child Group', 0, 0, NULL, 16, 0),
(85, 'edit_group_permissions', 'Edit Group Permissions', 0, 0, NULL, 16, 0),
(86, 'access_page_type_permissions', 'Access Page Type Permissions', 0, 0, NULL, 10, 0),
(87, 'backup', 'Perform Backups', 0, 0, NULL, 10, 0),
(88, 'access_task_permissions', 'Access Task Permissions', 0, 0, NULL, 10, 0),
(89, 'access_sitemap', 'Access Sitemap', 0, 0, NULL, 11, 0),
(90, 'access_page_defaults', 'Access Page Type Defaults', 0, 0, NULL, 10, 0),
(91, 'customize_themes', 'Customize Themes', 0, 0, NULL, 10, 0),
(92, 'manage_layout_presets', 'Manage Layout Presets', 0, 0, NULL, 10, 0),
(93, 'empty_trash', 'Empty Trash', 0, 0, NULL, 10, 0),
(94, 'add_topic_tree', 'Add Topic Tree', 0, 0, NULL, 10, 0),
(95, 'remove_topic_tree', 'Remove Topic Tree', 0, 0, NULL, 10, 0),
(96, 'view_in_maintenance_mode', 'View Site in Maintenance Mode', 0, 0, 'Ability to see and use the website when concrete5 is in maintenance mode.', 10, 0),
(97, 'uninstall_packages', 'Uninstall Packages', 0, 0, NULL, 12, 0),
(98, 'install_packages', 'Install Packages', 0, 0, NULL, 12, 0),
(99, 'view_newsflow', 'View Newsflow', 0, 0, NULL, 12, 0),
(100, 'access_user_search_export', 'Export Site Users', 0, 0, 'Controls whether a user can export site users or not', 4, 0),
(101, 'access_user_search', 'Access User Search', 0, 0, 'Controls whether a user can view the search user interface.', 4, 0),
(102, 'edit_gatherings', 'Edit Gatherings', 0, 0, 'Can edit the footprint and items in all gatherings.', 10, 0),
(103, 'edit_gathering_items', 'Edit Gathering Items', 0, 0, '', 15, 0);

-- --------------------------------------------------------

--
-- Tabelstructuur voor tabel `PileContents`
--

CREATE TABLE `PileContents` (
  `pcID` int(10) UNSIGNED NOT NULL,
  `pID` int(10) UNSIGNED NOT NULL DEFAULT '0',
  `itemID` int(10) UNSIGNED NOT NULL DEFAULT '0',
  `itemType` varchar(64) COLLATE utf8_unicode_ci NOT NULL,
  `quantity` int(10) UNSIGNED NOT NULL DEFAULT '1',
  `timestamp` timestamp NOT NULL DEFAULT CURRENT_TIMESTAMP,
  `displayOrder` int(10) UNSIGNED NOT NULL DEFAULT '0'
) ENGINE=InnoDB DEFAULT CHARSET=utf8 COLLATE=utf8_unicode_ci;

--
-- Gegevens worden geëxporteerd voor tabel `PileContents`
--

INSERT INTO `PileContents` (`pcID`, `pID`, `itemID`, `itemType`, `quantity`, `timestamp`, `displayOrder`) VALUES
(1, 1, 271, 'BLOCK', 1, '2017-02-24 14:19:35', 1);

-- --------------------------------------------------------

--
-- Tabelstructuur voor tabel `Piles`
--

CREATE TABLE `Piles` (
  `pID` int(10) UNSIGNED NOT NULL,
  `uID` int(10) UNSIGNED DEFAULT NULL,
  `isDefault` tinyint(1) NOT NULL DEFAULT '0',
  `timestamp` timestamp NOT NULL DEFAULT CURRENT_TIMESTAMP,
  `name` varchar(255) COLLATE utf8_unicode_ci DEFAULT NULL,
  `state` varchar(64) COLLATE utf8_unicode_ci NOT NULL
) ENGINE=InnoDB DEFAULT CHARSET=utf8 COLLATE=utf8_unicode_ci;

--
-- Gegevens worden geëxporteerd voor tabel `Piles`
--

INSERT INTO `Piles` (`pID`, `uID`, `isDefault`, `timestamp`, `name`, `state`) VALUES
(1, 1, 1, '2017-02-22 09:58:03', NULL, 'READY');

-- --------------------------------------------------------

--
-- Tabelstructuur voor tabel `QueueMessages`
--

CREATE TABLE `QueueMessages` (
  `message_id` int(10) UNSIGNED NOT NULL,
  `queue_id` int(10) UNSIGNED NOT NULL,
  `handle` varchar(32) COLLATE utf8_unicode_ci DEFAULT NULL,
  `body` longtext COLLATE utf8_unicode_ci NOT NULL,
  `md5` varchar(32) COLLATE utf8_unicode_ci NOT NULL,
  `timeout` decimal(14,0) DEFAULT NULL,
  `created` int(10) UNSIGNED NOT NULL
) ENGINE=InnoDB DEFAULT CHARSET=utf8 COLLATE=utf8_unicode_ci;

-- --------------------------------------------------------

--
-- Tabelstructuur voor tabel `QueuePageDuplicationRelations`
--

CREATE TABLE `QueuePageDuplicationRelations` (
  `queue_name` varchar(255) COLLATE utf8_unicode_ci NOT NULL,
  `cID` int(10) UNSIGNED NOT NULL DEFAULT '0',
  `originalCID` int(10) UNSIGNED NOT NULL DEFAULT '0'
) ENGINE=InnoDB DEFAULT CHARSET=utf8 COLLATE=utf8_unicode_ci;

-- --------------------------------------------------------

--
-- Tabelstructuur voor tabel `Queues`
--

CREATE TABLE `Queues` (
  `queue_id` int(10) UNSIGNED NOT NULL,
  `queue_name` varchar(100) COLLATE utf8_unicode_ci NOT NULL,
  `timeout` int(10) UNSIGNED NOT NULL DEFAULT '30'
) ENGINE=InnoDB DEFAULT CHARSET=utf8 COLLATE=utf8_unicode_ci;

-- --------------------------------------------------------

--
-- Tabelstructuur voor tabel `Sessions`
--

CREATE TABLE `Sessions` (
  `sessionID` varchar(255) COLLATE utf8_unicode_ci NOT NULL,
  `sessionValue` text COLLATE utf8_unicode_ci NOT NULL,
  `sessionTime` int(10) UNSIGNED NOT NULL
) ENGINE=InnoDB DEFAULT CHARSET=utf8 COLLATE=utf8_unicode_ci;

-- --------------------------------------------------------

--
-- Tabelstructuur voor tabel `SignupRequests`
--

CREATE TABLE `SignupRequests` (
  `id` int(11) NOT NULL,
  `ipFrom` tinyblob,
  `date_access` timestamp NOT NULL DEFAULT CURRENT_TIMESTAMP
) ENGINE=InnoDB DEFAULT CHARSET=utf8 COLLATE=utf8_unicode_ci;

-- --------------------------------------------------------

--
-- Tabelstructuur voor tabel `SocialLinks`
--

CREATE TABLE `SocialLinks` (
  `slID` int(10) UNSIGNED NOT NULL,
  `ssHandle` varchar(255) COLLATE utf8_unicode_ci NOT NULL DEFAULT '',
  `url` varchar(255) COLLATE utf8_unicode_ci DEFAULT NULL
) ENGINE=InnoDB DEFAULT CHARSET=utf8 COLLATE=utf8_unicode_ci;

--
-- Gegevens worden geëxporteerd voor tabel `SocialLinks`
--

INSERT INTO `SocialLinks` (`slID`, `ssHandle`, `url`) VALUES
(1, 'facebook', 'http://facebook.com/concrete5'),
(2, 'github', 'http://github.com/concrete5'),
(3, 'twitter', 'http://twitter.com/concrete5');

-- --------------------------------------------------------

--
-- Tabelstructuur voor tabel `Stacks`
--

CREATE TABLE `Stacks` (
  `stID` int(10) UNSIGNED NOT NULL,
  `stName` varchar(255) COLLATE utf8_unicode_ci NOT NULL,
  `stType` int(10) UNSIGNED NOT NULL DEFAULT '0',
  `cID` int(10) UNSIGNED NOT NULL DEFAULT '0',
  `stMultilingualSection` int(10) UNSIGNED NOT NULL DEFAULT '0'
) ENGINE=InnoDB DEFAULT CHARSET=utf8 COLLATE=utf8_unicode_ci;

--
-- Gegevens worden geëxporteerd voor tabel `Stacks`
--

INSERT INTO `Stacks` (`stID`, `stName`, `stType`, `cID`, `stMultilingualSection`) VALUES
(1, 'Footer Contact', 20, 145, 0),
(2, 'Footer Legal', 20, 146, 0),
(3, 'Footer Navigation', 20, 147, 0),
(4, 'Footer Site Title', 20, 148, 0),
(5, 'Footer Social', 20, 149, 0),
(6, 'Header Navigation', 20, 150, 0),
(7, 'Header Search', 20, 151, 0),
(8, 'Header Site Title', 20, 152, 0),
(9, 'Navigation', 20, 183, 0),
(10, 'Footer-links', 20, 220, 0),
(11, 'Footer-midden', 20, 221, 0);

-- --------------------------------------------------------

--
-- Tabelstructuur voor tabel `StyleCustomizerCustomCssRecords`
--

CREATE TABLE `StyleCustomizerCustomCssRecords` (
  `sccRecordID` int(10) UNSIGNED NOT NULL,
  `value` longtext COLLATE utf8_unicode_ci
) ENGINE=InnoDB DEFAULT CHARSET=utf8 COLLATE=utf8_unicode_ci;

-- --------------------------------------------------------

--
-- Tabelstructuur voor tabel `StyleCustomizerInlineStylePresets`
--

CREATE TABLE `StyleCustomizerInlineStylePresets` (
  `pssPresetID` int(10) UNSIGNED NOT NULL,
  `pssPresetName` varchar(255) COLLATE utf8_unicode_ci NOT NULL,
  `issID` int(10) UNSIGNED NOT NULL DEFAULT '0'
) ENGINE=InnoDB DEFAULT CHARSET=utf8 COLLATE=utf8_unicode_ci;

-- --------------------------------------------------------

--
-- Tabelstructuur voor tabel `StyleCustomizerInlineStyleSets`
--

CREATE TABLE `StyleCustomizerInlineStyleSets` (
  `issID` int(10) UNSIGNED NOT NULL,
  `backgroundColor` varchar(255) COLLATE utf8_unicode_ci DEFAULT NULL,
  `backgroundImageFileID` int(11) DEFAULT NULL,
  `backgroundRepeat` varchar(255) COLLATE utf8_unicode_ci DEFAULT NULL,
  `backgroundSize` varchar(255) COLLATE utf8_unicode_ci DEFAULT NULL,
  `backgroundPosition` varchar(255) COLLATE utf8_unicode_ci DEFAULT NULL,
  `borderWidth` varchar(255) COLLATE utf8_unicode_ci DEFAULT NULL,
  `borderColor` varchar(255) COLLATE utf8_unicode_ci DEFAULT NULL,
  `borderStyle` varchar(255) COLLATE utf8_unicode_ci DEFAULT NULL,
  `borderRadius` varchar(255) COLLATE utf8_unicode_ci DEFAULT NULL,
  `baseFontSize` varchar(255) COLLATE utf8_unicode_ci DEFAULT NULL,
  `alignment` varchar(255) COLLATE utf8_unicode_ci DEFAULT NULL,
  `textColor` varchar(255) COLLATE utf8_unicode_ci DEFAULT NULL,
  `linkColor` varchar(255) COLLATE utf8_unicode_ci DEFAULT NULL,
  `paddingTop` varchar(255) COLLATE utf8_unicode_ci DEFAULT NULL,
  `paddingBottom` varchar(255) COLLATE utf8_unicode_ci DEFAULT NULL,
  `paddingLeft` varchar(255) COLLATE utf8_unicode_ci DEFAULT NULL,
  `paddingRight` varchar(255) COLLATE utf8_unicode_ci DEFAULT NULL,
  `marginTop` varchar(255) COLLATE utf8_unicode_ci DEFAULT NULL,
  `marginBottom` varchar(255) COLLATE utf8_unicode_ci DEFAULT NULL,
  `marginLeft` varchar(255) COLLATE utf8_unicode_ci DEFAULT NULL,
  `marginRight` varchar(255) COLLATE utf8_unicode_ci DEFAULT NULL,
  `rotate` varchar(255) COLLATE utf8_unicode_ci DEFAULT NULL,
  `boxShadowHorizontal` varchar(255) COLLATE utf8_unicode_ci DEFAULT NULL,
  `boxShadowVertical` varchar(255) COLLATE utf8_unicode_ci DEFAULT NULL,
  `boxShadowBlur` varchar(255) COLLATE utf8_unicode_ci DEFAULT NULL,
  `boxShadowSpread` varchar(255) COLLATE utf8_unicode_ci DEFAULT NULL,
  `boxShadowColor` varchar(255) COLLATE utf8_unicode_ci DEFAULT NULL,
  `customClass` varchar(255) COLLATE utf8_unicode_ci DEFAULT NULL,
  `hideOnExtraSmallDevice` tinyint(1) DEFAULT NULL,
  `hideOnSmallDevice` tinyint(1) DEFAULT NULL,
  `hideOnMediumDevice` tinyint(1) DEFAULT NULL,
  `hideOnLargeDevice` tinyint(1) DEFAULT NULL
) ENGINE=InnoDB DEFAULT CHARSET=utf8 COLLATE=utf8_unicode_ci;

--
-- Gegevens worden geëxporteerd voor tabel `StyleCustomizerInlineStyleSets`
--

INSERT INTO `StyleCustomizerInlineStyleSets` (`issID`, `backgroundColor`, `backgroundImageFileID`, `backgroundRepeat`, `backgroundSize`, `backgroundPosition`, `borderWidth`, `borderColor`, `borderStyle`, `borderRadius`, `baseFontSize`, `alignment`, `textColor`, `linkColor`, `paddingTop`, `paddingBottom`, `paddingLeft`, `paddingRight`, `marginTop`, `marginBottom`, `marginLeft`, `marginRight`, `rotate`, `boxShadowHorizontal`, `boxShadowVertical`, `boxShadowBlur`, `boxShadowSpread`, `boxShadowColor`, `customClass`, `hideOnExtraSmallDevice`, `hideOnSmallDevice`, `hideOnMediumDevice`, `hideOnLargeDevice`) VALUES
(1, '', 0, '', '', '', '', '', '', '', '', '', '', '', '', '', '', '', '', '', '', '', '', '', '', '', '', '', 'block-sidebar-wrapped', 0, 0, 0, 0),
(2, '', 0, '', '', '', '', '', '', '', '', '', '', '', '', '', '', '', '', '', '', '', '', '', '', '', '', '', 'block-sidebar-wrapped', 0, 0, 0, 0),
(3, '', 0, '', '', '', '', '', '', '', '', '', '', '', '', '', '', '', '', '', '', '', '', '', '', '', '', '', 'block-sidebar-wrapped', 0, 0, 0, 0),
(4, '', 0, '', '', '', '', '', '', '', '', '', '', '', '', '', '', '', '', '', '', '', '', '', '', '', '', '', 'blog-entry-list', 0, 0, 0, 0),
(5, '', 0, '', '', '', '', '', '', '', '', '', '', '', '', '', '', '', '', '', '', '', '', '', '', '', '', '', 'block-sidebar-wrapped', 0, 0, 0, 0),
(6, '', 0, '', '', '', '', '', '', '', '', '', '', '', '', '', '', '', '', '', '', '', '', '', '', '', '', '', 'block-sidebar-padded', 0, 0, 0, 0),
(7, '', 0, 'no-repeat', '', '', '', '', 'none', '', '', '', '', '', '', '', '', '', '', '', '', '', '', '', '', '', '', '', '', 0, 0, 0, 0),
(8, '', 0, '', '', '', '', '', '', '', '', '', '', '', '', '', '', '', '', '', '', '', '', '', '', '', '', '', 'feature-home-page', 0, 0, 0, 0),
(9, '', 0, '', '', '', '', '', '', '', '', '', '', '', '', '', '', '', '', '', '', '', '', '', '', '', '', '', 'feature-home-page', 0, 0, 0, 0),
(10, '', 0, '', '', '', '', '', '', '', '', '', '', '', '', '', '', '', '', '', '', '', '', '', '', '', '', '', 'feature-home-page', 0, 0, 0, 0),
(11, '', 0, '', '', '', '', '', '', '', '', '', '', '', '', '', '', '', '', '80px', '', '', '', '', '', '', '', '', '', 0, 0, 0, 0),
(12, '', 0, '', '', '', '', '', '', '', '', '', '', '', '', '', '', '', '', '', '', '', '', '', '', '', '', '', 'recent-blog-entry', 0, 0, 0, 0),
(13, '', 0, '', '', '', '', '', '', '', '', '', '', '', '', '', '', '', '', '', '', '', '', '', '', '', '', '', 'recent-blog-entry', 0, 0, 0, 0),
(14, '', 0, '', '', '', '', '', '', '', '', '', '', '', '', '', '', '', '', '', '', '', '', '', '', '', '', '', 'area-content-accent', 0, 0, 0, 0),
(15, '', 0, '', '', '', '', '', '', '', '', '', '', '', '', '', '', '', '', '', '', '', '', '', '', '', '', '', 'area-content-accent', 0, 0, 0, 0),
(16, '', 0, '', '', '', '', '', '', '', '', '', '', '', '', '', '', '', '', '', '', '', '', '', '', '', '', '', 'testimonial-bio', 0, 0, 0, 0),
(17, '', 0, '', '', '', '', '', '', '', '', '', '', '', '', '', '', '', '', '', '', '', '', '', '', '', '', '', 'testimonial-bio', 0, 0, 0, 0),
(18, '', 0, '', '', '', '', '', '', '', '', '', '', '', '', '', '', '', '', '', '', '', '', '', '', '', '', '', 'testimonial-bio', 0, 0, 0, 0),
(19, '', 0, '', '', '', '', '', '', '', '', '', '', '', '', '', '', '', '', '', '', '', '', '', '', '', '', '', 'testimonial-bio', 0, 0, 0, 0),
(20, '', 0, '', '', '', '', '', '', '', '', '', '', '', '', '', '', '', '', '', '', '', '', '', '', '', '', '', 'testimonial-bio', 0, 0, 0, 0),
(21, '', 0, '', '', '', '', '', '', '', '', '', '', '', '', '', '', '', '', '', '', '', '', '', '', '', '', '', 'testimonial-bio', 0, 0, 0, 0),
(22, '', 0, '', '', '', '', '', '', '', '', '', '', '', '', '', '', '', '', '', '', '', '', '', '', '', '', '', 'testimonial-bio', 0, 0, 0, 0),
(23, '', 0, '', '', '', '', '', '', '', '', '', '', '', '', '', '', '', '', '', '', '', '', '', '', '', '', '', 'testimonial-bio', 0, 0, 0, 0),
(24, '', 0, '', '', '', '', '', '', '', '', '', '', '', '', '', '', '', '', '', '', '', '', '', '', '', '', '', 'image-right-tilt', 0, 0, 0, 0),
(25, '', 0, '', '', '', '', '', '', '', '', '', '', '', '', '', '', '', '', '', '', '', '', '', '', '', '', '', 'image-circle', 0, 0, 0, 0),
(26, '', 0, '', '', '', '', '', '', '', '', '', '', '', '', '', '', '', '', '', '', '', '', '', '', '', '', '', 'image-right-tilt', 0, 0, 0, 0),
(27, '', 0, '', '', '', '', '', '', '', '', '', '', '', '', '', '', '', '', '', '', '', '', '', '', '', '', '', 'page-list-with-buttons', 0, 0, 0, 0);

-- --------------------------------------------------------

--
-- Tabelstructuur voor tabel `StyleCustomizerValueLists`
--

CREATE TABLE `StyleCustomizerValueLists` (
  `scvlID` int(10) UNSIGNED NOT NULL
) ENGINE=InnoDB DEFAULT CHARSET=utf8 COLLATE=utf8_unicode_ci;

-- --------------------------------------------------------

--
-- Tabelstructuur voor tabel `StyleCustomizerValues`
--

CREATE TABLE `StyleCustomizerValues` (
  `scvID` int(10) UNSIGNED NOT NULL,
  `scvlID` int(10) UNSIGNED DEFAULT NULL,
  `value` text COLLATE utf8_unicode_ci
) ENGINE=InnoDB DEFAULT CHARSET=utf8 COLLATE=utf8_unicode_ci;

-- --------------------------------------------------------

--
-- Tabelstructuur voor tabel `SystemAntispamLibraries`
--

CREATE TABLE `SystemAntispamLibraries` (
  `saslHandle` varchar(64) COLLATE utf8_unicode_ci NOT NULL,
  `saslName` varchar(255) COLLATE utf8_unicode_ci DEFAULT NULL,
  `saslIsActive` tinyint(1) NOT NULL DEFAULT '0',
  `pkgID` int(10) UNSIGNED NOT NULL DEFAULT '0'
) ENGINE=InnoDB DEFAULT CHARSET=utf8 COLLATE=utf8_unicode_ci;

-- --------------------------------------------------------

--
-- Tabelstructuur voor tabel `SystemCaptchaLibraries`
--

CREATE TABLE `SystemCaptchaLibraries` (
  `sclHandle` varchar(64) COLLATE utf8_unicode_ci NOT NULL,
  `sclName` varchar(255) COLLATE utf8_unicode_ci DEFAULT NULL,
  `sclIsActive` tinyint(1) NOT NULL DEFAULT '0',
  `pkgID` int(10) UNSIGNED NOT NULL DEFAULT '0'
) ENGINE=InnoDB DEFAULT CHARSET=utf8 COLLATE=utf8_unicode_ci;

--
-- Gegevens worden geëxporteerd voor tabel `SystemCaptchaLibraries`
--

INSERT INTO `SystemCaptchaLibraries` (`sclHandle`, `sclName`, `sclIsActive`, `pkgID`) VALUES
('securimage', 'SecurImage (Default)', 1, 0);

-- --------------------------------------------------------

--
-- Tabelstructuur voor tabel `SystemContentEditorSnippets`
--

CREATE TABLE `SystemContentEditorSnippets` (
  `scsHandle` varchar(64) COLLATE utf8_unicode_ci NOT NULL,
  `scsName` varchar(255) COLLATE utf8_unicode_ci DEFAULT NULL,
  `scsIsActive` tinyint(1) NOT NULL DEFAULT '0',
  `pkgID` int(10) UNSIGNED NOT NULL DEFAULT '0'
) ENGINE=InnoDB DEFAULT CHARSET=utf8 COLLATE=utf8_unicode_ci;

--
-- Gegevens worden geëxporteerd voor tabel `SystemContentEditorSnippets`
--

INSERT INTO `SystemContentEditorSnippets` (`scsHandle`, `scsName`, `scsIsActive`, `pkgID`) VALUES
('page_name', 'Page Name', 1, 0),
('user_name', 'User Name', 1, 0);

-- --------------------------------------------------------

--
-- Tabelstructuur voor tabel `SystemDatabaseMigrations`
--

CREATE TABLE `SystemDatabaseMigrations` (
  `version` varchar(255) COLLATE utf8_unicode_ci NOT NULL
) ENGINE=InnoDB DEFAULT CHARSET=utf8 COLLATE=utf8_unicode_ci;

--
-- Gegevens worden geëxporteerd voor tabel `SystemDatabaseMigrations`
--

INSERT INTO `SystemDatabaseMigrations` (`version`) VALUES
('20160615000000');

-- --------------------------------------------------------

--
-- Tabelstructuur voor tabel `SystemDatabaseQueryLog`
--

CREATE TABLE `SystemDatabaseQueryLog` (
  `ID` int(10) UNSIGNED NOT NULL,
  `query` text COLLATE utf8_unicode_ci,
  `params` text COLLATE utf8_unicode_ci,
  `executionMS` varchar(255) COLLATE utf8_unicode_ci DEFAULT NULL
) ENGINE=InnoDB DEFAULT CHARSET=utf8 COLLATE=utf8_unicode_ci;

-- --------------------------------------------------------

--
-- Tabelstructuur voor tabel `TopicTrees`
--

CREATE TABLE `TopicTrees` (
  `treeID` int(10) UNSIGNED NOT NULL DEFAULT '0',
  `topicTreeName` varchar(255) COLLATE utf8_unicode_ci DEFAULT ''
) ENGINE=InnoDB DEFAULT CHARSET=utf8 COLLATE=utf8_unicode_ci;

--
-- Gegevens worden geëxporteerd voor tabel `TopicTrees`
--

INSERT INTO `TopicTrees` (`treeID`, `topicTreeName`) VALUES
(2, 'Blog Entries'),
(3, 'Projects');

-- --------------------------------------------------------

--
-- Tabelstructuur voor tabel `TreeCategoryNodes`
--

CREATE TABLE `TreeCategoryNodes` (
  `treeNodeID` int(10) UNSIGNED NOT NULL,
  `treeNodeCategoryName` varchar(255) COLLATE utf8_unicode_ci DEFAULT ''
) ENGINE=InnoDB DEFAULT CHARSET=utf8 COLLATE=utf8_unicode_ci;

--
-- Gegevens worden geëxporteerd voor tabel `TreeCategoryNodes`
--

INSERT INTO `TreeCategoryNodes` (`treeNodeID`, `treeNodeCategoryName`) VALUES
(5, ''),
(6, 'Reviews'),
(14, '');

-- --------------------------------------------------------

--
-- Tabelstructuur voor tabel `TreeGroupNodes`
--

CREATE TABLE `TreeGroupNodes` (
  `treeNodeID` int(10) UNSIGNED NOT NULL,
  `gID` int(10) UNSIGNED DEFAULT '0'
) ENGINE=InnoDB DEFAULT CHARSET=utf8 COLLATE=utf8_unicode_ci;

--
-- Gegevens worden geëxporteerd voor tabel `TreeGroupNodes`
--

INSERT INTO `TreeGroupNodes` (`treeNodeID`, `gID`) VALUES
(2, 1),
(3, 2),
(4, 3);

-- --------------------------------------------------------

--
-- Tabelstructuur voor tabel `TreeNodePermissionAssignments`
--

CREATE TABLE `TreeNodePermissionAssignments` (
  `treeNodeID` int(10) UNSIGNED NOT NULL DEFAULT '0',
  `pkID` int(10) UNSIGNED NOT NULL DEFAULT '0',
  `paID` int(10) UNSIGNED NOT NULL DEFAULT '0'
) ENGINE=InnoDB DEFAULT CHARSET=utf8 COLLATE=utf8_unicode_ci;

--
-- Gegevens worden geëxporteerd voor tabel `TreeNodePermissionAssignments`
--

INSERT INTO `TreeNodePermissionAssignments` (`treeNodeID`, `pkID`, `paID`) VALUES
(1, 81, 88),
(1, 82, 89),
(1, 83, 90),
(1, 84, 91),
(1, 85, 92),
(5, 65, 31),
(14, 65, 32);

-- --------------------------------------------------------

--
-- Tabelstructuur voor tabel `TreeNodes`
--

CREATE TABLE `TreeNodes` (
  `treeNodeID` int(10) UNSIGNED NOT NULL,
  `treeNodeTypeID` int(10) UNSIGNED DEFAULT '0',
  `treeID` int(10) UNSIGNED DEFAULT '0',
  `treeNodeParentID` int(10) UNSIGNED DEFAULT '0',
  `treeNodeDisplayOrder` int(10) UNSIGNED DEFAULT '0',
  `treeNodeOverridePermissions` tinyint(1) DEFAULT '0',
  `inheritPermissionsFromTreeNodeID` int(10) UNSIGNED DEFAULT '0'
) ENGINE=InnoDB DEFAULT CHARSET=utf8 COLLATE=utf8_unicode_ci;

--
-- Gegevens worden geëxporteerd voor tabel `TreeNodes`
--

INSERT INTO `TreeNodes` (`treeNodeID`, `treeNodeTypeID`, `treeID`, `treeNodeParentID`, `treeNodeDisplayOrder`, `treeNodeOverridePermissions`, `inheritPermissionsFromTreeNodeID`) VALUES
(1, 1, 1, 0, 0, 1, 1),
(2, 1, 1, 1, 0, 0, 1),
(3, 1, 1, 1, 1, 0, 1),
(4, 1, 1, 1, 2, 0, 1),
(5, 2, 2, 0, 0, 1, 5),
(6, 2, 2, 5, 0, 0, 5),
(7, 3, 2, 6, 0, 0, 5),
(8, 3, 2, 6, 1, 0, 5),
(9, 3, 2, 6, 2, 0, 5),
(10, 3, 2, 6, 3, 0, 5),
(11, 3, 2, 5, 1, 0, 5),
(12, 3, 2, 5, 2, 0, 5),
(13, 3, 2, 5, 3, 0, 5),
(14, 2, 3, 0, 0, 1, 14),
(15, 3, 3, 14, 0, 0, 14),
(16, 3, 3, 14, 1, 0, 14),
(17, 3, 3, 14, 2, 0, 14),
(18, 3, 3, 14, 3, 0, 14);

-- --------------------------------------------------------

--
-- Tabelstructuur voor tabel `TreeNodeTypes`
--

CREATE TABLE `TreeNodeTypes` (
  `treeNodeTypeID` int(10) UNSIGNED NOT NULL,
  `treeNodeTypeHandle` varchar(255) COLLATE utf8_unicode_ci DEFAULT '',
  `pkgID` int(10) UNSIGNED DEFAULT '0'
) ENGINE=InnoDB DEFAULT CHARSET=utf8 COLLATE=utf8_unicode_ci;

--
-- Gegevens worden geëxporteerd voor tabel `TreeNodeTypes`
--

INSERT INTO `TreeNodeTypes` (`treeNodeTypeID`, `treeNodeTypeHandle`, `pkgID`) VALUES
(1, 'group', 0),
(2, 'topic_category', 0),
(3, 'topic', 0);

-- --------------------------------------------------------

--
-- Tabelstructuur voor tabel `Trees`
--

CREATE TABLE `Trees` (
  `treeID` int(10) UNSIGNED NOT NULL,
  `treeTypeID` int(10) UNSIGNED DEFAULT '0',
  `treeDateAdded` datetime DEFAULT NULL,
  `rootTreeNodeID` int(10) UNSIGNED DEFAULT '0'
) ENGINE=InnoDB DEFAULT CHARSET=utf8 COLLATE=utf8_unicode_ci;

--
-- Gegevens worden geëxporteerd voor tabel `Trees`
--

INSERT INTO `Trees` (`treeID`, `treeTypeID`, `treeDateAdded`, `rootTreeNodeID`) VALUES
(1, 1, '2017-02-22 09:42:51', 1),
(2, 2, '2017-02-22 09:44:06', 5),
(3, 2, '2017-02-22 09:44:06', 14);

-- --------------------------------------------------------

--
-- Tabelstructuur voor tabel `TreeTopicNodes`
--

CREATE TABLE `TreeTopicNodes` (
  `treeNodeID` int(10) UNSIGNED NOT NULL,
  `treeNodeTopicName` varchar(255) COLLATE utf8_unicode_ci DEFAULT ''
) ENGINE=InnoDB DEFAULT CHARSET=utf8 COLLATE=utf8_unicode_ci;

--
-- Gegevens worden geëxporteerd voor tabel `TreeTopicNodes`
--

INSERT INTO `TreeTopicNodes` (`treeNodeID`, `treeNodeTopicName`) VALUES
(7, 'Gadgets'),
(8, 'Movies'),
(9, 'Books'),
(10, 'Music'),
(11, 'Projects'),
(12, 'Sports'),
(13, 'Humor'),
(15, 'Crafts'),
(16, 'Homework'),
(17, 'Supplies'),
(18, 'Activities');

-- --------------------------------------------------------

--
-- Tabelstructuur voor tabel `TreeTypes`
--

CREATE TABLE `TreeTypes` (
  `treeTypeID` int(10) UNSIGNED NOT NULL,
  `treeTypeHandle` varchar(255) COLLATE utf8_unicode_ci DEFAULT '',
  `pkgID` int(10) UNSIGNED DEFAULT '0'
) ENGINE=InnoDB DEFAULT CHARSET=utf8 COLLATE=utf8_unicode_ci;

--
-- Gegevens worden geëxporteerd voor tabel `TreeTypes`
--

INSERT INTO `TreeTypes` (`treeTypeID`, `treeTypeHandle`, `pkgID`) VALUES
(1, 'group', 0),
(2, 'topic', 0);

-- --------------------------------------------------------

--
-- Tabelstructuur voor tabel `UserAttributeKeys`
--

CREATE TABLE `UserAttributeKeys` (
  `akID` int(10) UNSIGNED NOT NULL,
  `uakProfileDisplay` tinyint(1) NOT NULL DEFAULT '0',
  `uakMemberListDisplay` tinyint(1) NOT NULL DEFAULT '0',
  `uakProfileEdit` tinyint(1) NOT NULL DEFAULT '1',
  `uakProfileEditRequired` tinyint(1) NOT NULL DEFAULT '0',
  `uakRegisterEdit` tinyint(1) NOT NULL DEFAULT '0',
  `uakRegisterEditRequired` tinyint(1) NOT NULL DEFAULT '0',
  `displayOrder` int(10) UNSIGNED DEFAULT '0',
  `uakIsActive` tinyint(1) NOT NULL DEFAULT '1'
) ENGINE=InnoDB DEFAULT CHARSET=utf8 COLLATE=utf8_unicode_ci;

--
-- Gegevens worden geëxporteerd voor tabel `UserAttributeKeys`
--

INSERT INTO `UserAttributeKeys` (`akID`, `uakProfileDisplay`, `uakMemberListDisplay`, `uakProfileEdit`, `uakProfileEditRequired`, `uakRegisterEdit`, `uakRegisterEditRequired`, `displayOrder`, `uakIsActive`) VALUES
(12, 0, 0, 1, 0, 1, 0, 1, 1),
(13, 0, 0, 1, 0, 1, 0, 2, 1),
(16, 0, 0, 0, 0, 0, 0, 3, 1);

-- --------------------------------------------------------

--
-- Tabelstructuur voor tabel `UserAttributeValues`
--

CREATE TABLE `UserAttributeValues` (
  `uID` int(10) UNSIGNED NOT NULL DEFAULT '0',
  `akID` int(10) UNSIGNED NOT NULL DEFAULT '0',
  `avID` int(10) UNSIGNED DEFAULT '0'
) ENGINE=InnoDB DEFAULT CHARSET=utf8 COLLATE=utf8_unicode_ci;

-- --------------------------------------------------------

--
-- Tabelstructuur voor tabel `UserBannedIPs`
--

CREATE TABLE `UserBannedIPs` (
  `id` int(10) UNSIGNED NOT NULL,
  `ipFrom` tinyblob,
  `ipTo` tinyblob,
  `banCode` tinyint(1) NOT NULL DEFAULT '1',
  `expires` datetime NOT NULL DEFAULT '1000-01-01 00:00:00',
  `isManual` tinyint(1) NOT NULL DEFAULT '0'
) ENGINE=InnoDB DEFAULT CHARSET=utf8 COLLATE=utf8_unicode_ci;

-- --------------------------------------------------------

--
-- Tabelstructuur voor tabel `UserGroups`
--

CREATE TABLE `UserGroups` (
  `uID` int(10) UNSIGNED NOT NULL DEFAULT '0',
  `gID` int(10) UNSIGNED NOT NULL DEFAULT '0',
  `ugEntered` datetime NOT NULL DEFAULT '1000-01-01 00:00:00'
) ENGINE=InnoDB DEFAULT CHARSET=utf8 COLLATE=utf8_unicode_ci;

-- --------------------------------------------------------

--
-- Tabelstructuur voor tabel `UserPermissionEditPropertyAccessList`
--

CREATE TABLE `UserPermissionEditPropertyAccessList` (
  `paID` int(10) UNSIGNED NOT NULL DEFAULT '0',
  `peID` int(10) UNSIGNED NOT NULL DEFAULT '0',
  `uName` tinyint(1) DEFAULT '0',
  `uEmail` tinyint(1) DEFAULT '0',
  `uPassword` tinyint(1) DEFAULT '0',
  `uAvatar` tinyint(1) DEFAULT '0',
  `uTimezone` tinyint(1) DEFAULT '0',
  `uDefaultLanguage` tinyint(1) DEFAULT '0',
  `attributePermission` varchar(1) COLLATE utf8_unicode_ci NOT NULL DEFAULT '1'
) ENGINE=InnoDB DEFAULT CHARSET=utf8 COLLATE=utf8_unicode_ci;

-- --------------------------------------------------------

--
-- Tabelstructuur voor tabel `UserPermissionEditPropertyAttributeAccessListCustom`
--

CREATE TABLE `UserPermissionEditPropertyAttributeAccessListCustom` (
  `paID` int(10) UNSIGNED NOT NULL DEFAULT '0',
  `peID` int(10) UNSIGNED NOT NULL DEFAULT '0',
  `akID` int(10) UNSIGNED NOT NULL DEFAULT '0'
) ENGINE=InnoDB DEFAULT CHARSET=utf8 COLLATE=utf8_unicode_ci;

-- --------------------------------------------------------

--
-- Tabelstructuur voor tabel `UserPermissionViewAttributeAccessList`
--

CREATE TABLE `UserPermissionViewAttributeAccessList` (
  `paID` int(10) UNSIGNED NOT NULL DEFAULT '0',
  `peID` int(10) UNSIGNED NOT NULL DEFAULT '0',
  `permission` varchar(1) COLLATE utf8_unicode_ci NOT NULL DEFAULT '1'
) ENGINE=InnoDB DEFAULT CHARSET=utf8 COLLATE=utf8_unicode_ci;

-- --------------------------------------------------------

--
-- Tabelstructuur voor tabel `UserPermissionViewAttributeAccessListCustom`
--

CREATE TABLE `UserPermissionViewAttributeAccessListCustom` (
  `paID` int(10) UNSIGNED NOT NULL DEFAULT '0',
  `peID` int(10) UNSIGNED NOT NULL DEFAULT '0',
  `akID` int(10) UNSIGNED NOT NULL DEFAULT '0'
) ENGINE=InnoDB DEFAULT CHARSET=utf8 COLLATE=utf8_unicode_ci;

-- --------------------------------------------------------

--
-- Tabelstructuur voor tabel `UserPointActions`
--

CREATE TABLE `UserPointActions` (
  `upaID` int(11) NOT NULL,
  `upaHandle` varchar(255) COLLATE utf8_unicode_ci DEFAULT NULL,
  `upaName` varchar(255) COLLATE utf8_unicode_ci DEFAULT NULL,
  `upaDefaultPoints` int(11) NOT NULL DEFAULT '0',
  `pkgID` int(10) UNSIGNED NOT NULL DEFAULT '0',
  `upaHasCustomClass` tinyint(1) NOT NULL DEFAULT '0',
  `upaIsActive` tinyint(1) NOT NULL DEFAULT '1',
  `gBadgeID` int(11) NOT NULL DEFAULT '0'
) ENGINE=InnoDB DEFAULT CHARSET=utf8 COLLATE=utf8_unicode_ci;

--
-- Gegevens worden geëxporteerd voor tabel `UserPointActions`
--

INSERT INTO `UserPointActions` (`upaID`, `upaHandle`, `upaName`, `upaDefaultPoints`, `pkgID`, `upaHasCustomClass`, `upaIsActive`, `gBadgeID`) VALUES
(1, 'won_badge', 'Won a Badge', 5, 0, 1, 1, 0);

-- --------------------------------------------------------

--
-- Tabelstructuur voor tabel `UserPointHistory`
--

CREATE TABLE `UserPointHistory` (
  `upID` int(11) NOT NULL,
  `upuID` int(11) NOT NULL DEFAULT '0',
  `upaID` int(11) DEFAULT '0',
  `upPoints` int(11) DEFAULT '0',
  `object` longtext COLLATE utf8_unicode_ci,
  `timestamp` timestamp NOT NULL DEFAULT CURRENT_TIMESTAMP
) ENGINE=InnoDB DEFAULT CHARSET=utf8 COLLATE=utf8_unicode_ci;

-- --------------------------------------------------------

--
-- Tabelstructuur voor tabel `UserPrivateMessages`
--

CREATE TABLE `UserPrivateMessages` (
  `msgID` int(10) UNSIGNED NOT NULL,
  `uAuthorID` int(10) UNSIGNED NOT NULL DEFAULT '0',
  `msgDateCreated` datetime NOT NULL,
  `msgSubject` varchar(255) COLLATE utf8_unicode_ci NOT NULL,
  `msgBody` text COLLATE utf8_unicode_ci,
  `uToID` int(10) UNSIGNED NOT NULL DEFAULT '0'
) ENGINE=InnoDB DEFAULT CHARSET=utf8 COLLATE=utf8_unicode_ci;

-- --------------------------------------------------------

--
-- Tabelstructuur voor tabel `UserPrivateMessagesTo`
--

CREATE TABLE `UserPrivateMessagesTo` (
  `msgID` int(10) UNSIGNED NOT NULL DEFAULT '0',
  `uID` int(10) UNSIGNED NOT NULL DEFAULT '0',
  `uAuthorID` int(10) UNSIGNED NOT NULL DEFAULT '0',
  `msgMailboxID` int(11) NOT NULL,
  `msgIsNew` tinyint(1) NOT NULL DEFAULT '0',
  `msgIsUnread` tinyint(1) NOT NULL DEFAULT '0',
  `msgIsReplied` tinyint(1) NOT NULL DEFAULT '0'
) ENGINE=InnoDB DEFAULT CHARSET=utf8 COLLATE=utf8_unicode_ci;

-- --------------------------------------------------------

--
-- Tabelstructuur voor tabel `Users`
--

CREATE TABLE `Users` (
  `uID` int(10) UNSIGNED NOT NULL,
  `uName` varchar(64) COLLATE utf8_unicode_ci NOT NULL,
  `uEmail` varchar(254) COLLATE utf8_unicode_ci NOT NULL,
  `uPassword` varchar(255) COLLATE utf8_unicode_ci NOT NULL,
  `uIsActive` varchar(1) COLLATE utf8_unicode_ci NOT NULL DEFAULT '0',
  `uIsValidated` tinyint(1) NOT NULL DEFAULT '-1',
  `uIsFullRecord` tinyint(1) NOT NULL DEFAULT '1',
  `uDateAdded` datetime NOT NULL DEFAULT '1000-01-01 00:00:00',
  `uLastPasswordChange` datetime NOT NULL DEFAULT '1000-01-01 00:00:00',
  `uHasAvatar` tinyint(1) NOT NULL DEFAULT '0',
  `uLastOnline` int(10) UNSIGNED NOT NULL DEFAULT '0',
  `uLastLogin` int(10) UNSIGNED NOT NULL DEFAULT '0',
  `uLastIP` tinyblob,
  `uPreviousLogin` int(10) UNSIGNED DEFAULT '0',
  `uNumLogins` int(10) UNSIGNED NOT NULL DEFAULT '0',
  `uLastAuthTypeID` int(10) UNSIGNED NOT NULL DEFAULT '0',
  `uTimezone` varchar(255) COLLATE utf8_unicode_ci DEFAULT NULL,
  `uDefaultLanguage` varchar(32) COLLATE utf8_unicode_ci DEFAULT NULL
) ENGINE=InnoDB DEFAULT CHARSET=utf8 COLLATE=utf8_unicode_ci;

--
-- Gegevens worden geëxporteerd voor tabel `Users`
--

INSERT INTO `Users` (`uID`, `uName`, `uEmail`, `uPassword`, `uIsActive`, `uIsValidated`, `uIsFullRecord`, `uDateAdded`, `uLastPasswordChange`, `uHasAvatar`, `uLastOnline`, `uLastLogin`, `uLastIP`, `uPreviousLogin`, `uNumLogins`, `uLastAuthTypeID`, `uTimezone`, `uDefaultLanguage`) VALUES
(1, 'admin', 'caitlin.koopman@forza-digital.com', '$2a$12$uI3zbZIY.i.ytucPUhCWCuBQJ7faFzadI899Kd/9MqVDG4xG.zerS', '1', -1, 1, '2017-02-22 09:42:51', '2017-02-22 09:42:51', 0, 1488206321, 1488203969, 0x3766303030303031, 1488196713, 19, 1, NULL, NULL);

-- --------------------------------------------------------

--
-- Tabelstructuur voor tabel `UserSearchIndexAttributes`
--

CREATE TABLE `UserSearchIndexAttributes` (
  `uID` int(10) UNSIGNED NOT NULL DEFAULT '0',
  `ak_profile_private_messages_enabled` tinyint(1) DEFAULT '0',
  `ak_profile_private_messages_notification_enabled` tinyint(1) DEFAULT '0'
) ENGINE=InnoDB DEFAULT CHARSET=utf8 COLLATE=utf8_unicode_ci;

-- --------------------------------------------------------

--
-- Tabelstructuur voor tabel `UserValidationHashes`
--

CREATE TABLE `UserValidationHashes` (
  `uvhID` int(10) UNSIGNED NOT NULL,
  `uID` int(10) UNSIGNED DEFAULT NULL,
  `uHash` varchar(64) COLLATE utf8_unicode_ci NOT NULL,
  `type` smallint(5) UNSIGNED NOT NULL DEFAULT '0',
  `uDateGenerated` int(10) UNSIGNED NOT NULL DEFAULT '0',
  `uDateRedeemed` int(10) UNSIGNED NOT NULL DEFAULT '0'
) ENGINE=InnoDB DEFAULT CHARSET=utf8 COLLATE=utf8_unicode_ci;

-- --------------------------------------------------------

--
-- Tabelstructuur voor tabel `WorkflowProgress`
--

CREATE TABLE `WorkflowProgress` (
  `wpID` int(10) UNSIGNED NOT NULL,
  `wpCategoryID` int(10) UNSIGNED DEFAULT NULL,
  `wfID` int(10) UNSIGNED NOT NULL DEFAULT '0',
  `wpApproved` tinyint(1) NOT NULL DEFAULT '0',
  `wpDateAdded` datetime DEFAULT NULL,
  `wpDateLastAction` datetime DEFAULT NULL,
  `wpCurrentStatus` int(11) NOT NULL DEFAULT '0',
  `wrID` int(11) NOT NULL DEFAULT '0',
  `wpIsCompleted` tinyint(1) NOT NULL DEFAULT '0'
) ENGINE=InnoDB DEFAULT CHARSET=utf8 COLLATE=utf8_unicode_ci;

-- --------------------------------------------------------

--
-- Tabelstructuur voor tabel `WorkflowProgressCategories`
--

CREATE TABLE `WorkflowProgressCategories` (
  `wpCategoryID` int(10) UNSIGNED NOT NULL,
  `wpCategoryHandle` varchar(255) COLLATE utf8_unicode_ci NOT NULL,
  `pkgID` int(10) UNSIGNED DEFAULT NULL
) ENGINE=InnoDB DEFAULT CHARSET=utf8 COLLATE=utf8_unicode_ci;

--
-- Gegevens worden geëxporteerd voor tabel `WorkflowProgressCategories`
--

INSERT INTO `WorkflowProgressCategories` (`wpCategoryID`, `wpCategoryHandle`, `pkgID`) VALUES
(1, 'page', NULL),
(2, 'file', NULL),
(3, 'user', NULL);

-- --------------------------------------------------------

--
-- Tabelstructuur voor tabel `WorkflowProgressHistory`
--

CREATE TABLE `WorkflowProgressHistory` (
  `wphID` int(10) UNSIGNED NOT NULL,
  `wpID` int(10) UNSIGNED NOT NULL DEFAULT '0',
  `timestamp` timestamp NOT NULL DEFAULT CURRENT_TIMESTAMP,
  `object` text COLLATE utf8_unicode_ci
) ENGINE=InnoDB DEFAULT CHARSET=utf8 COLLATE=utf8_unicode_ci;

--
-- Gegevens worden geëxporteerd voor tabel `WorkflowProgressHistory`
--

INSERT INTO `WorkflowProgressHistory` (`wphID`, `wpID`, `timestamp`, `object`) VALUES
(1, 1, '2017-02-22 09:58:58', 'O:49:"Concrete\\Core\\Workflow\\Request\\ApprovePageRequest":8:{s:14:"\0*\0wrStatusNum";i:30;s:12:"\0*\0currentWP";N;s:6:"\0*\0uID";s:1:"1";s:5:"error";s:0:"";s:4:"pkID";s:2:"14";s:3:"cID";s:1:"1";s:4:"cvID";s:1:"2";s:4:"wrID";s:1:"1";}'),
(2, 2, '2017-02-22 09:59:23', 'O:48:"Concrete\\Core\\Workflow\\Request\\DeletePageRequest":7:{s:14:"\0*\0wrStatusNum";i:100;s:12:"\0*\0currentWP";N;s:6:"\0*\0uID";s:1:"1";s:5:"error";s:0:"";s:4:"pkID";s:2:"12";s:3:"cID";s:3:"154";s:4:"wrID";s:1:"2";}'),
(3, 3, '2017-02-22 09:59:28', 'O:48:"Concrete\\Core\\Workflow\\Request\\DeletePageRequest":7:{s:14:"\0*\0wrStatusNum";i:100;s:12:"\0*\0currentWP";N;s:6:"\0*\0uID";s:1:"1";s:5:"error";s:0:"";s:4:"pkID";s:2:"12";s:3:"cID";s:3:"156";s:4:"wrID";s:1:"3";}'),
(4, 4, '2017-02-22 09:59:33', 'O:48:"Concrete\\Core\\Workflow\\Request\\DeletePageRequest":7:{s:14:"\0*\0wrStatusNum";i:100;s:12:"\0*\0currentWP";N;s:6:"\0*\0uID";s:1:"1";s:5:"error";s:0:"";s:4:"pkID";s:2:"12";s:3:"cID";s:3:"157";s:4:"wrID";s:1:"4";}'),
(5, 5, '2017-02-22 09:59:37', 'O:48:"Concrete\\Core\\Workflow\\Request\\DeletePageRequest":7:{s:14:"\0*\0wrStatusNum";i:100;s:12:"\0*\0currentWP";N;s:6:"\0*\0uID";s:1:"1";s:5:"error";s:0:"";s:4:"pkID";s:2:"12";s:3:"cID";s:3:"159";s:4:"wrID";s:1:"5";}'),
(6, 6, '2017-02-22 09:59:44', 'O:48:"Concrete\\Core\\Workflow\\Request\\DeletePageRequest":7:{s:14:"\0*\0wrStatusNum";i:100;s:12:"\0*\0currentWP";N;s:6:"\0*\0uID";s:1:"1";s:5:"error";s:0:"";s:4:"pkID";s:2:"12";s:3:"cID";s:3:"160";s:4:"wrID";s:1:"6";}'),
(7, 7, '2017-02-22 09:59:47', 'O:48:"Concrete\\Core\\Workflow\\Request\\DeletePageRequest":7:{s:14:"\0*\0wrStatusNum";i:100;s:12:"\0*\0currentWP";N;s:6:"\0*\0uID";s:1:"1";s:5:"error";s:0:"";s:4:"pkID";s:2:"12";s:3:"cID";s:3:"161";s:4:"wrID";s:1:"7";}'),
(8, 8, '2017-02-22 09:59:50', 'O:48:"Concrete\\Core\\Workflow\\Request\\DeletePageRequest":7:{s:14:"\0*\0wrStatusNum";i:100;s:12:"\0*\0currentWP";N;s:6:"\0*\0uID";s:1:"1";s:5:"error";s:0:"";s:4:"pkID";s:2:"12";s:3:"cID";s:3:"162";s:4:"wrID";s:1:"8";}'),
(9, 9, '2017-02-22 10:10:39', 'O:49:"Concrete\\Core\\Workflow\\Request\\ApprovePageRequest":8:{s:14:"\0*\0wrStatusNum";i:30;s:12:"\0*\0currentWP";N;s:6:"\0*\0uID";s:1:"1";s:5:"error";s:0:"";s:4:"pkID";s:2:"14";s:3:"cID";s:3:"203";s:4:"cvID";s:1:"1";s:4:"wrID";s:1:"9";}'),
(10, 10, '2017-02-22 10:11:01', 'O:49:"Concrete\\Core\\Workflow\\Request\\ApprovePageRequest":8:{s:14:"\0*\0wrStatusNum";i:30;s:12:"\0*\0currentWP";N;s:6:"\0*\0uID";s:1:"1";s:5:"error";s:0:"";s:4:"pkID";s:2:"14";s:3:"cID";s:3:"204";s:4:"cvID";s:1:"1";s:4:"wrID";s:2:"10";}'),
(11, 11, '2017-02-22 10:11:16', 'O:49:"Concrete\\Core\\Workflow\\Request\\ApprovePageRequest":8:{s:14:"\0*\0wrStatusNum";i:30;s:12:"\0*\0currentWP";N;s:6:"\0*\0uID";s:1:"1";s:5:"error";s:0:"";s:4:"pkID";s:2:"14";s:3:"cID";s:3:"205";s:4:"cvID";s:1:"1";s:4:"wrID";s:2:"11";}'),
(12, 12, '2017-02-22 10:11:27', 'O:49:"Concrete\\Core\\Workflow\\Request\\ApprovePageRequest":8:{s:14:"\0*\0wrStatusNum";i:30;s:12:"\0*\0currentWP";N;s:6:"\0*\0uID";s:1:"1";s:5:"error";s:0:"";s:4:"pkID";s:2:"14";s:3:"cID";s:3:"206";s:4:"cvID";s:1:"1";s:4:"wrID";s:2:"12";}'),
(13, 13, '2017-02-22 10:23:01', 'O:49:"Concrete\\Core\\Workflow\\Request\\ApprovePageRequest":8:{s:14:"\0*\0wrStatusNum";i:30;s:12:"\0*\0currentWP";N;s:6:"\0*\0uID";s:1:"1";s:5:"error";s:0:"";s:4:"pkID";s:2:"14";s:3:"cID";s:1:"1";s:4:"cvID";s:1:"3";s:4:"wrID";s:2:"13";}'),
(14, 14, '2017-02-22 10:33:46', 'O:49:"Concrete\\Core\\Workflow\\Request\\ApprovePageRequest":8:{s:14:"\0*\0wrStatusNum";i:30;s:12:"\0*\0currentWP";N;s:6:"\0*\0uID";s:1:"1";s:5:"error";s:0:"";s:4:"pkID";s:2:"14";s:3:"cID";s:1:"1";s:4:"cvID";s:1:"4";s:4:"wrID";s:2:"14";}'),
(15, 15, '2017-02-22 10:49:39', 'O:49:"Concrete\\Core\\Workflow\\Request\\ApprovePageRequest":8:{s:14:"\0*\0wrStatusNum";i:30;s:12:"\0*\0currentWP";N;s:6:"\0*\0uID";s:1:"1";s:5:"error";s:0:"";s:4:"pkID";s:2:"14";s:3:"cID";s:1:"1";s:4:"cvID";s:1:"5";s:4:"wrID";s:2:"15";}'),
(16, 16, '2017-02-22 12:36:44', 'O:49:"Concrete\\Core\\Workflow\\Request\\ApprovePageRequest":8:{s:14:"\0*\0wrStatusNum";i:30;s:12:"\0*\0currentWP";N;s:6:"\0*\0uID";s:1:"1";s:5:"error";s:0:"";s:4:"pkID";s:2:"14";s:3:"cID";s:1:"1";s:4:"cvID";s:1:"6";s:4:"wrID";s:2:"16";}'),
(17, 17, '2017-02-22 12:42:39', 'O:49:"Concrete\\Core\\Workflow\\Request\\ApprovePageRequest":8:{s:14:"\0*\0wrStatusNum";i:30;s:12:"\0*\0currentWP";N;s:6:"\0*\0uID";s:1:"1";s:5:"error";s:0:"";s:4:"pkID";s:2:"14";s:3:"cID";s:3:"207";s:4:"cvID";s:1:"1";s:4:"wrID";s:2:"17";}'),
(18, 18, '2017-02-22 12:42:51', 'O:49:"Concrete\\Core\\Workflow\\Request\\ApprovePageRequest":8:{s:14:"\0*\0wrStatusNum";i:30;s:12:"\0*\0currentWP";N;s:6:"\0*\0uID";s:1:"1";s:5:"error";s:0:"";s:4:"pkID";s:2:"14";s:3:"cID";s:3:"208";s:4:"cvID";s:1:"1";s:4:"wrID";s:2:"18";}'),
(19, 19, '2017-02-22 12:43:05', 'O:48:"Concrete\\Core\\Workflow\\Request\\DeletePageRequest":7:{s:14:"\0*\0wrStatusNum";i:100;s:12:"\0*\0currentWP";N;s:6:"\0*\0uID";s:1:"1";s:5:"error";s:0:"";s:4:"pkID";s:2:"12";s:3:"cID";s:3:"207";s:4:"wrID";s:2:"19";}'),
(20, 20, '2017-02-22 12:43:09', 'O:48:"Concrete\\Core\\Workflow\\Request\\DeletePageRequest":7:{s:14:"\0*\0wrStatusNum";i:100;s:12:"\0*\0currentWP";N;s:6:"\0*\0uID";s:1:"1";s:5:"error";s:0:"";s:4:"pkID";s:2:"12";s:3:"cID";s:3:"208";s:4:"wrID";s:2:"20";}'),
(21, 21, '2017-02-22 12:48:17', 'O:49:"Concrete\\Core\\Workflow\\Request\\ApprovePageRequest":8:{s:14:"\0*\0wrStatusNum";i:30;s:12:"\0*\0currentWP";N;s:6:"\0*\0uID";s:1:"1";s:5:"error";s:0:"";s:4:"pkID";s:2:"14";s:3:"cID";s:1:"1";s:4:"cvID";s:1:"7";s:4:"wrID";s:2:"21";}'),
(22, 22, '2017-02-22 13:28:21', 'O:48:"Concrete\\Core\\Workflow\\Request\\DeletePageRequest":7:{s:14:"\0*\0wrStatusNum";i:100;s:12:"\0*\0currentWP";N;s:6:"\0*\0uID";s:1:"1";s:5:"error";s:0:"";s:4:"pkID";s:2:"12";s:3:"cID";s:3:"205";s:4:"wrID";s:2:"22";}'),
(23, 23, '2017-02-22 13:31:38', 'O:49:"Concrete\\Core\\Workflow\\Request\\ApprovePageRequest":8:{s:14:"\0*\0wrStatusNum";i:30;s:12:"\0*\0currentWP";N;s:6:"\0*\0uID";s:1:"1";s:5:"error";s:0:"";s:4:"pkID";s:2:"14";s:3:"cID";s:3:"203";s:4:"cvID";s:1:"2";s:4:"wrID";s:2:"23";}'),
(24, 24, '2017-02-22 13:34:12', 'O:48:"Concrete\\Core\\Workflow\\Request\\DeletePageRequest":7:{s:14:"\0*\0wrStatusNum";i:100;s:12:"\0*\0currentWP";N;s:6:"\0*\0uID";s:1:"1";s:5:"error";s:0:"";s:4:"pkID";s:2:"12";s:3:"cID";s:3:"204";s:4:"wrID";s:2:"24";}'),
(25, 25, '2017-02-22 13:34:16', 'O:48:"Concrete\\Core\\Workflow\\Request\\DeletePageRequest":7:{s:14:"\0*\0wrStatusNum";i:100;s:12:"\0*\0currentWP";N;s:6:"\0*\0uID";s:1:"1";s:5:"error";s:0:"";s:4:"pkID";s:2:"12";s:3:"cID";s:3:"206";s:4:"wrID";s:2:"25";}'),
(26, 26, '2017-02-22 13:34:31', 'O:49:"Concrete\\Core\\Workflow\\Request\\ApprovePageRequest":8:{s:14:"\0*\0wrStatusNum";i:30;s:12:"\0*\0currentWP";N;s:6:"\0*\0uID";s:1:"1";s:5:"error";s:0:"";s:4:"pkID";s:2:"14";s:3:"cID";s:3:"209";s:4:"cvID";s:1:"1";s:4:"wrID";s:2:"26";}'),
(27, 27, '2017-02-22 13:34:42', 'O:49:"Concrete\\Core\\Workflow\\Request\\ApprovePageRequest":8:{s:14:"\0*\0wrStatusNum";i:30;s:12:"\0*\0currentWP";N;s:6:"\0*\0uID";s:1:"1";s:5:"error";s:0:"";s:4:"pkID";s:2:"14";s:3:"cID";s:3:"210";s:4:"cvID";s:1:"1";s:4:"wrID";s:2:"27";}'),
(28, 28, '2017-02-22 13:41:53', 'O:49:"Concrete\\Core\\Workflow\\Request\\ApprovePageRequest":8:{s:14:"\0*\0wrStatusNum";i:30;s:12:"\0*\0currentWP";N;s:6:"\0*\0uID";s:1:"1";s:5:"error";s:0:"";s:4:"pkID";s:2:"14";s:3:"cID";s:1:"1";s:4:"cvID";s:1:"8";s:4:"wrID";s:2:"28";}'),
(29, 29, '2017-02-22 13:43:40', 'O:49:"Concrete\\Core\\Workflow\\Request\\ApprovePageRequest":8:{s:14:"\0*\0wrStatusNum";i:30;s:12:"\0*\0currentWP";N;s:6:"\0*\0uID";s:1:"1";s:5:"error";s:0:"";s:4:"pkID";s:2:"14";s:3:"cID";s:1:"1";s:4:"cvID";s:1:"9";s:4:"wrID";s:2:"29";}'),
(30, 30, '2017-02-22 13:53:03', 'O:49:"Concrete\\Core\\Workflow\\Request\\ApprovePageRequest":8:{s:14:"\0*\0wrStatusNum";i:30;s:12:"\0*\0currentWP";N;s:6:"\0*\0uID";s:1:"1";s:5:"error";s:0:"";s:4:"pkID";s:2:"14";s:3:"cID";s:3:"211";s:4:"cvID";s:1:"1";s:4:"wrID";s:2:"30";}'),
(31, 31, '2017-02-22 13:53:12', 'O:49:"Concrete\\Core\\Workflow\\Request\\ApprovePageRequest":8:{s:14:"\0*\0wrStatusNum";i:30;s:12:"\0*\0currentWP";N;s:6:"\0*\0uID";s:1:"1";s:5:"error";s:0:"";s:4:"pkID";s:2:"14";s:3:"cID";s:3:"211";s:4:"cvID";s:1:"2";s:4:"wrID";s:2:"31";}'),
(32, 32, '2017-02-22 13:53:33', 'O:49:"Concrete\\Core\\Workflow\\Request\\ApprovePageRequest":8:{s:14:"\0*\0wrStatusNum";i:30;s:12:"\0*\0currentWP";N;s:6:"\0*\0uID";s:1:"1";s:5:"error";s:0:"";s:4:"pkID";s:2:"14";s:3:"cID";s:3:"212";s:4:"cvID";s:1:"1";s:4:"wrID";s:2:"32";}'),
(33, 33, '2017-02-22 13:53:43', 'O:49:"Concrete\\Core\\Workflow\\Request\\ApprovePageRequest":8:{s:14:"\0*\0wrStatusNum";i:30;s:12:"\0*\0currentWP";N;s:6:"\0*\0uID";s:1:"1";s:5:"error";s:0:"";s:4:"pkID";s:2:"14";s:3:"cID";s:3:"213";s:4:"cvID";s:1:"1";s:4:"wrID";s:2:"33";}'),
(34, 34, '2017-02-22 13:53:52', 'O:49:"Concrete\\Core\\Workflow\\Request\\ApprovePageRequest":8:{s:14:"\0*\0wrStatusNum";i:30;s:12:"\0*\0currentWP";N;s:6:"\0*\0uID";s:1:"1";s:5:"error";s:0:"";s:4:"pkID";s:2:"14";s:3:"cID";s:3:"214";s:4:"cvID";s:1:"1";s:4:"wrID";s:2:"34";}'),
(35, 35, '2017-02-22 13:54:01', 'O:49:"Concrete\\Core\\Workflow\\Request\\ApprovePageRequest":8:{s:14:"\0*\0wrStatusNum";i:30;s:12:"\0*\0currentWP";N;s:6:"\0*\0uID";s:1:"1";s:5:"error";s:0:"";s:4:"pkID";s:2:"14";s:3:"cID";s:3:"215";s:4:"cvID";s:1:"1";s:4:"wrID";s:2:"35";}'),
(36, 36, '2017-02-22 13:54:10', 'O:49:"Concrete\\Core\\Workflow\\Request\\ApprovePageRequest":8:{s:14:"\0*\0wrStatusNum";i:30;s:12:"\0*\0currentWP";N;s:6:"\0*\0uID";s:1:"1";s:5:"error";s:0:"";s:4:"pkID";s:2:"14";s:3:"cID";s:3:"216";s:4:"cvID";s:1:"1";s:4:"wrID";s:2:"36";}'),
(37, 37, '2017-02-22 13:54:21', 'O:49:"Concrete\\Core\\Workflow\\Request\\ApprovePageRequest":8:{s:14:"\0*\0wrStatusNum";i:30;s:12:"\0*\0currentWP";N;s:6:"\0*\0uID";s:1:"1";s:5:"error";s:0:"";s:4:"pkID";s:2:"14";s:3:"cID";s:3:"217";s:4:"cvID";s:1:"1";s:4:"wrID";s:2:"37";}'),
(38, 38, '2017-02-22 13:54:32', 'O:49:"Concrete\\Core\\Workflow\\Request\\ApprovePageRequest":8:{s:14:"\0*\0wrStatusNum";i:30;s:12:"\0*\0currentWP";N;s:6:"\0*\0uID";s:1:"1";s:5:"error";s:0:"";s:4:"pkID";s:2:"14";s:3:"cID";s:3:"218";s:4:"cvID";s:1:"1";s:4:"wrID";s:2:"38";}'),
(39, 39, '2017-02-22 13:56:07', 'O:49:"Concrete\\Core\\Workflow\\Request\\ApprovePageRequest":8:{s:14:"\0*\0wrStatusNum";i:30;s:12:"\0*\0currentWP";N;s:6:"\0*\0uID";s:1:"1";s:5:"error";s:0:"";s:4:"pkID";s:2:"14";s:3:"cID";s:1:"1";s:4:"cvID";s:2:"10";s:4:"wrID";s:2:"39";}'),
(40, 40, '2017-02-22 13:58:45', 'O:49:"Concrete\\Core\\Workflow\\Request\\ApprovePageRequest":8:{s:14:"\0*\0wrStatusNum";i:30;s:12:"\0*\0currentWP";N;s:6:"\0*\0uID";s:1:"1";s:5:"error";s:0:"";s:4:"pkID";s:2:"14";s:3:"cID";s:1:"1";s:4:"cvID";s:2:"11";s:4:"wrID";s:2:"40";}'),
(41, 41, '2017-02-22 14:08:17', 'O:49:"Concrete\\Core\\Workflow\\Request\\ApprovePageRequest":8:{s:14:"\0*\0wrStatusNum";i:30;s:12:"\0*\0currentWP";N;s:6:"\0*\0uID";s:1:"1";s:5:"error";s:0:"";s:4:"pkID";s:2:"14";s:3:"cID";s:3:"212";s:4:"cvID";s:1:"2";s:4:"wrID";s:2:"41";}'),
(42, 42, '2017-02-22 14:08:30', 'O:49:"Concrete\\Core\\Workflow\\Request\\ApprovePageRequest":8:{s:14:"\0*\0wrStatusNum";i:30;s:12:"\0*\0currentWP";N;s:6:"\0*\0uID";s:1:"1";s:5:"error";s:0:"";s:4:"pkID";s:2:"14";s:3:"cID";s:3:"213";s:4:"cvID";s:1:"2";s:4:"wrID";s:2:"42";}'),
(43, 43, '2017-02-22 14:08:41', 'O:49:"Concrete\\Core\\Workflow\\Request\\ApprovePageRequest":8:{s:14:"\0*\0wrStatusNum";i:30;s:12:"\0*\0currentWP";N;s:6:"\0*\0uID";s:1:"1";s:5:"error";s:0:"";s:4:"pkID";s:2:"14";s:3:"cID";s:3:"214";s:4:"cvID";s:1:"2";s:4:"wrID";s:2:"43";}'),
(44, 44, '2017-02-22 14:08:52', 'O:49:"Concrete\\Core\\Workflow\\Request\\ApprovePageRequest":8:{s:14:"\0*\0wrStatusNum";i:30;s:12:"\0*\0currentWP";N;s:6:"\0*\0uID";s:1:"1";s:5:"error";s:0:"";s:4:"pkID";s:2:"14";s:3:"cID";s:3:"215";s:4:"cvID";s:1:"2";s:4:"wrID";s:2:"44";}'),
(45, 45, '2017-02-22 14:09:08', 'O:49:"Concrete\\Core\\Workflow\\Request\\ApprovePageRequest":8:{s:14:"\0*\0wrStatusNum";i:30;s:12:"\0*\0currentWP";N;s:6:"\0*\0uID";s:1:"1";s:5:"error";s:0:"";s:4:"pkID";s:2:"14";s:3:"cID";s:3:"216";s:4:"cvID";s:1:"2";s:4:"wrID";s:2:"45";}'),
(46, 46, '2017-02-22 14:09:18', 'O:49:"Concrete\\Core\\Workflow\\Request\\ApprovePageRequest":8:{s:14:"\0*\0wrStatusNum";i:30;s:12:"\0*\0currentWP";N;s:6:"\0*\0uID";s:1:"1";s:5:"error";s:0:"";s:4:"pkID";s:2:"14";s:3:"cID";s:3:"217";s:4:"cvID";s:1:"2";s:4:"wrID";s:2:"46";}'),
(47, 47, '2017-02-22 14:09:26', 'O:49:"Concrete\\Core\\Workflow\\Request\\ApprovePageRequest":8:{s:14:"\0*\0wrStatusNum";i:30;s:12:"\0*\0currentWP";N;s:6:"\0*\0uID";s:1:"1";s:5:"error";s:0:"";s:4:"pkID";s:2:"14";s:3:"cID";s:3:"218";s:4:"cvID";s:1:"2";s:4:"wrID";s:2:"47";}'),
(48, 48, '2017-02-22 14:27:07', 'O:49:"Concrete\\Core\\Workflow\\Request\\ApprovePageRequest":8:{s:14:"\0*\0wrStatusNum";i:30;s:12:"\0*\0currentWP";N;s:6:"\0*\0uID";s:1:"1";s:5:"error";s:0:"";s:4:"pkID";s:2:"14";s:3:"cID";s:3:"212";s:4:"cvID";s:1:"3";s:4:"wrID";s:2:"48";}'),
(49, 49, '2017-02-22 14:27:33', 'O:49:"Concrete\\Core\\Workflow\\Request\\ApprovePageRequest":8:{s:14:"\0*\0wrStatusNum";i:30;s:12:"\0*\0currentWP";N;s:6:"\0*\0uID";s:1:"1";s:5:"error";s:0:"";s:4:"pkID";s:2:"14";s:3:"cID";s:3:"213";s:4:"cvID";s:1:"3";s:4:"wrID";s:2:"49";}'),
(50, 50, '2017-02-22 14:27:46', 'O:49:"Concrete\\Core\\Workflow\\Request\\ApprovePageRequest":8:{s:14:"\0*\0wrStatusNum";i:30;s:12:"\0*\0currentWP";N;s:6:"\0*\0uID";s:1:"1";s:5:"error";s:0:"";s:4:"pkID";s:2:"14";s:3:"cID";s:3:"214";s:4:"cvID";s:1:"3";s:4:"wrID";s:2:"50";}'),
(51, 51, '2017-02-22 14:28:17', 'O:49:"Concrete\\Core\\Workflow\\Request\\ApprovePageRequest":8:{s:14:"\0*\0wrStatusNum";i:30;s:12:"\0*\0currentWP";N;s:6:"\0*\0uID";s:1:"1";s:5:"error";s:0:"";s:4:"pkID";s:2:"14";s:3:"cID";s:3:"215";s:4:"cvID";s:1:"3";s:4:"wrID";s:2:"51";}'),
(52, 52, '2017-02-22 14:28:44', 'O:49:"Concrete\\Core\\Workflow\\Request\\ApprovePageRequest":8:{s:14:"\0*\0wrStatusNum";i:30;s:12:"\0*\0currentWP";N;s:6:"\0*\0uID";s:1:"1";s:5:"error";s:0:"";s:4:"pkID";s:2:"14";s:3:"cID";s:3:"216";s:4:"cvID";s:1:"3";s:4:"wrID";s:2:"52";}'),
(53, 53, '2017-02-22 14:28:58', 'O:49:"Concrete\\Core\\Workflow\\Request\\ApprovePageRequest":8:{s:14:"\0*\0wrStatusNum";i:30;s:12:"\0*\0currentWP";N;s:6:"\0*\0uID";s:1:"1";s:5:"error";s:0:"";s:4:"pkID";s:2:"14";s:3:"cID";s:3:"217";s:4:"cvID";s:1:"3";s:4:"wrID";s:2:"53";}'),
(54, 54, '2017-02-22 14:29:09', 'O:49:"Concrete\\Core\\Workflow\\Request\\ApprovePageRequest":8:{s:14:"\0*\0wrStatusNum";i:30;s:12:"\0*\0currentWP";N;s:6:"\0*\0uID";s:1:"1";s:5:"error";s:0:"";s:4:"pkID";s:2:"14";s:3:"cID";s:3:"218";s:4:"cvID";s:1:"3";s:4:"wrID";s:2:"54";}'),
(55, 55, '2017-02-22 14:30:15', 'O:49:"Concrete\\Core\\Workflow\\Request\\ApprovePageRequest":8:{s:14:"\0*\0wrStatusNum";i:30;s:12:"\0*\0currentWP";N;s:6:"\0*\0uID";s:1:"1";s:5:"error";s:0:"";s:4:"pkID";s:2:"14";s:3:"cID";s:3:"219";s:4:"cvID";s:1:"1";s:4:"wrID";s:2:"55";}'),
(56, 56, '2017-02-22 14:30:31', 'O:49:"Concrete\\Core\\Workflow\\Request\\ApprovePageRequest":8:{s:14:"\0*\0wrStatusNum";i:30;s:12:"\0*\0currentWP";N;s:6:"\0*\0uID";s:1:"1";s:5:"error";s:0:"";s:4:"pkID";s:2:"14";s:3:"cID";s:3:"219";s:4:"cvID";s:1:"2";s:4:"wrID";s:2:"56";}'),
(57, 57, '2017-02-23 08:28:30', 'O:49:"Concrete\\Core\\Workflow\\Request\\ApprovePageRequest":8:{s:14:"\0*\0wrStatusNum";i:30;s:12:"\0*\0currentWP";N;s:6:"\0*\0uID";s:1:"1";s:5:"error";s:0:"";s:4:"pkID";s:2:"14";s:3:"cID";s:1:"1";s:4:"cvID";s:2:"12";s:4:"wrID";s:2:"57";}'),
(58, 58, '2017-02-23 08:34:16', 'O:49:"Concrete\\Core\\Workflow\\Request\\ApprovePageRequest":8:{s:14:"\0*\0wrStatusNum";i:30;s:12:"\0*\0currentWP";N;s:6:"\0*\0uID";s:1:"1";s:5:"error";s:0:"";s:4:"pkID";s:2:"14";s:3:"cID";s:1:"1";s:4:"cvID";s:2:"13";s:4:"wrID";s:2:"58";}'),
(59, 59, '2017-02-23 08:36:26', 'O:48:"Concrete\\Core\\Workflow\\Request\\DeletePageRequest":7:{s:14:"\0*\0wrStatusNum";i:100;s:12:"\0*\0currentWP";N;s:6:"\0*\0uID";s:1:"1";s:5:"error";s:0:"";s:4:"pkID";s:2:"12";s:3:"cID";s:3:"219";s:4:"wrID";s:2:"59";}'),
(60, 60, '2017-02-23 08:40:06', 'O:49:"Concrete\\Core\\Workflow\\Request\\ApprovePageRequest":8:{s:14:"\0*\0wrStatusNum";i:30;s:12:"\0*\0currentWP";N;s:6:"\0*\0uID";s:1:"1";s:5:"error";s:0:"";s:4:"pkID";s:2:"14";s:3:"cID";s:1:"1";s:4:"cvID";s:2:"14";s:4:"wrID";s:2:"60";}'),
(61, 61, '2017-02-23 09:08:51', 'O:49:"Concrete\\Core\\Workflow\\Request\\ApprovePageRequest":8:{s:14:"\0*\0wrStatusNum";i:30;s:12:"\0*\0currentWP";N;s:6:"\0*\0uID";s:1:"1";s:5:"error";s:0:"";s:4:"pkID";s:2:"14";s:3:"cID";s:1:"1";s:4:"cvID";s:2:"15";s:4:"wrID";s:2:"61";}'),
(62, 62, '2017-02-23 09:15:28', 'O:49:"Concrete\\Core\\Workflow\\Request\\ApprovePageRequest":8:{s:14:"\0*\0wrStatusNum";i:30;s:12:"\0*\0currentWP";N;s:6:"\0*\0uID";s:1:"1";s:5:"error";s:0:"";s:4:"pkID";s:2:"14";s:3:"cID";s:3:"203";s:4:"cvID";s:1:"3";s:4:"wrID";s:2:"62";}'),
(63, 63, '2017-02-23 09:15:39', 'O:49:"Concrete\\Core\\Workflow\\Request\\ApprovePageRequest":8:{s:14:"\0*\0wrStatusNum";i:30;s:12:"\0*\0currentWP";N;s:6:"\0*\0uID";s:1:"1";s:5:"error";s:0:"";s:4:"pkID";s:2:"14";s:3:"cID";s:3:"209";s:4:"cvID";s:1:"2";s:4:"wrID";s:2:"63";}'),
(64, 64, '2017-02-23 09:15:50', 'O:49:"Concrete\\Core\\Workflow\\Request\\ApprovePageRequest":8:{s:14:"\0*\0wrStatusNum";i:30;s:12:"\0*\0currentWP";N;s:6:"\0*\0uID";s:1:"1";s:5:"error";s:0:"";s:4:"pkID";s:2:"14";s:3:"cID";s:3:"210";s:4:"cvID";s:1:"2";s:4:"wrID";s:2:"64";}'),
(65, 65, '2017-02-23 09:16:01', 'O:49:"Concrete\\Core\\Workflow\\Request\\ApprovePageRequest":8:{s:14:"\0*\0wrStatusNum";i:30;s:12:"\0*\0currentWP";N;s:6:"\0*\0uID";s:1:"1";s:5:"error";s:0:"";s:4:"pkID";s:2:"14";s:3:"cID";s:3:"211";s:4:"cvID";s:1:"3";s:4:"wrID";s:2:"65";}'),
(66, 66, '2017-02-23 09:16:14', 'O:49:"Concrete\\Core\\Workflow\\Request\\ApprovePageRequest":8:{s:14:"\0*\0wrStatusNum";i:30;s:12:"\0*\0currentWP";N;s:6:"\0*\0uID";s:1:"1";s:5:"error";s:0:"";s:4:"pkID";s:2:"14";s:3:"cID";s:3:"212";s:4:"cvID";s:1:"4";s:4:"wrID";s:2:"66";}'),
(67, 67, '2017-02-23 09:16:25', 'O:49:"Concrete\\Core\\Workflow\\Request\\ApprovePageRequest":8:{s:14:"\0*\0wrStatusNum";i:30;s:12:"\0*\0currentWP";N;s:6:"\0*\0uID";s:1:"1";s:5:"error";s:0:"";s:4:"pkID";s:2:"14";s:3:"cID";s:3:"213";s:4:"cvID";s:1:"4";s:4:"wrID";s:2:"67";}'),
(68, 68, '2017-02-23 09:16:37', 'O:49:"Concrete\\Core\\Workflow\\Request\\ApprovePageRequest":8:{s:14:"\0*\0wrStatusNum";i:30;s:12:"\0*\0currentWP";N;s:6:"\0*\0uID";s:1:"1";s:5:"error";s:0:"";s:4:"pkID";s:2:"14";s:3:"cID";s:3:"214";s:4:"cvID";s:1:"4";s:4:"wrID";s:2:"68";}'),
(69, 69, '2017-02-23 09:16:51', 'O:49:"Concrete\\Core\\Workflow\\Request\\ApprovePageRequest":8:{s:14:"\0*\0wrStatusNum";i:30;s:12:"\0*\0currentWP";N;s:6:"\0*\0uID";s:1:"1";s:5:"error";s:0:"";s:4:"pkID";s:2:"14";s:3:"cID";s:3:"215";s:4:"cvID";s:1:"4";s:4:"wrID";s:2:"69";}'),
(70, 70, '2017-02-23 09:17:07', 'O:49:"Concrete\\Core\\Workflow\\Request\\ApprovePageRequest":8:{s:14:"\0*\0wrStatusNum";i:30;s:12:"\0*\0currentWP";N;s:6:"\0*\0uID";s:1:"1";s:5:"error";s:0:"";s:4:"pkID";s:2:"14";s:3:"cID";s:3:"216";s:4:"cvID";s:1:"4";s:4:"wrID";s:2:"70";}'),
(71, 71, '2017-02-23 09:17:17', 'O:49:"Concrete\\Core\\Workflow\\Request\\ApprovePageRequest":8:{s:14:"\0*\0wrStatusNum";i:30;s:12:"\0*\0currentWP";N;s:6:"\0*\0uID";s:1:"1";s:5:"error";s:0:"";s:4:"pkID";s:2:"14";s:3:"cID";s:3:"217";s:4:"cvID";s:1:"4";s:4:"wrID";s:2:"71";}'),
(72, 72, '2017-02-23 09:17:29', 'O:49:"Concrete\\Core\\Workflow\\Request\\ApprovePageRequest":8:{s:14:"\0*\0wrStatusNum";i:30;s:12:"\0*\0currentWP";N;s:6:"\0*\0uID";s:1:"1";s:5:"error";s:0:"";s:4:"pkID";s:2:"14";s:3:"cID";s:3:"218";s:4:"cvID";s:1:"4";s:4:"wrID";s:2:"72";}'),
(73, 73, '2017-02-23 09:18:38', 'O:49:"Concrete\\Core\\Workflow\\Request\\ApprovePageRequest":8:{s:14:"\0*\0wrStatusNum";i:30;s:12:"\0*\0currentWP";N;s:6:"\0*\0uID";s:1:"1";s:5:"error";s:0:"";s:4:"pkID";s:2:"14";s:3:"cID";s:3:"203";s:4:"cvID";s:1:"4";s:4:"wrID";s:2:"73";}'),
(74, 74, '2017-02-23 09:19:02', 'O:49:"Concrete\\Core\\Workflow\\Request\\ApprovePageRequest":8:{s:14:"\0*\0wrStatusNum";i:30;s:12:"\0*\0currentWP";N;s:6:"\0*\0uID";s:1:"1";s:5:"error";s:0:"";s:4:"pkID";s:2:"14";s:3:"cID";s:3:"209";s:4:"cvID";s:1:"3";s:4:"wrID";s:2:"74";}'),
(75, 75, '2017-02-23 09:19:23', 'O:49:"Concrete\\Core\\Workflow\\Request\\ApprovePageRequest":8:{s:14:"\0*\0wrStatusNum";i:30;s:12:"\0*\0currentWP";N;s:6:"\0*\0uID";s:1:"1";s:5:"error";s:0:"";s:4:"pkID";s:2:"14";s:3:"cID";s:3:"210";s:4:"cvID";s:1:"3";s:4:"wrID";s:2:"75";}'),
(76, 76, '2017-02-23 09:19:49', 'O:49:"Concrete\\Core\\Workflow\\Request\\ApprovePageRequest":8:{s:14:"\0*\0wrStatusNum";i:30;s:12:"\0*\0currentWP";N;s:6:"\0*\0uID";s:1:"1";s:5:"error";s:0:"";s:4:"pkID";s:2:"14";s:3:"cID";s:3:"212";s:4:"cvID";s:1:"5";s:4:"wrID";s:2:"76";}'),
(77, 77, '2017-02-23 09:20:19', 'O:49:"Concrete\\Core\\Workflow\\Request\\ApprovePageRequest":8:{s:14:"\0*\0wrStatusNum";i:30;s:12:"\0*\0currentWP";N;s:6:"\0*\0uID";s:1:"1";s:5:"error";s:0:"";s:4:"pkID";s:2:"14";s:3:"cID";s:3:"213";s:4:"cvID";s:1:"5";s:4:"wrID";s:2:"77";}'),
(78, 78, '2017-02-23 09:20:38', 'O:49:"Concrete\\Core\\Workflow\\Request\\ApprovePageRequest":8:{s:14:"\0*\0wrStatusNum";i:30;s:12:"\0*\0currentWP";N;s:6:"\0*\0uID";s:1:"1";s:5:"error";s:0:"";s:4:"pkID";s:2:"14";s:3:"cID";s:3:"214";s:4:"cvID";s:1:"5";s:4:"wrID";s:2:"78";}'),
(79, 79, '2017-02-23 09:20:58', 'O:49:"Concrete\\Core\\Workflow\\Request\\ApprovePageRequest":8:{s:14:"\0*\0wrStatusNum";i:30;s:12:"\0*\0currentWP";N;s:6:"\0*\0uID";s:1:"1";s:5:"error";s:0:"";s:4:"pkID";s:2:"14";s:3:"cID";s:3:"215";s:4:"cvID";s:1:"5";s:4:"wrID";s:2:"79";}'),
(80, 80, '2017-02-23 09:21:20', 'O:49:"Concrete\\Core\\Workflow\\Request\\ApprovePageRequest":8:{s:14:"\0*\0wrStatusNum";i:30;s:12:"\0*\0currentWP";N;s:6:"\0*\0uID";s:1:"1";s:5:"error";s:0:"";s:4:"pkID";s:2:"14";s:3:"cID";s:3:"216";s:4:"cvID";s:1:"5";s:4:"wrID";s:2:"80";}'),
(81, 81, '2017-02-23 09:21:44', 'O:49:"Concrete\\Core\\Workflow\\Request\\ApprovePageRequest":8:{s:14:"\0*\0wrStatusNum";i:30;s:12:"\0*\0currentWP";N;s:6:"\0*\0uID";s:1:"1";s:5:"error";s:0:"";s:4:"pkID";s:2:"14";s:3:"cID";s:3:"217";s:4:"cvID";s:1:"5";s:4:"wrID";s:2:"81";}'),
(82, 82, '2017-02-23 09:22:06', 'O:49:"Concrete\\Core\\Workflow\\Request\\ApprovePageRequest":8:{s:14:"\0*\0wrStatusNum";i:30;s:12:"\0*\0currentWP";N;s:6:"\0*\0uID";s:1:"1";s:5:"error";s:0:"";s:4:"pkID";s:2:"14";s:3:"cID";s:3:"218";s:4:"cvID";s:1:"5";s:4:"wrID";s:2:"82";}'),
(83, 83, '2017-02-23 09:27:18', 'O:49:"Concrete\\Core\\Workflow\\Request\\ApprovePageRequest":8:{s:14:"\0*\0wrStatusNum";i:30;s:12:"\0*\0currentWP";N;s:6:"\0*\0uID";s:1:"1";s:5:"error";s:0:"";s:4:"pkID";s:2:"14";s:3:"cID";s:1:"1";s:4:"cvID";s:2:"16";s:4:"wrID";s:2:"83";}'),
(84, 84, '2017-02-23 09:27:50', 'O:49:"Concrete\\Core\\Workflow\\Request\\ApprovePageRequest":8:{s:14:"\0*\0wrStatusNum";i:30;s:12:"\0*\0currentWP";N;s:6:"\0*\0uID";s:1:"1";s:5:"error";s:0:"";s:4:"pkID";s:2:"14";s:3:"cID";s:3:"222";s:4:"cvID";s:1:"1";s:4:"wrID";s:2:"84";}'),
(85, 85, '2017-02-23 09:28:04', 'O:48:"Concrete\\Core\\Workflow\\Request\\DeletePageRequest":7:{s:14:"\0*\0wrStatusNum";i:100;s:12:"\0*\0currentWP";N;s:6:"\0*\0uID";s:1:"1";s:5:"error";s:0:"";s:4:"pkID";s:2:"12";s:3:"cID";s:3:"222";s:4:"wrID";s:2:"85";}'),
(86, 86, '2017-02-23 09:38:29', 'O:49:"Concrete\\Core\\Workflow\\Request\\ApprovePageRequest":8:{s:14:"\0*\0wrStatusNum";i:30;s:12:"\0*\0currentWP";N;s:6:"\0*\0uID";s:1:"1";s:5:"error";s:0:"";s:4:"pkID";s:2:"14";s:3:"cID";s:3:"203";s:4:"cvID";s:1:"5";s:4:"wrID";s:2:"86";}'),
(87, 87, '2017-02-23 09:38:49', 'O:49:"Concrete\\Core\\Workflow\\Request\\ApprovePageRequest":8:{s:14:"\0*\0wrStatusNum";i:30;s:12:"\0*\0currentWP";N;s:6:"\0*\0uID";s:1:"1";s:5:"error";s:0:"";s:4:"pkID";s:2:"14";s:3:"cID";s:3:"203";s:4:"cvID";s:1:"6";s:4:"wrID";s:2:"87";}'),
(88, 88, '2017-02-23 09:39:14', 'O:49:"Concrete\\Core\\Workflow\\Request\\ApprovePageRequest":8:{s:14:"\0*\0wrStatusNum";i:30;s:12:"\0*\0currentWP";N;s:6:"\0*\0uID";s:1:"1";s:5:"error";s:0:"";s:4:"pkID";s:2:"14";s:3:"cID";s:3:"203";s:4:"cvID";s:1:"7";s:4:"wrID";s:2:"88";}'),
(89, 89, '2017-02-23 09:42:28', 'O:49:"Concrete\\Core\\Workflow\\Request\\ApprovePageRequest":8:{s:14:"\0*\0wrStatusNum";i:30;s:12:"\0*\0currentWP";N;s:6:"\0*\0uID";s:1:"1";s:5:"error";s:0:"";s:4:"pkID";s:2:"14";s:3:"cID";s:1:"1";s:4:"cvID";s:2:"17";s:4:"wrID";s:2:"89";}'),
(90, 90, '2017-02-23 09:43:43', 'O:49:"Concrete\\Core\\Workflow\\Request\\ApprovePageRequest":8:{s:14:"\0*\0wrStatusNum";i:30;s:12:"\0*\0currentWP";N;s:6:"\0*\0uID";s:1:"1";s:5:"error";s:0:"";s:4:"pkID";s:2:"14";s:3:"cID";s:1:"1";s:4:"cvID";s:2:"18";s:4:"wrID";s:2:"90";}'),
(91, 91, '2017-02-23 09:44:09', 'O:49:"Concrete\\Core\\Workflow\\Request\\ApprovePageRequest":8:{s:14:"\0*\0wrStatusNum";i:30;s:12:"\0*\0currentWP";N;s:6:"\0*\0uID";s:1:"1";s:5:"error";s:0:"";s:4:"pkID";s:2:"14";s:3:"cID";s:3:"203";s:4:"cvID";s:1:"8";s:4:"wrID";s:2:"91";}'),
(92, 92, '2017-02-23 10:45:46', 'O:49:"Concrete\\Core\\Workflow\\Request\\ApprovePageRequest":8:{s:14:"\0*\0wrStatusNum";i:30;s:12:"\0*\0currentWP";N;s:6:"\0*\0uID";s:1:"1";s:5:"error";s:0:"";s:4:"pkID";s:2:"14";s:3:"cID";s:1:"1";s:4:"cvID";s:2:"19";s:4:"wrID";s:2:"92";}'),
(93, 93, '2017-02-23 11:12:40', 'O:49:"Concrete\\Core\\Workflow\\Request\\ApprovePageRequest":8:{s:14:"\0*\0wrStatusNum";i:30;s:12:"\0*\0currentWP";N;s:6:"\0*\0uID";s:1:"1";s:5:"error";s:0:"";s:4:"pkID";s:2:"14";s:3:"cID";s:1:"1";s:4:"cvID";s:2:"20";s:4:"wrID";s:2:"93";}'),
(94, 94, '2017-02-23 11:15:21', 'O:49:"Concrete\\Core\\Workflow\\Request\\ApprovePageRequest":8:{s:14:"\0*\0wrStatusNum";i:30;s:12:"\0*\0currentWP";N;s:6:"\0*\0uID";s:1:"1";s:5:"error";s:0:"";s:4:"pkID";s:2:"14";s:3:"cID";s:1:"1";s:4:"cvID";s:2:"21";s:4:"wrID";s:2:"94";}'),
(95, 95, '2017-02-23 11:32:35', 'O:49:"Concrete\\Core\\Workflow\\Request\\ApprovePageRequest":8:{s:14:"\0*\0wrStatusNum";i:30;s:12:"\0*\0currentWP";N;s:6:"\0*\0uID";s:1:"1";s:5:"error";s:0:"";s:4:"pkID";s:2:"14";s:3:"cID";s:3:"203";s:4:"cvID";s:1:"9";s:4:"wrID";s:2:"95";}'),
(96, 96, '2017-02-23 11:34:55', 'O:49:"Concrete\\Core\\Workflow\\Request\\ApprovePageRequest":8:{s:14:"\0*\0wrStatusNum";i:30;s:12:"\0*\0currentWP";N;s:6:"\0*\0uID";s:1:"1";s:5:"error";s:0:"";s:4:"pkID";s:2:"14";s:3:"cID";s:3:"203";s:4:"cvID";s:2:"10";s:4:"wrID";s:2:"96";}'),
(97, 97, '2017-02-23 11:44:59', 'O:49:"Concrete\\Core\\Workflow\\Request\\ApprovePageRequest":8:{s:14:"\0*\0wrStatusNum";i:30;s:12:"\0*\0currentWP";N;s:6:"\0*\0uID";s:1:"1";s:5:"error";s:0:"";s:4:"pkID";s:2:"14";s:3:"cID";s:3:"223";s:4:"cvID";s:1:"1";s:4:"wrID";s:2:"97";}'),
(98, 98, '2017-02-23 11:45:22', 'O:49:"Concrete\\Core\\Workflow\\Request\\ApprovePageRequest":8:{s:14:"\0*\0wrStatusNum";i:30;s:12:"\0*\0currentWP";N;s:6:"\0*\0uID";s:1:"1";s:5:"error";s:0:"";s:4:"pkID";s:2:"14";s:3:"cID";s:3:"223";s:4:"cvID";s:1:"2";s:4:"wrID";s:2:"98";}'),
(99, 99, '2017-02-23 13:02:56', 'O:48:"Concrete\\Core\\Workflow\\Request\\DeletePageRequest":7:{s:14:"\0*\0wrStatusNum";i:100;s:12:"\0*\0currentWP";N;s:6:"\0*\0uID";s:1:"1";s:5:"error";s:0:"";s:4:"pkID";s:2:"12";s:3:"cID";s:3:"223";s:4:"wrID";s:2:"99";}'),
(100, 100, '2017-02-23 13:03:20', 'O:48:"Concrete\\Core\\Workflow\\Request\\DeletePageRequest":7:{s:14:"\0*\0wrStatusNum";i:100;s:12:"\0*\0currentWP";N;s:6:"\0*\0uID";s:1:"1";s:5:"error";s:0:"";s:4:"pkID";s:2:"12";s:3:"cID";s:3:"209";s:4:"wrID";s:3:"100";}'),
(101, 101, '2017-02-23 13:03:23', 'O:48:"Concrete\\Core\\Workflow\\Request\\DeletePageRequest":7:{s:14:"\0*\0wrStatusNum";i:100;s:12:"\0*\0currentWP";N;s:6:"\0*\0uID";s:1:"1";s:5:"error";s:0:"";s:4:"pkID";s:2:"12";s:3:"cID";s:3:"210";s:4:"wrID";s:3:"101";}'),
(102, 102, '2017-02-23 13:04:15', 'O:49:"Concrete\\Core\\Workflow\\Request\\ApprovePageRequest":8:{s:14:"\0*\0wrStatusNum";i:30;s:12:"\0*\0currentWP";N;s:6:"\0*\0uID";s:1:"1";s:5:"error";s:0:"";s:4:"pkID";s:2:"14";s:3:"cID";s:3:"224";s:4:"cvID";s:1:"1";s:4:"wrID";s:3:"102";}'),
(103, 103, '2017-02-23 13:06:11', 'O:49:"Concrete\\Core\\Workflow\\Request\\ApprovePageRequest":8:{s:14:"\0*\0wrStatusNum";i:30;s:12:"\0*\0currentWP";N;s:6:"\0*\0uID";s:1:"1";s:5:"error";s:0:"";s:4:"pkID";s:2:"14";s:3:"cID";s:3:"225";s:4:"cvID";s:1:"1";s:4:"wrID";s:3:"103";}'),
(104, 104, '2017-02-23 13:06:27', 'O:48:"Concrete\\Core\\Workflow\\Request\\DeletePageRequest":7:{s:14:"\0*\0wrStatusNum";i:100;s:12:"\0*\0currentWP";N;s:6:"\0*\0uID";s:1:"1";s:5:"error";s:0:"";s:4:"pkID";s:2:"12";s:3:"cID";s:3:"224";s:4:"wrID";s:3:"104";}'),
(105, 105, '2017-02-23 13:06:50', 'O:49:"Concrete\\Core\\Workflow\\Request\\ApprovePageRequest":8:{s:14:"\0*\0wrStatusNum";i:30;s:12:"\0*\0currentWP";N;s:6:"\0*\0uID";s:1:"1";s:5:"error";s:0:"";s:4:"pkID";s:2:"14";s:3:"cID";s:3:"226";s:4:"cvID";s:1:"1";s:4:"wrID";s:3:"105";}'),
(106, 106, '2017-02-23 13:06:50', 'O:49:"Concrete\\Core\\Workflow\\Request\\ApprovePageRequest":8:{s:14:"\0*\0wrStatusNum";i:30;s:12:"\0*\0currentWP";N;s:6:"\0*\0uID";s:1:"1";s:5:"error";s:0:"";s:4:"pkID";s:2:"14";s:3:"cID";s:3:"226";s:4:"cvID";s:1:"1";s:4:"wrID";s:3:"106";}'),
(107, 107, '2017-02-23 13:23:21', 'O:49:"Concrete\\Core\\Workflow\\Request\\ApprovePageRequest":8:{s:14:"\0*\0wrStatusNum";i:30;s:12:"\0*\0currentWP";N;s:6:"\0*\0uID";s:1:"1";s:5:"error";s:0:"";s:4:"pkID";s:2:"14";s:3:"cID";s:3:"227";s:4:"cvID";s:1:"1";s:4:"wrID";s:3:"107";}'),
(108, 108, '2017-02-23 13:23:59', 'O:48:"Concrete\\Core\\Workflow\\Request\\DeletePageRequest":7:{s:14:"\0*\0wrStatusNum";i:100;s:12:"\0*\0currentWP";N;s:6:"\0*\0uID";s:1:"1";s:5:"error";s:0:"";s:4:"pkID";s:2:"12";s:3:"cID";s:3:"227";s:4:"wrID";s:3:"108";}'),
(109, 109, '2017-02-23 13:24:09', 'O:49:"Concrete\\Core\\Workflow\\Request\\ApprovePageRequest":8:{s:14:"\0*\0wrStatusNum";i:30;s:12:"\0*\0currentWP";N;s:6:"\0*\0uID";s:1:"1";s:5:"error";s:0:"";s:4:"pkID";s:2:"14";s:3:"cID";s:3:"211";s:4:"cvID";s:1:"4";s:4:"wrID";s:3:"109";}'),
(110, 110, '2017-02-23 13:24:57', 'O:49:"Concrete\\Core\\Workflow\\Request\\ApprovePageRequest":8:{s:14:"\0*\0wrStatusNum";i:30;s:12:"\0*\0currentWP";N;s:6:"\0*\0uID";s:1:"1";s:5:"error";s:0:"";s:4:"pkID";s:2:"14";s:3:"cID";s:1:"1";s:4:"cvID";s:2:"22";s:4:"wrID";s:3:"110";}'),
(111, 111, '2017-02-23 13:25:38', 'O:49:"Concrete\\Core\\Workflow\\Request\\ApprovePageRequest":8:{s:14:"\0*\0wrStatusNum";i:30;s:12:"\0*\0currentWP";N;s:6:"\0*\0uID";s:1:"1";s:5:"error";s:0:"";s:4:"pkID";s:2:"14";s:3:"cID";s:1:"1";s:4:"cvID";s:2:"23";s:4:"wrID";s:3:"111";}'),
(112, 112, '2017-02-23 13:25:54', 'O:49:"Concrete\\Core\\Workflow\\Request\\ApprovePageRequest":8:{s:14:"\0*\0wrStatusNum";i:30;s:12:"\0*\0currentWP";N;s:6:"\0*\0uID";s:1:"1";s:5:"error";s:0:"";s:4:"pkID";s:2:"14";s:3:"cID";s:1:"1";s:4:"cvID";s:2:"24";s:4:"wrID";s:3:"112";}'),
(113, 113, '2017-02-23 13:30:09', 'O:49:"Concrete\\Core\\Workflow\\Request\\ApprovePageRequest":8:{s:14:"\0*\0wrStatusNum";i:30;s:12:"\0*\0currentWP";N;s:6:"\0*\0uID";s:1:"1";s:5:"error";s:0:"";s:4:"pkID";s:2:"14";s:3:"cID";s:1:"1";s:4:"cvID";s:2:"25";s:4:"wrID";s:3:"113";}'),
(114, 114, '2017-02-23 13:51:20', 'O:49:"Concrete\\Core\\Workflow\\Request\\ApprovePageRequest":8:{s:14:"\0*\0wrStatusNum";i:30;s:12:"\0*\0currentWP";N;s:6:"\0*\0uID";s:1:"1";s:5:"error";s:0:"";s:4:"pkID";s:2:"14";s:3:"cID";s:3:"212";s:4:"cvID";s:1:"6";s:4:"wrID";s:3:"114";}'),
(115, 115, '2017-02-23 13:51:50', 'O:49:"Concrete\\Core\\Workflow\\Request\\ApprovePageRequest":8:{s:14:"\0*\0wrStatusNum";i:30;s:12:"\0*\0currentWP";N;s:6:"\0*\0uID";s:1:"1";s:5:"error";s:0:"";s:4:"pkID";s:2:"14";s:3:"cID";s:3:"212";s:4:"cvID";s:1:"7";s:4:"wrID";s:3:"115";}'),
(116, 116, '2017-02-23 13:52:53', 'O:49:"Concrete\\Core\\Workflow\\Request\\ApprovePageRequest":8:{s:14:"\0*\0wrStatusNum";i:30;s:12:"\0*\0currentWP";N;s:6:"\0*\0uID";s:1:"1";s:5:"error";s:0:"";s:4:"pkID";s:2:"14";s:3:"cID";s:3:"213";s:4:"cvID";s:1:"6";s:4:"wrID";s:3:"116";}'),
(117, 117, '2017-02-23 13:54:14', 'O:49:"Concrete\\Core\\Workflow\\Request\\ApprovePageRequest":8:{s:14:"\0*\0wrStatusNum";i:30;s:12:"\0*\0currentWP";N;s:6:"\0*\0uID";s:1:"1";s:5:"error";s:0:"";s:4:"pkID";s:2:"14";s:3:"cID";s:3:"214";s:4:"cvID";s:1:"6";s:4:"wrID";s:3:"117";}'),
(118, 118, '2017-02-23 13:54:28', 'O:49:"Concrete\\Core\\Workflow\\Request\\ApprovePageRequest":8:{s:14:"\0*\0wrStatusNum";i:30;s:12:"\0*\0currentWP";N;s:6:"\0*\0uID";s:1:"1";s:5:"error";s:0:"";s:4:"pkID";s:2:"14";s:3:"cID";s:3:"214";s:4:"cvID";s:1:"7";s:4:"wrID";s:3:"118";}'),
(119, 119, '2017-02-23 13:56:57', 'O:49:"Concrete\\Core\\Workflow\\Request\\ApprovePageRequest":8:{s:14:"\0*\0wrStatusNum";i:30;s:12:"\0*\0currentWP";N;s:6:"\0*\0uID";s:1:"1";s:5:"error";s:0:"";s:4:"pkID";s:2:"14";s:3:"cID";s:3:"215";s:4:"cvID";s:1:"6";s:4:"wrID";s:3:"119";}'),
(120, 120, '2017-02-23 14:01:16', 'O:49:"Concrete\\Core\\Workflow\\Request\\ApprovePageRequest":8:{s:14:"\0*\0wrStatusNum";i:30;s:12:"\0*\0currentWP";N;s:6:"\0*\0uID";s:1:"1";s:5:"error";s:0:"";s:4:"pkID";s:2:"14";s:3:"cID";s:3:"226";s:4:"cvID";s:1:"2";s:4:"wrID";s:3:"120";}'),
(121, 121, '2017-02-23 14:01:56', 'O:49:"Concrete\\Core\\Workflow\\Request\\ApprovePageRequest":8:{s:14:"\0*\0wrStatusNum";i:30;s:12:"\0*\0currentWP";N;s:6:"\0*\0uID";s:1:"1";s:5:"error";s:0:"";s:4:"pkID";s:2:"14";s:3:"cID";s:3:"215";s:4:"cvID";s:1:"7";s:4:"wrID";s:3:"121";}'),
(122, 122, '2017-02-23 14:04:22', 'O:49:"Concrete\\Core\\Workflow\\Request\\ApprovePageRequest":8:{s:14:"\0*\0wrStatusNum";i:30;s:12:"\0*\0currentWP";N;s:6:"\0*\0uID";s:1:"1";s:5:"error";s:0:"";s:4:"pkID";s:2:"14";s:3:"cID";s:3:"215";s:4:"cvID";s:1:"8";s:4:"wrID";s:3:"122";}'),
(123, 123, '2017-02-23 14:05:05', 'O:49:"Concrete\\Core\\Workflow\\Request\\ApprovePageRequest":8:{s:14:"\0*\0wrStatusNum";i:30;s:12:"\0*\0currentWP";N;s:6:"\0*\0uID";s:1:"1";s:5:"error";s:0:"";s:4:"pkID";s:2:"14";s:3:"cID";s:3:"215";s:4:"cvID";s:1:"9";s:4:"wrID";s:3:"123";}'),
(124, 124, '2017-02-23 14:08:35', 'O:49:"Concrete\\Core\\Workflow\\Request\\ApprovePageRequest":8:{s:14:"\0*\0wrStatusNum";i:30;s:12:"\0*\0currentWP";N;s:6:"\0*\0uID";s:1:"1";s:5:"error";s:0:"";s:4:"pkID";s:2:"14";s:3:"cID";s:3:"215";s:4:"cvID";s:2:"10";s:4:"wrID";s:3:"124";}'),
(125, 125, '2017-02-23 14:09:30', 'O:49:"Concrete\\Core\\Workflow\\Request\\ApprovePageRequest":8:{s:14:"\0*\0wrStatusNum";i:30;s:12:"\0*\0currentWP";N;s:6:"\0*\0uID";s:1:"1";s:5:"error";s:0:"";s:4:"pkID";s:2:"14";s:3:"cID";s:3:"217";s:4:"cvID";s:1:"6";s:4:"wrID";s:3:"125";}'),
(126, 126, '2017-02-23 14:25:23', 'O:49:"Concrete\\Core\\Workflow\\Request\\ApprovePageRequest":8:{s:14:"\0*\0wrStatusNum";i:30;s:12:"\0*\0currentWP";N;s:6:"\0*\0uID";s:1:"1";s:5:"error";s:0:"";s:4:"pkID";s:2:"14";s:3:"cID";s:3:"215";s:4:"cvID";s:2:"11";s:4:"wrID";s:3:"126";}'),
(127, 127, '2017-02-23 14:25:47', 'O:49:"Concrete\\Core\\Workflow\\Request\\ApprovePageRequest":8:{s:14:"\0*\0wrStatusNum";i:30;s:12:"\0*\0currentWP";N;s:6:"\0*\0uID";s:1:"1";s:5:"error";s:0:"";s:4:"pkID";s:2:"14";s:3:"cID";s:3:"215";s:4:"cvID";s:2:"12";s:4:"wrID";s:3:"127";}'),
(128, 128, '2017-02-23 14:29:00', 'O:49:"Concrete\\Core\\Workflow\\Request\\ApprovePageRequest":8:{s:14:"\0*\0wrStatusNum";i:30;s:12:"\0*\0currentWP";N;s:6:"\0*\0uID";s:1:"1";s:5:"error";s:0:"";s:4:"pkID";s:2:"14";s:3:"cID";s:3:"225";s:4:"cvID";s:1:"2";s:4:"wrID";s:3:"128";}'),
(129, 129, '2017-02-23 14:32:44', 'O:49:"Concrete\\Core\\Workflow\\Request\\ApprovePageRequest":8:{s:14:"\0*\0wrStatusNum";i:30;s:12:"\0*\0currentWP";N;s:6:"\0*\0uID";s:1:"1";s:5:"error";s:0:"";s:4:"pkID";s:2:"14";s:3:"cID";s:3:"225";s:4:"cvID";s:1:"3";s:4:"wrID";s:3:"129";}'),
(130, 130, '2017-02-23 14:33:34', 'O:49:"Concrete\\Core\\Workflow\\Request\\ApprovePageRequest":8:{s:14:"\0*\0wrStatusNum";i:30;s:12:"\0*\0currentWP";N;s:6:"\0*\0uID";s:1:"1";s:5:"error";s:0:"";s:4:"pkID";s:2:"14";s:3:"cID";s:3:"228";s:4:"cvID";s:1:"1";s:4:"wrID";s:3:"130";}'),
(131, 131, '2017-02-23 14:38:28', 'O:49:"Concrete\\Core\\Workflow\\Request\\ApprovePageRequest":8:{s:14:"\0*\0wrStatusNum";i:30;s:12:"\0*\0currentWP";N;s:6:"\0*\0uID";s:1:"1";s:5:"error";s:0:"";s:4:"pkID";s:2:"14";s:3:"cID";s:3:"228";s:4:"cvID";s:1:"2";s:4:"wrID";s:3:"131";}'),
(132, 132, '2017-02-23 14:43:19', 'O:49:"Concrete\\Core\\Workflow\\Request\\ApprovePageRequest":8:{s:14:"\0*\0wrStatusNum";i:30;s:12:"\0*\0currentWP";N;s:6:"\0*\0uID";s:1:"1";s:5:"error";s:0:"";s:4:"pkID";s:2:"14";s:3:"cID";s:3:"228";s:4:"cvID";s:1:"3";s:4:"wrID";s:3:"132";}'),
(133, 133, '2017-02-23 14:44:29', 'O:49:"Concrete\\Core\\Workflow\\Request\\ApprovePageRequest":8:{s:14:"\0*\0wrStatusNum";i:30;s:12:"\0*\0currentWP";N;s:6:"\0*\0uID";s:1:"1";s:5:"error";s:0:"";s:4:"pkID";s:2:"14";s:3:"cID";s:3:"228";s:4:"cvID";s:1:"4";s:4:"wrID";s:3:"133";}'),
(134, 134, '2017-02-23 15:27:42', 'O:49:"Concrete\\Core\\Workflow\\Request\\ApprovePageRequest":8:{s:14:"\0*\0wrStatusNum";i:30;s:12:"\0*\0currentWP";N;s:6:"\0*\0uID";s:1:"1";s:5:"error";s:0:"";s:4:"pkID";s:2:"14";s:3:"cID";s:3:"229";s:4:"cvID";s:1:"1";s:4:"wrID";s:3:"134";}'),
(135, 135, '2017-02-23 15:27:42', 'O:49:"Concrete\\Core\\Workflow\\Request\\ApprovePageRequest":8:{s:14:"\0*\0wrStatusNum";i:30;s:12:"\0*\0currentWP";N;s:6:"\0*\0uID";s:1:"1";s:5:"error";s:0:"";s:4:"pkID";s:2:"14";s:3:"cID";s:3:"229";s:4:"cvID";s:1:"1";s:4:"wrID";s:3:"135";}'),
(136, 136, '2017-02-23 15:28:16', 'O:49:"Concrete\\Core\\Workflow\\Request\\ApprovePageRequest":8:{s:14:"\0*\0wrStatusNum";i:30;s:12:"\0*\0currentWP";N;s:6:"\0*\0uID";s:1:"1";s:5:"error";s:0:"";s:4:"pkID";s:2:"14";s:3:"cID";s:3:"229";s:4:"cvID";s:1:"2";s:4:"wrID";s:3:"136";}'),
(137, 137, '2017-02-23 15:31:32', 'O:49:"Concrete\\Core\\Workflow\\Request\\ApprovePageRequest":8:{s:14:"\0*\0wrStatusNum";i:30;s:12:"\0*\0currentWP";N;s:6:"\0*\0uID";s:1:"1";s:5:"error";s:0:"";s:4:"pkID";s:2:"14";s:3:"cID";s:3:"231";s:4:"cvID";s:1:"1";s:4:"wrID";s:3:"137";}'),
(138, 138, '2017-02-23 15:32:29', 'O:49:"Concrete\\Core\\Workflow\\Request\\ApprovePageRequest":8:{s:14:"\0*\0wrStatusNum";i:30;s:12:"\0*\0currentWP";N;s:6:"\0*\0uID";s:1:"1";s:5:"error";s:0:"";s:4:"pkID";s:2:"14";s:3:"cID";s:3:"231";s:4:"cvID";s:1:"2";s:4:"wrID";s:3:"138";}'),
(139, 139, '2017-02-23 15:32:49', 'O:49:"Concrete\\Core\\Workflow\\Request\\ApprovePageRequest":8:{s:14:"\0*\0wrStatusNum";i:30;s:12:"\0*\0currentWP";N;s:6:"\0*\0uID";s:1:"1";s:5:"error";s:0:"";s:4:"pkID";s:2:"14";s:3:"cID";s:3:"231";s:4:"cvID";s:1:"3";s:4:"wrID";s:3:"139";}'),
(140, 140, '2017-02-23 15:35:04', 'O:49:"Concrete\\Core\\Workflow\\Request\\ApprovePageRequest":8:{s:14:"\0*\0wrStatusNum";i:30;s:12:"\0*\0currentWP";N;s:6:"\0*\0uID";s:1:"1";s:5:"error";s:0:"";s:4:"pkID";s:2:"14";s:3:"cID";s:3:"231";s:4:"cvID";s:1:"4";s:4:"wrID";s:3:"140";}'),
(141, 141, '2017-02-23 15:38:19', 'O:49:"Concrete\\Core\\Workflow\\Request\\ApprovePageRequest":8:{s:14:"\0*\0wrStatusNum";i:30;s:12:"\0*\0currentWP";N;s:6:"\0*\0uID";s:1:"1";s:5:"error";s:0:"";s:4:"pkID";s:2:"14";s:3:"cID";s:3:"215";s:4:"cvID";s:2:"13";s:4:"wrID";s:3:"141";}'),
(142, 142, '2017-02-23 15:38:58', 'O:48:"Concrete\\Core\\Workflow\\Request\\DeletePageRequest":7:{s:14:"\0*\0wrStatusNum";i:100;s:12:"\0*\0currentWP";N;s:6:"\0*\0uID";s:1:"1";s:5:"error";s:0:"";s:4:"pkID";s:2:"12";s:3:"cID";s:3:"226";s:4:"wrID";s:3:"142";}'),
(143, 143, '2017-02-23 15:39:17', 'O:49:"Concrete\\Core\\Workflow\\Request\\ApprovePageRequest":8:{s:14:"\0*\0wrStatusNum";i:30;s:12:"\0*\0currentWP";N;s:6:"\0*\0uID";s:1:"1";s:5:"error";s:0:"";s:4:"pkID";s:2:"14";s:3:"cID";s:3:"215";s:4:"cvID";s:2:"14";s:4:"wrID";s:3:"143";}'),
(144, 144, '2017-02-23 15:39:59', 'O:49:"Concrete\\Core\\Workflow\\Request\\ApprovePageRequest":8:{s:14:"\0*\0wrStatusNum";i:30;s:12:"\0*\0currentWP";N;s:6:"\0*\0uID";s:1:"1";s:5:"error";s:0:"";s:4:"pkID";s:2:"14";s:3:"cID";s:3:"211";s:4:"cvID";s:1:"5";s:4:"wrID";s:3:"144";}'),
(145, 145, '2017-02-23 15:40:24', 'O:49:"Concrete\\Core\\Workflow\\Request\\ApprovePageRequest":8:{s:14:"\0*\0wrStatusNum";i:30;s:12:"\0*\0currentWP";N;s:6:"\0*\0uID";s:1:"1";s:5:"error";s:0:"";s:4:"pkID";s:2:"14";s:3:"cID";s:3:"211";s:4:"cvID";s:1:"6";s:4:"wrID";s:3:"145";}'),
(146, 146, '2017-02-24 11:18:20', 'O:49:"Concrete\\Core\\Workflow\\Request\\ApprovePageRequest":8:{s:14:"\0*\0wrStatusNum";i:30;s:12:"\0*\0currentWP";N;s:6:"\0*\0uID";s:1:"1";s:5:"error";s:0:"";s:4:"pkID";s:2:"14";s:3:"cID";s:3:"203";s:4:"cvID";s:2:"11";s:4:"wrID";s:3:"146";}'),
(147, 147, '2017-02-24 11:25:08', 'O:49:"Concrete\\Core\\Workflow\\Request\\ApprovePageRequest":8:{s:14:"\0*\0wrStatusNum";i:30;s:12:"\0*\0currentWP";N;s:6:"\0*\0uID";s:1:"1";s:5:"error";s:0:"";s:4:"pkID";s:2:"14";s:3:"cID";s:3:"215";s:4:"cvID";s:2:"15";s:4:"wrID";s:3:"147";}'),
(148, 148, '2017-02-24 11:32:19', 'O:49:"Concrete\\Core\\Workflow\\Request\\ApprovePageRequest":8:{s:14:"\0*\0wrStatusNum";i:30;s:12:"\0*\0currentWP";N;s:6:"\0*\0uID";s:1:"1";s:5:"error";s:0:"";s:4:"pkID";s:2:"14";s:3:"cID";s:3:"215";s:4:"cvID";s:2:"16";s:4:"wrID";s:3:"148";}'),
(149, 149, '2017-02-24 11:40:32', 'O:49:"Concrete\\Core\\Workflow\\Request\\ApprovePageRequest":8:{s:14:"\0*\0wrStatusNum";i:30;s:12:"\0*\0currentWP";N;s:6:"\0*\0uID";s:1:"1";s:5:"error";s:0:"";s:4:"pkID";s:2:"14";s:3:"cID";s:3:"234";s:4:"cvID";s:1:"1";s:4:"wrID";s:3:"149";}'),
(150, 150, '2017-02-24 11:40:47', 'O:49:"Concrete\\Core\\Workflow\\Request\\ApprovePageRequest":8:{s:14:"\0*\0wrStatusNum";i:30;s:12:"\0*\0currentWP";N;s:6:"\0*\0uID";s:1:"1";s:5:"error";s:0:"";s:4:"pkID";s:2:"14";s:3:"cID";s:3:"235";s:4:"cvID";s:1:"1";s:4:"wrID";s:3:"150";}'),
(151, 151, '2017-02-24 11:41:04', 'O:49:"Concrete\\Core\\Workflow\\Request\\ApprovePageRequest":8:{s:14:"\0*\0wrStatusNum";i:30;s:12:"\0*\0currentWP";N;s:6:"\0*\0uID";s:1:"1";s:5:"error";s:0:"";s:4:"pkID";s:2:"14";s:3:"cID";s:3:"236";s:4:"cvID";s:1:"1";s:4:"wrID";s:3:"151";}'),
(152, 152, '2017-02-24 11:41:26', 'O:49:"Concrete\\Core\\Workflow\\Request\\ApprovePageRequest":8:{s:14:"\0*\0wrStatusNum";i:30;s:12:"\0*\0currentWP";N;s:6:"\0*\0uID";s:1:"1";s:5:"error";s:0:"";s:4:"pkID";s:2:"14";s:3:"cID";s:3:"237";s:4:"cvID";s:1:"1";s:4:"wrID";s:3:"152";}'),
(153, 153, '2017-02-24 11:41:42', 'O:49:"Concrete\\Core\\Workflow\\Request\\ApprovePageRequest":8:{s:14:"\0*\0wrStatusNum";i:30;s:12:"\0*\0currentWP";N;s:6:"\0*\0uID";s:1:"1";s:5:"error";s:0:"";s:4:"pkID";s:2:"14";s:3:"cID";s:3:"237";s:4:"cvID";s:1:"2";s:4:"wrID";s:3:"153";}'),
(154, 154, '2017-02-24 11:42:05', 'O:49:"Concrete\\Core\\Workflow\\Request\\ApprovePageRequest":8:{s:14:"\0*\0wrStatusNum";i:30;s:12:"\0*\0currentWP";N;s:6:"\0*\0uID";s:1:"1";s:5:"error";s:0:"";s:4:"pkID";s:2:"14";s:3:"cID";s:3:"237";s:4:"cvID";s:1:"3";s:4:"wrID";s:3:"154";}'),
(155, 155, '2017-02-24 11:42:22', 'O:49:"Concrete\\Core\\Workflow\\Request\\ApprovePageRequest":8:{s:14:"\0*\0wrStatusNum";i:30;s:12:"\0*\0currentWP";N;s:6:"\0*\0uID";s:1:"1";s:5:"error";s:0:"";s:4:"pkID";s:2:"14";s:3:"cID";s:3:"236";s:4:"cvID";s:1:"2";s:4:"wrID";s:3:"155";}'),
(156, 156, '2017-02-24 11:42:30', 'O:49:"Concrete\\Core\\Workflow\\Request\\ApprovePageRequest":8:{s:14:"\0*\0wrStatusNum";i:30;s:12:"\0*\0currentWP";N;s:6:"\0*\0uID";s:1:"1";s:5:"error";s:0:"";s:4:"pkID";s:2:"14";s:3:"cID";s:3:"235";s:4:"cvID";s:1:"2";s:4:"wrID";s:3:"156";}'),
(157, 157, '2017-02-24 11:42:41', 'O:49:"Concrete\\Core\\Workflow\\Request\\ApprovePageRequest":8:{s:14:"\0*\0wrStatusNum";i:30;s:12:"\0*\0currentWP";N;s:6:"\0*\0uID";s:1:"1";s:5:"error";s:0:"";s:4:"pkID";s:2:"14";s:3:"cID";s:3:"234";s:4:"cvID";s:1:"2";s:4:"wrID";s:3:"157";}'),
(158, 158, '2017-02-24 11:42:55', 'O:49:"Concrete\\Core\\Workflow\\Request\\ApprovePageRequest":8:{s:14:"\0*\0wrStatusNum";i:30;s:12:"\0*\0currentWP";N;s:6:"\0*\0uID";s:1:"1";s:5:"error";s:0:"";s:4:"pkID";s:2:"14";s:3:"cID";s:3:"203";s:4:"cvID";s:2:"12";s:4:"wrID";s:3:"158";}'),
(159, 159, '2017-02-24 11:45:44', 'O:49:"Concrete\\Core\\Workflow\\Request\\ApprovePageRequest":8:{s:14:"\0*\0wrStatusNum";i:30;s:12:"\0*\0currentWP";N;s:6:"\0*\0uID";s:1:"1";s:5:"error";s:0:"";s:4:"pkID";s:2:"14";s:3:"cID";s:3:"203";s:4:"cvID";s:2:"13";s:4:"wrID";s:3:"159";}'),
(160, 160, '2017-02-24 11:49:25', 'O:49:"Concrete\\Core\\Workflow\\Request\\ApprovePageRequest":8:{s:14:"\0*\0wrStatusNum";i:30;s:12:"\0*\0currentWP";N;s:6:"\0*\0uID";s:1:"1";s:5:"error";s:0:"";s:4:"pkID";s:2:"14";s:3:"cID";s:3:"237";s:4:"cvID";s:1:"4";s:4:"wrID";s:3:"160";}'),
(161, 161, '2017-02-24 11:49:41', 'O:49:"Concrete\\Core\\Workflow\\Request\\ApprovePageRequest":8:{s:14:"\0*\0wrStatusNum";i:30;s:12:"\0*\0currentWP";N;s:6:"\0*\0uID";s:1:"1";s:5:"error";s:0:"";s:4:"pkID";s:2:"14";s:3:"cID";s:3:"236";s:4:"cvID";s:1:"3";s:4:"wrID";s:3:"161";}'),
(162, 162, '2017-02-24 11:52:29', 'O:49:"Concrete\\Core\\Workflow\\Request\\ApprovePageRequest":8:{s:14:"\0*\0wrStatusNum";i:30;s:12:"\0*\0currentWP";N;s:6:"\0*\0uID";s:1:"1";s:5:"error";s:0:"";s:4:"pkID";s:2:"14";s:3:"cID";s:3:"203";s:4:"cvID";s:2:"14";s:4:"wrID";s:3:"162";}'),
(163, 163, '2017-02-24 11:53:55', 'O:49:"Concrete\\Core\\Workflow\\Request\\ApprovePageRequest":8:{s:14:"\0*\0wrStatusNum";i:30;s:12:"\0*\0currentWP";N;s:6:"\0*\0uID";s:1:"1";s:5:"error";s:0:"";s:4:"pkID";s:2:"14";s:3:"cID";s:3:"203";s:4:"cvID";s:2:"15";s:4:"wrID";s:3:"163";}'),
(164, 164, '2017-02-24 11:58:20', 'O:49:"Concrete\\Core\\Workflow\\Request\\ApprovePageRequest":8:{s:14:"\0*\0wrStatusNum";i:30;s:12:"\0*\0currentWP";N;s:6:"\0*\0uID";s:1:"1";s:5:"error";s:0:"";s:4:"pkID";s:2:"14";s:3:"cID";s:3:"203";s:4:"cvID";s:2:"16";s:4:"wrID";s:3:"164";}'),
(165, 165, '2017-02-24 11:59:27', 'O:49:"Concrete\\Core\\Workflow\\Request\\ApprovePageRequest":8:{s:14:"\0*\0wrStatusNum";i:30;s:12:"\0*\0currentWP";N;s:6:"\0*\0uID";s:1:"1";s:5:"error";s:0:"";s:4:"pkID";s:2:"14";s:3:"cID";s:3:"203";s:4:"cvID";s:2:"17";s:4:"wrID";s:3:"165";}'),
(166, 166, '2017-02-24 12:32:42', 'O:49:"Concrete\\Core\\Workflow\\Request\\ApprovePageRequest":8:{s:14:"\0*\0wrStatusNum";i:30;s:12:"\0*\0currentWP";N;s:6:"\0*\0uID";s:1:"1";s:5:"error";s:0:"";s:4:"pkID";s:2:"14";s:3:"cID";s:3:"203";s:4:"cvID";s:2:"18";s:4:"wrID";s:3:"166";}'),
(167, 167, '2017-02-24 12:37:35', 'O:49:"Concrete\\Core\\Workflow\\Request\\ApprovePageRequest":8:{s:14:"\0*\0wrStatusNum";i:30;s:12:"\0*\0currentWP";N;s:6:"\0*\0uID";s:1:"1";s:5:"error";s:0:"";s:4:"pkID";s:2:"14";s:3:"cID";s:3:"203";s:4:"cvID";s:2:"19";s:4:"wrID";s:3:"167";}'),
(168, 168, '2017-02-24 13:09:30', 'O:49:"Concrete\\Core\\Workflow\\Request\\ApprovePageRequest":8:{s:14:"\0*\0wrStatusNum";i:30;s:12:"\0*\0currentWP";N;s:6:"\0*\0uID";s:1:"1";s:5:"error";s:0:"";s:4:"pkID";s:2:"14";s:3:"cID";s:3:"203";s:4:"cvID";s:2:"20";s:4:"wrID";s:3:"168";}'),
(169, 169, '2017-02-24 14:08:08', 'O:49:"Concrete\\Core\\Workflow\\Request\\ApprovePageRequest":8:{s:14:"\0*\0wrStatusNum";i:30;s:12:"\0*\0currentWP";N;s:6:"\0*\0uID";s:1:"1";s:5:"error";s:0:"";s:4:"pkID";s:2:"14";s:3:"cID";s:3:"203";s:4:"cvID";s:2:"21";s:4:"wrID";s:3:"169";}'),
(170, 170, '2017-02-24 14:10:39', 'O:49:"Concrete\\Core\\Workflow\\Request\\ApprovePageRequest":8:{s:14:"\0*\0wrStatusNum";i:30;s:12:"\0*\0currentWP";N;s:6:"\0*\0uID";s:1:"1";s:5:"error";s:0:"";s:4:"pkID";s:2:"14";s:3:"cID";s:3:"203";s:4:"cvID";s:2:"22";s:4:"wrID";s:3:"170";}'),
(171, 171, '2017-02-24 14:18:20', 'O:48:"Concrete\\Core\\Workflow\\Request\\DeletePageRequest":7:{s:14:"\0*\0wrStatusNum";i:100;s:12:"\0*\0currentWP";N;s:6:"\0*\0uID";s:1:"1";s:5:"error";s:0:"";s:4:"pkID";s:2:"12";s:3:"cID";s:3:"234";s:4:"wrID";s:3:"171";}'),
(172, 172, '2017-02-24 14:18:25', 'O:48:"Concrete\\Core\\Workflow\\Request\\DeletePageRequest":7:{s:14:"\0*\0wrStatusNum";i:100;s:12:"\0*\0currentWP";N;s:6:"\0*\0uID";s:1:"1";s:5:"error";s:0:"";s:4:"pkID";s:2:"12";s:3:"cID";s:3:"235";s:4:"wrID";s:3:"172";}'),
(173, 173, '2017-02-24 14:19:06', 'O:49:"Concrete\\Core\\Workflow\\Request\\ApprovePageRequest":8:{s:14:"\0*\0wrStatusNum";i:30;s:12:"\0*\0currentWP";N;s:6:"\0*\0uID";s:1:"1";s:5:"error";s:0:"";s:4:"pkID";s:2:"14";s:3:"cID";s:3:"225";s:4:"cvID";s:1:"4";s:4:"wrID";s:3:"173";}'),
(174, 174, '2017-02-24 14:20:45', 'O:49:"Concrete\\Core\\Workflow\\Request\\ApprovePageRequest":8:{s:14:"\0*\0wrStatusNum";i:30;s:12:"\0*\0currentWP";N;s:6:"\0*\0uID";s:1:"1";s:5:"error";s:0:"";s:4:"pkID";s:2:"14";s:3:"cID";s:3:"225";s:4:"cvID";s:1:"5";s:4:"wrID";s:3:"174";}'),
(175, 175, '2017-02-24 14:21:20', 'O:49:"Concrete\\Core\\Workflow\\Request\\ApprovePageRequest":8:{s:14:"\0*\0wrStatusNum";i:30;s:12:"\0*\0currentWP";N;s:6:"\0*\0uID";s:1:"1";s:5:"error";s:0:"";s:4:"pkID";s:2:"14";s:3:"cID";s:3:"225";s:4:"cvID";s:1:"6";s:4:"wrID";s:3:"175";}'),
(176, 176, '2017-02-24 14:21:47', 'O:49:"Concrete\\Core\\Workflow\\Request\\ApprovePageRequest":8:{s:14:"\0*\0wrStatusNum";i:30;s:12:"\0*\0currentWP";N;s:6:"\0*\0uID";s:1:"1";s:5:"error";s:0:"";s:4:"pkID";s:2:"14";s:3:"cID";s:3:"225";s:4:"cvID";s:1:"7";s:4:"wrID";s:3:"176";}'),
(177, 177, '2017-02-24 14:25:47', 'O:49:"Concrete\\Core\\Workflow\\Request\\ApprovePageRequest":8:{s:14:"\0*\0wrStatusNum";i:30;s:12:"\0*\0currentWP";N;s:6:"\0*\0uID";s:1:"1";s:5:"error";s:0:"";s:4:"pkID";s:2:"14";s:3:"cID";s:3:"225";s:4:"cvID";s:1:"8";s:4:"wrID";s:3:"177";}'),
(178, 178, '2017-02-24 14:27:38', 'O:49:"Concrete\\Core\\Workflow\\Request\\ApprovePageRequest":8:{s:14:"\0*\0wrStatusNum";i:30;s:12:"\0*\0currentWP";N;s:6:"\0*\0uID";s:1:"1";s:5:"error";s:0:"";s:4:"pkID";s:2:"14";s:3:"cID";s:3:"225";s:4:"cvID";s:1:"9";s:4:"wrID";s:3:"178";}'),
(179, 179, '2017-02-24 14:33:18', 'O:49:"Concrete\\Core\\Workflow\\Request\\ApprovePageRequest":8:{s:14:"\0*\0wrStatusNum";i:30;s:12:"\0*\0currentWP";N;s:6:"\0*\0uID";s:1:"1";s:5:"error";s:0:"";s:4:"pkID";s:2:"14";s:3:"cID";s:3:"225";s:4:"cvID";s:2:"10";s:4:"wrID";s:3:"179";}'),
(180, 180, '2017-02-24 15:24:01', 'O:49:"Concrete\\Core\\Workflow\\Request\\ApprovePageRequest":8:{s:14:"\0*\0wrStatusNum";i:30;s:12:"\0*\0currentWP";N;s:6:"\0*\0uID";s:1:"1";s:5:"error";s:0:"";s:4:"pkID";s:2:"14";s:3:"cID";s:3:"239";s:4:"cvID";s:1:"1";s:4:"wrID";s:3:"180";}'),
(181, 181, '2017-02-24 15:24:15', 'O:49:"Concrete\\Core\\Workflow\\Request\\ApprovePageRequest":8:{s:14:"\0*\0wrStatusNum";i:30;s:12:"\0*\0currentWP";N;s:6:"\0*\0uID";s:1:"1";s:5:"error";s:0:"";s:4:"pkID";s:2:"14";s:3:"cID";s:3:"240";s:4:"cvID";s:1:"1";s:4:"wrID";s:3:"181";}'),
(182, 182, '2017-02-24 15:24:26', 'O:49:"Concrete\\Core\\Workflow\\Request\\ApprovePageRequest":8:{s:14:"\0*\0wrStatusNum";i:30;s:12:"\0*\0currentWP";N;s:6:"\0*\0uID";s:1:"1";s:5:"error";s:0:"";s:4:"pkID";s:2:"14";s:3:"cID";s:3:"239";s:4:"cvID";s:1:"2";s:4:"wrID";s:3:"182";}');
INSERT INTO `WorkflowProgressHistory` (`wphID`, `wpID`, `timestamp`, `object`) VALUES
(183, 183, '2017-02-24 15:24:42', 'O:49:"Concrete\\Core\\Workflow\\Request\\ApprovePageRequest":8:{s:14:"\0*\0wrStatusNum";i:30;s:12:"\0*\0currentWP";N;s:6:"\0*\0uID";s:1:"1";s:5:"error";s:0:"";s:4:"pkID";s:2:"14";s:3:"cID";s:3:"241";s:4:"cvID";s:1:"1";s:4:"wrID";s:3:"183";}'),
(184, 184, '2017-02-24 15:24:53', 'O:49:"Concrete\\Core\\Workflow\\Request\\ApprovePageRequest":8:{s:14:"\0*\0wrStatusNum";i:30;s:12:"\0*\0currentWP";N;s:6:"\0*\0uID";s:1:"1";s:5:"error";s:0:"";s:4:"pkID";s:2:"14";s:3:"cID";s:3:"242";s:4:"cvID";s:1:"1";s:4:"wrID";s:3:"184";}'),
(185, 185, '2017-02-24 15:25:06', 'O:49:"Concrete\\Core\\Workflow\\Request\\ApprovePageRequest":8:{s:14:"\0*\0wrStatusNum";i:30;s:12:"\0*\0currentWP";N;s:6:"\0*\0uID";s:1:"1";s:5:"error";s:0:"";s:4:"pkID";s:2:"14";s:3:"cID";s:3:"243";s:4:"cvID";s:1:"1";s:4:"wrID";s:3:"185";}'),
(186, 186, '2017-02-24 15:25:16', 'O:49:"Concrete\\Core\\Workflow\\Request\\ApprovePageRequest":8:{s:14:"\0*\0wrStatusNum";i:30;s:12:"\0*\0currentWP";N;s:6:"\0*\0uID";s:1:"1";s:5:"error";s:0:"";s:4:"pkID";s:2:"14";s:3:"cID";s:3:"244";s:4:"cvID";s:1:"1";s:4:"wrID";s:3:"186";}'),
(187, 187, '2017-02-24 15:25:27', 'O:49:"Concrete\\Core\\Workflow\\Request\\ApprovePageRequest":8:{s:14:"\0*\0wrStatusNum";i:30;s:12:"\0*\0currentWP";N;s:6:"\0*\0uID";s:1:"1";s:5:"error";s:0:"";s:4:"pkID";s:2:"14";s:3:"cID";s:3:"245";s:4:"cvID";s:1:"1";s:4:"wrID";s:3:"187";}'),
(188, 188, '2017-02-24 15:25:35', 'O:49:"Concrete\\Core\\Workflow\\Request\\ApprovePageRequest":8:{s:14:"\0*\0wrStatusNum";i:30;s:12:"\0*\0currentWP";N;s:6:"\0*\0uID";s:1:"1";s:5:"error";s:0:"";s:4:"pkID";s:2:"14";s:3:"cID";s:3:"239";s:4:"cvID";s:1:"3";s:4:"wrID";s:3:"188";}'),
(189, 189, '2017-02-24 15:25:46', 'O:49:"Concrete\\Core\\Workflow\\Request\\ApprovePageRequest":8:{s:14:"\0*\0wrStatusNum";i:30;s:12:"\0*\0currentWP";N;s:6:"\0*\0uID";s:1:"1";s:5:"error";s:0:"";s:4:"pkID";s:2:"14";s:3:"cID";s:3:"240";s:4:"cvID";s:1:"2";s:4:"wrID";s:3:"189";}'),
(190, 190, '2017-02-24 15:25:56', 'O:49:"Concrete\\Core\\Workflow\\Request\\ApprovePageRequest":8:{s:14:"\0*\0wrStatusNum";i:30;s:12:"\0*\0currentWP";N;s:6:"\0*\0uID";s:1:"1";s:5:"error";s:0:"";s:4:"pkID";s:2:"14";s:3:"cID";s:3:"241";s:4:"cvID";s:1:"2";s:4:"wrID";s:3:"190";}'),
(191, 191, '2017-02-24 15:26:05', 'O:49:"Concrete\\Core\\Workflow\\Request\\ApprovePageRequest":8:{s:14:"\0*\0wrStatusNum";i:30;s:12:"\0*\0currentWP";N;s:6:"\0*\0uID";s:1:"1";s:5:"error";s:0:"";s:4:"pkID";s:2:"14";s:3:"cID";s:3:"242";s:4:"cvID";s:1:"2";s:4:"wrID";s:3:"191";}'),
(192, 192, '2017-02-24 15:26:12', 'O:49:"Concrete\\Core\\Workflow\\Request\\ApprovePageRequest":8:{s:14:"\0*\0wrStatusNum";i:30;s:12:"\0*\0currentWP";N;s:6:"\0*\0uID";s:1:"1";s:5:"error";s:0:"";s:4:"pkID";s:2:"14";s:3:"cID";s:3:"243";s:4:"cvID";s:1:"2";s:4:"wrID";s:3:"192";}'),
(193, 193, '2017-02-24 15:26:20', 'O:49:"Concrete\\Core\\Workflow\\Request\\ApprovePageRequest":8:{s:14:"\0*\0wrStatusNum";i:30;s:12:"\0*\0currentWP";N;s:6:"\0*\0uID";s:1:"1";s:5:"error";s:0:"";s:4:"pkID";s:2:"14";s:3:"cID";s:3:"244";s:4:"cvID";s:1:"2";s:4:"wrID";s:3:"193";}'),
(194, 194, '2017-02-24 15:26:26', 'O:49:"Concrete\\Core\\Workflow\\Request\\ApprovePageRequest":8:{s:14:"\0*\0wrStatusNum";i:30;s:12:"\0*\0currentWP";N;s:6:"\0*\0uID";s:1:"1";s:5:"error";s:0:"";s:4:"pkID";s:2:"14";s:3:"cID";s:3:"245";s:4:"cvID";s:1:"2";s:4:"wrID";s:3:"194";}'),
(195, 195, '2017-02-24 15:27:35', 'O:49:"Concrete\\Core\\Workflow\\Request\\ApprovePageRequest":8:{s:14:"\0*\0wrStatusNum";i:30;s:12:"\0*\0currentWP";N;s:6:"\0*\0uID";s:1:"1";s:5:"error";s:0:"";s:4:"pkID";s:2:"14";s:3:"cID";s:3:"225";s:4:"cvID";s:2:"11";s:4:"wrID";s:3:"195";}'),
(196, 196, '2017-02-24 15:28:45', 'O:49:"Concrete\\Core\\Workflow\\Request\\ApprovePageRequest":8:{s:14:"\0*\0wrStatusNum";i:30;s:12:"\0*\0currentWP";N;s:6:"\0*\0uID";s:1:"1";s:5:"error";s:0:"";s:4:"pkID";s:2:"14";s:3:"cID";s:3:"225";s:4:"cvID";s:2:"12";s:4:"wrID";s:3:"196";}'),
(197, 197, '2017-02-24 15:30:14', 'O:49:"Concrete\\Core\\Workflow\\Request\\ApprovePageRequest":8:{s:14:"\0*\0wrStatusNum";i:30;s:12:"\0*\0currentWP";N;s:6:"\0*\0uID";s:1:"1";s:5:"error";s:0:"";s:4:"pkID";s:2:"14";s:3:"cID";s:3:"239";s:4:"cvID";s:1:"4";s:4:"wrID";s:3:"197";}'),
(198, 198, '2017-02-24 15:30:30', 'O:49:"Concrete\\Core\\Workflow\\Request\\ApprovePageRequest":8:{s:14:"\0*\0wrStatusNum";i:30;s:12:"\0*\0currentWP";N;s:6:"\0*\0uID";s:1:"1";s:5:"error";s:0:"";s:4:"pkID";s:2:"14";s:3:"cID";s:3:"240";s:4:"cvID";s:1:"3";s:4:"wrID";s:3:"198";}'),
(199, 199, '2017-02-24 15:30:43', 'O:49:"Concrete\\Core\\Workflow\\Request\\ApprovePageRequest":8:{s:14:"\0*\0wrStatusNum";i:30;s:12:"\0*\0currentWP";N;s:6:"\0*\0uID";s:1:"1";s:5:"error";s:0:"";s:4:"pkID";s:2:"14";s:3:"cID";s:3:"241";s:4:"cvID";s:1:"3";s:4:"wrID";s:3:"199";}'),
(200, 200, '2017-02-24 15:30:57', 'O:49:"Concrete\\Core\\Workflow\\Request\\ApprovePageRequest":8:{s:14:"\0*\0wrStatusNum";i:30;s:12:"\0*\0currentWP";N;s:6:"\0*\0uID";s:1:"1";s:5:"error";s:0:"";s:4:"pkID";s:2:"14";s:3:"cID";s:3:"242";s:4:"cvID";s:1:"3";s:4:"wrID";s:3:"200";}'),
(201, 201, '2017-02-24 15:31:09', 'O:49:"Concrete\\Core\\Workflow\\Request\\ApprovePageRequest":8:{s:14:"\0*\0wrStatusNum";i:30;s:12:"\0*\0currentWP";N;s:6:"\0*\0uID";s:1:"1";s:5:"error";s:0:"";s:4:"pkID";s:2:"14";s:3:"cID";s:3:"243";s:4:"cvID";s:1:"3";s:4:"wrID";s:3:"201";}'),
(202, 202, '2017-02-24 15:31:20', 'O:49:"Concrete\\Core\\Workflow\\Request\\ApprovePageRequest":8:{s:14:"\0*\0wrStatusNum";i:30;s:12:"\0*\0currentWP";N;s:6:"\0*\0uID";s:1:"1";s:5:"error";s:0:"";s:4:"pkID";s:2:"14";s:3:"cID";s:3:"244";s:4:"cvID";s:1:"3";s:4:"wrID";s:3:"202";}'),
(203, 203, '2017-02-24 15:31:31', 'O:49:"Concrete\\Core\\Workflow\\Request\\ApprovePageRequest":8:{s:14:"\0*\0wrStatusNum";i:30;s:12:"\0*\0currentWP";N;s:6:"\0*\0uID";s:1:"1";s:5:"error";s:0:"";s:4:"pkID";s:2:"14";s:3:"cID";s:3:"245";s:4:"cvID";s:1:"3";s:4:"wrID";s:3:"203";}'),
(204, 204, '2017-02-24 15:36:37', 'O:49:"Concrete\\Core\\Workflow\\Request\\ApprovePageRequest":8:{s:14:"\0*\0wrStatusNum";i:30;s:12:"\0*\0currentWP";N;s:6:"\0*\0uID";s:1:"1";s:5:"error";s:0:"";s:4:"pkID";s:2:"14";s:3:"cID";s:3:"225";s:4:"cvID";s:2:"13";s:4:"wrID";s:3:"204";}'),
(205, 1, '2017-02-27 08:00:45', 'O:49:"Concrete\\Core\\Workflow\\Request\\ApprovePageRequest":8:{s:14:"\0*\0wrStatusNum";i:30;s:12:"\0*\0currentWP";N;s:6:"\0*\0uID";s:1:"1";s:5:"error";s:0:"";s:4:"pkID";s:2:"14";s:3:"cID";s:3:"203";s:4:"cvID";s:2:"23";s:4:"wrID";s:1:"1";}'),
(206, 2, '2017-02-27 08:01:00', 'O:49:"Concrete\\Core\\Workflow\\Request\\ApprovePageRequest":8:{s:14:"\0*\0wrStatusNum";i:30;s:12:"\0*\0currentWP";N;s:6:"\0*\0uID";s:1:"1";s:5:"error";s:0:"";s:4:"pkID";s:2:"14";s:3:"cID";s:3:"203";s:4:"cvID";s:2:"24";s:4:"wrID";s:1:"2";}'),
(207, 3, '2017-02-27 08:01:39', 'O:49:"Concrete\\Core\\Workflow\\Request\\ApprovePageRequest":8:{s:14:"\0*\0wrStatusNum";i:30;s:12:"\0*\0currentWP";N;s:6:"\0*\0uID";s:1:"1";s:5:"error";s:0:"";s:4:"pkID";s:2:"14";s:3:"cID";s:3:"203";s:4:"cvID";s:2:"25";s:4:"wrID";s:1:"3";}'),
(208, 4, '2017-02-27 08:12:13', 'O:49:"Concrete\\Core\\Workflow\\Request\\ApprovePageRequest":8:{s:14:"\0*\0wrStatusNum";i:30;s:12:"\0*\0currentWP";N;s:6:"\0*\0uID";s:1:"1";s:5:"error";s:0:"";s:4:"pkID";s:2:"14";s:3:"cID";s:3:"203";s:4:"cvID";s:2:"26";s:4:"wrID";s:1:"4";}'),
(209, 5, '2017-02-27 08:23:54', 'O:49:"Concrete\\Core\\Workflow\\Request\\ApprovePageRequest":8:{s:14:"\0*\0wrStatusNum";i:30;s:12:"\0*\0currentWP";N;s:6:"\0*\0uID";s:1:"1";s:5:"error";s:0:"";s:4:"pkID";s:2:"14";s:3:"cID";s:3:"225";s:4:"cvID";s:2:"14";s:4:"wrID";s:1:"5";}'),
(210, 6, '2017-02-27 08:28:24', 'O:49:"Concrete\\Core\\Workflow\\Request\\ApprovePageRequest":8:{s:14:"\0*\0wrStatusNum";i:30;s:12:"\0*\0currentWP";N;s:6:"\0*\0uID";s:1:"1";s:5:"error";s:0:"";s:4:"pkID";s:2:"14";s:3:"cID";s:3:"225";s:4:"cvID";s:2:"15";s:4:"wrID";s:1:"6";}'),
(211, 7, '2017-02-27 08:30:58', 'O:49:"Concrete\\Core\\Workflow\\Request\\ApprovePageRequest":8:{s:14:"\0*\0wrStatusNum";i:30;s:12:"\0*\0currentWP";N;s:6:"\0*\0uID";s:1:"1";s:5:"error";s:0:"";s:4:"pkID";s:2:"14";s:3:"cID";s:3:"225";s:4:"cvID";s:2:"16";s:4:"wrID";s:1:"7";}'),
(212, 8, '2017-02-27 09:07:05', 'O:49:"Concrete\\Core\\Workflow\\Request\\ApprovePageRequest":8:{s:14:"\0*\0wrStatusNum";i:30;s:12:"\0*\0currentWP";N;s:6:"\0*\0uID";s:1:"1";s:5:"error";s:0:"";s:4:"pkID";s:2:"14";s:3:"cID";s:3:"211";s:4:"cvID";s:1:"7";s:4:"wrID";s:1:"8";}'),
(213, 9, '2017-02-27 09:08:21', 'O:49:"Concrete\\Core\\Workflow\\Request\\ApprovePageRequest":8:{s:14:"\0*\0wrStatusNum";i:30;s:12:"\0*\0currentWP";N;s:6:"\0*\0uID";s:1:"1";s:5:"error";s:0:"";s:4:"pkID";s:2:"14";s:3:"cID";s:3:"228";s:4:"cvID";s:1:"5";s:4:"wrID";s:1:"9";}'),
(214, 10, '2017-02-27 12:44:57', 'O:49:"Concrete\\Core\\Workflow\\Request\\ApprovePageRequest":8:{s:14:"\0*\0wrStatusNum";i:30;s:12:"\0*\0currentWP";N;s:6:"\0*\0uID";s:1:"1";s:5:"error";s:0:"";s:4:"pkID";s:2:"14";s:3:"cID";s:3:"231";s:4:"cvID";s:1:"5";s:4:"wrID";s:2:"10";}'),
(215, 11, '2017-02-27 12:45:13', 'O:49:"Concrete\\Core\\Workflow\\Request\\ApprovePageRequest":8:{s:14:"\0*\0wrStatusNum";i:30;s:12:"\0*\0currentWP";N;s:6:"\0*\0uID";s:1:"1";s:5:"error";s:0:"";s:4:"pkID";s:2:"14";s:3:"cID";s:3:"211";s:4:"cvID";s:1:"8";s:4:"wrID";s:2:"11";}'),
(216, 12, '2017-02-27 12:45:23', 'O:49:"Concrete\\Core\\Workflow\\Request\\ApprovePageRequest":8:{s:14:"\0*\0wrStatusNum";i:30;s:12:"\0*\0currentWP";N;s:6:"\0*\0uID";s:1:"1";s:5:"error";s:0:"";s:4:"pkID";s:2:"14";s:3:"cID";s:3:"228";s:4:"cvID";s:1:"6";s:4:"wrID";s:2:"12";}'),
(217, 13, '2017-02-27 12:47:59', 'O:49:"Concrete\\Core\\Workflow\\Request\\ApprovePageRequest":8:{s:14:"\0*\0wrStatusNum";i:30;s:12:"\0*\0currentWP";N;s:6:"\0*\0uID";s:1:"1";s:5:"error";s:0:"";s:4:"pkID";s:2:"14";s:3:"cID";s:3:"203";s:4:"cvID";s:2:"27";s:4:"wrID";s:2:"13";}'),
(218, 14, '2017-02-27 12:50:59', 'O:49:"Concrete\\Core\\Workflow\\Request\\ApprovePageRequest":8:{s:14:"\0*\0wrStatusNum";i:30;s:12:"\0*\0currentWP";N;s:6:"\0*\0uID";s:1:"1";s:5:"error";s:0:"";s:4:"pkID";s:2:"14";s:3:"cID";s:3:"246";s:4:"cvID";s:1:"1";s:4:"wrID";s:2:"14";}'),
(219, 15, '2017-02-27 12:51:20', 'O:49:"Concrete\\Core\\Workflow\\Request\\ApprovePageRequest":8:{s:14:"\0*\0wrStatusNum";i:30;s:12:"\0*\0currentWP";N;s:6:"\0*\0uID";s:1:"1";s:5:"error";s:0:"";s:4:"pkID";s:2:"14";s:3:"cID";s:3:"247";s:4:"cvID";s:1:"1";s:4:"wrID";s:2:"15";}'),
(220, 16, '2017-02-27 12:51:57', 'O:49:"Concrete\\Core\\Workflow\\Request\\ApprovePageRequest":8:{s:14:"\0*\0wrStatusNum";i:30;s:12:"\0*\0currentWP";N;s:6:"\0*\0uID";s:1:"1";s:5:"error";s:0:"";s:4:"pkID";s:2:"14";s:3:"cID";s:3:"236";s:4:"cvID";s:1:"4";s:4:"wrID";s:2:"16";}'),
(221, 17, '2017-02-27 12:52:15', 'O:49:"Concrete\\Core\\Workflow\\Request\\ApprovePageRequest":8:{s:14:"\0*\0wrStatusNum";i:30;s:12:"\0*\0currentWP";N;s:6:"\0*\0uID";s:1:"1";s:5:"error";s:0:"";s:4:"pkID";s:2:"14";s:3:"cID";s:3:"237";s:4:"cvID";s:1:"5";s:4:"wrID";s:2:"17";}'),
(222, 18, '2017-02-27 12:54:13', 'O:49:"Concrete\\Core\\Workflow\\Request\\ApprovePageRequest":8:{s:14:"\0*\0wrStatusNum";i:30;s:12:"\0*\0currentWP";N;s:6:"\0*\0uID";s:1:"1";s:5:"error";s:0:"";s:4:"pkID";s:2:"14";s:3:"cID";s:3:"203";s:4:"cvID";s:2:"28";s:4:"wrID";s:2:"18";}'),
(223, 19, '2017-02-27 12:54:31', 'O:49:"Concrete\\Core\\Workflow\\Request\\ApprovePageRequest":8:{s:14:"\0*\0wrStatusNum";i:30;s:12:"\0*\0currentWP";N;s:6:"\0*\0uID";s:1:"1";s:5:"error";s:0:"";s:4:"pkID";s:2:"14";s:3:"cID";s:3:"246";s:4:"cvID";s:1:"2";s:4:"wrID";s:2:"19";}'),
(224, 20, '2017-02-27 12:54:43', 'O:49:"Concrete\\Core\\Workflow\\Request\\ApprovePageRequest":8:{s:14:"\0*\0wrStatusNum";i:30;s:12:"\0*\0currentWP";N;s:6:"\0*\0uID";s:1:"1";s:5:"error";s:0:"";s:4:"pkID";s:2:"14";s:3:"cID";s:3:"247";s:4:"cvID";s:1:"2";s:4:"wrID";s:2:"20";}'),
(225, 21, '2017-02-27 13:01:10', 'O:49:"Concrete\\Core\\Workflow\\Request\\ApprovePageRequest":8:{s:14:"\0*\0wrStatusNum";i:30;s:12:"\0*\0currentWP";N;s:6:"\0*\0uID";s:1:"1";s:5:"error";s:0:"";s:4:"pkID";s:2:"14";s:3:"cID";s:3:"203";s:4:"cvID";s:2:"29";s:4:"wrID";s:2:"21";}'),
(226, 22, '2017-02-27 13:25:40', 'O:49:"Concrete\\Core\\Workflow\\Request\\ApprovePageRequest":8:{s:14:"\0*\0wrStatusNum";i:30;s:12:"\0*\0currentWP";N;s:6:"\0*\0uID";s:1:"1";s:5:"error";s:0:"";s:4:"pkID";s:2:"14";s:3:"cID";s:3:"203";s:4:"cvID";s:2:"30";s:4:"wrID";s:2:"22";}'),
(227, 23, '2017-02-27 13:29:18', 'O:49:"Concrete\\Core\\Workflow\\Request\\ApprovePageRequest":8:{s:14:"\0*\0wrStatusNum";i:30;s:12:"\0*\0currentWP";N;s:6:"\0*\0uID";s:1:"1";s:5:"error";s:0:"";s:4:"pkID";s:2:"14";s:3:"cID";s:1:"1";s:4:"cvID";s:2:"26";s:4:"wrID";s:2:"23";}'),
(228, 24, '2017-02-27 13:41:39', 'O:49:"Concrete\\Core\\Workflow\\Request\\ApprovePageRequest":8:{s:14:"\0*\0wrStatusNum";i:30;s:12:"\0*\0currentWP";N;s:6:"\0*\0uID";s:1:"1";s:5:"error";s:0:"";s:4:"pkID";s:2:"14";s:3:"cID";s:3:"231";s:4:"cvID";s:1:"6";s:4:"wrID";s:2:"24";}'),
(229, 25, '2017-02-27 13:47:29', 'O:49:"Concrete\\Core\\Workflow\\Request\\ApprovePageRequest":8:{s:14:"\0*\0wrStatusNum";i:30;s:12:"\0*\0currentWP";N;s:6:"\0*\0uID";s:1:"1";s:5:"error";s:0:"";s:4:"pkID";s:2:"14";s:3:"cID";s:3:"203";s:4:"cvID";s:2:"31";s:4:"wrID";s:2:"25";}'),
(230, 26, '2017-02-27 14:15:44', 'O:49:"Concrete\\Core\\Workflow\\Request\\ApprovePageRequest":8:{s:14:"\0*\0wrStatusNum";i:30;s:12:"\0*\0currentWP";N;s:6:"\0*\0uID";s:1:"1";s:5:"error";s:0:"";s:4:"pkID";s:2:"14";s:3:"cID";s:3:"237";s:4:"cvID";s:1:"6";s:4:"wrID";s:2:"26";}'),
(231, 27, '2017-02-27 14:16:01', 'O:49:"Concrete\\Core\\Workflow\\Request\\ApprovePageRequest":8:{s:14:"\0*\0wrStatusNum";i:30;s:12:"\0*\0currentWP";N;s:6:"\0*\0uID";s:1:"1";s:5:"error";s:0:"";s:4:"pkID";s:2:"14";s:3:"cID";s:3:"237";s:4:"cvID";s:1:"7";s:4:"wrID";s:2:"27";}'),
(232, 28, '2017-02-27 14:17:54', 'O:49:"Concrete\\Core\\Workflow\\Request\\ApprovePageRequest":8:{s:14:"\0*\0wrStatusNum";i:30;s:12:"\0*\0currentWP";N;s:6:"\0*\0uID";s:1:"1";s:5:"error";s:0:"";s:4:"pkID";s:2:"14";s:3:"cID";s:3:"237";s:4:"cvID";s:1:"8";s:4:"wrID";s:2:"28";}'),
(233, 29, '2017-02-27 14:18:53', 'O:49:"Concrete\\Core\\Workflow\\Request\\ApprovePageRequest":8:{s:14:"\0*\0wrStatusNum";i:30;s:12:"\0*\0currentWP";N;s:6:"\0*\0uID";s:1:"1";s:5:"error";s:0:"";s:4:"pkID";s:2:"14";s:3:"cID";s:3:"237";s:4:"cvID";s:1:"9";s:4:"wrID";s:2:"29";}'),
(234, 30, '2017-02-27 14:19:04', 'O:49:"Concrete\\Core\\Workflow\\Request\\ApprovePageRequest":8:{s:14:"\0*\0wrStatusNum";i:30;s:12:"\0*\0currentWP";N;s:6:"\0*\0uID";s:1:"1";s:5:"error";s:0:"";s:4:"pkID";s:2:"14";s:3:"cID";s:3:"237";s:4:"cvID";s:2:"10";s:4:"wrID";s:2:"30";}'),
(235, 31, '2017-02-27 14:22:05', 'O:49:"Concrete\\Core\\Workflow\\Request\\ApprovePageRequest":8:{s:14:"\0*\0wrStatusNum";i:30;s:12:"\0*\0currentWP";N;s:6:"\0*\0uID";s:1:"1";s:5:"error";s:0:"";s:4:"pkID";s:2:"14";s:3:"cID";s:3:"237";s:4:"cvID";s:2:"11";s:4:"wrID";s:2:"31";}'),
(236, 32, '2017-02-27 14:22:17', 'O:49:"Concrete\\Core\\Workflow\\Request\\ApprovePageRequest":8:{s:14:"\0*\0wrStatusNum";i:30;s:12:"\0*\0currentWP";N;s:6:"\0*\0uID";s:1:"1";s:5:"error";s:0:"";s:4:"pkID";s:2:"14";s:3:"cID";s:3:"237";s:4:"cvID";s:2:"12";s:4:"wrID";s:2:"32";}'),
(237, 33, '2017-02-27 14:22:54', 'O:49:"Concrete\\Core\\Workflow\\Request\\ApprovePageRequest":8:{s:14:"\0*\0wrStatusNum";i:30;s:12:"\0*\0currentWP";N;s:6:"\0*\0uID";s:1:"1";s:5:"error";s:0:"";s:4:"pkID";s:2:"14";s:3:"cID";s:3:"248";s:4:"cvID";s:1:"1";s:4:"wrID";s:2:"33";}'),
(238, 34, '2017-02-27 14:26:41', 'O:49:"Concrete\\Core\\Workflow\\Request\\ApprovePageRequest":8:{s:14:"\0*\0wrStatusNum";i:30;s:12:"\0*\0currentWP";N;s:6:"\0*\0uID";s:1:"1";s:5:"error";s:0:"";s:4:"pkID";s:2:"14";s:3:"cID";s:3:"249";s:4:"cvID";s:1:"1";s:4:"wrID";s:2:"34";}'),
(239, 35, '2017-02-27 14:26:41', 'O:49:"Concrete\\Core\\Workflow\\Request\\ApprovePageRequest":8:{s:14:"\0*\0wrStatusNum";i:30;s:12:"\0*\0currentWP";N;s:6:"\0*\0uID";s:1:"1";s:5:"error";s:0:"";s:4:"pkID";s:2:"14";s:3:"cID";s:3:"249";s:4:"cvID";s:1:"1";s:4:"wrID";s:2:"35";}'),
(240, 36, '2017-02-27 14:28:24', 'O:49:"Concrete\\Core\\Workflow\\Request\\ApprovePageRequest":8:{s:14:"\0*\0wrStatusNum";i:30;s:12:"\0*\0currentWP";N;s:6:"\0*\0uID";s:1:"1";s:5:"error";s:0:"";s:4:"pkID";s:2:"14";s:3:"cID";s:3:"250";s:4:"cvID";s:1:"1";s:4:"wrID";s:2:"36";}'),
(241, 37, '2017-02-27 14:28:25', 'O:49:"Concrete\\Core\\Workflow\\Request\\ApprovePageRequest":8:{s:14:"\0*\0wrStatusNum";i:30;s:12:"\0*\0currentWP";N;s:6:"\0*\0uID";s:1:"1";s:5:"error";s:0:"";s:4:"pkID";s:2:"14";s:3:"cID";s:3:"250";s:4:"cvID";s:1:"1";s:4:"wrID";s:2:"37";}'),
(242, 38, '2017-02-27 14:28:38', 'O:49:"Concrete\\Core\\Workflow\\Request\\ApprovePageRequest":8:{s:14:"\0*\0wrStatusNum";i:30;s:12:"\0*\0currentWP";N;s:6:"\0*\0uID";s:1:"1";s:5:"error";s:0:"";s:4:"pkID";s:2:"14";s:3:"cID";s:3:"237";s:4:"cvID";s:2:"13";s:4:"wrID";s:2:"38";}'),
(243, 39, '2017-02-27 14:30:39', 'O:49:"Concrete\\Core\\Workflow\\Request\\ApprovePageRequest":8:{s:14:"\0*\0wrStatusNum";i:30;s:12:"\0*\0currentWP";N;s:6:"\0*\0uID";s:1:"1";s:5:"error";s:0:"";s:4:"pkID";s:2:"14";s:3:"cID";s:3:"236";s:4:"cvID";s:1:"5";s:4:"wrID";s:2:"39";}'),
(244, 40, '2017-02-27 14:31:47', 'O:49:"Concrete\\Core\\Workflow\\Request\\ApprovePageRequest":8:{s:14:"\0*\0wrStatusNum";i:30;s:12:"\0*\0currentWP";N;s:6:"\0*\0uID";s:1:"1";s:5:"error";s:0:"";s:4:"pkID";s:2:"14";s:3:"cID";s:3:"246";s:4:"cvID";s:1:"3";s:4:"wrID";s:2:"40";}'),
(245, 41, '2017-02-27 14:32:11', 'O:49:"Concrete\\Core\\Workflow\\Request\\ApprovePageRequest":8:{s:14:"\0*\0wrStatusNum";i:30;s:12:"\0*\0currentWP";N;s:6:"\0*\0uID";s:1:"1";s:5:"error";s:0:"";s:4:"pkID";s:2:"14";s:3:"cID";s:3:"246";s:4:"cvID";s:1:"4";s:4:"wrID";s:2:"41";}'),
(246, 42, '2017-02-27 14:33:47', 'O:49:"Concrete\\Core\\Workflow\\Request\\ApprovePageRequest":8:{s:14:"\0*\0wrStatusNum";i:30;s:12:"\0*\0currentWP";N;s:6:"\0*\0uID";s:1:"1";s:5:"error";s:0:"";s:4:"pkID";s:2:"14";s:3:"cID";s:3:"247";s:4:"cvID";s:1:"3";s:4:"wrID";s:2:"42";}'),
(247, 43, '2017-02-27 14:37:13', 'O:49:"Concrete\\Core\\Workflow\\Request\\ApprovePageRequest":8:{s:14:"\0*\0wrStatusNum";i:30;s:12:"\0*\0currentWP";N;s:6:"\0*\0uID";s:1:"1";s:5:"error";s:0:"";s:4:"pkID";s:2:"14";s:3:"cID";s:3:"247";s:4:"cvID";s:1:"4";s:4:"wrID";s:2:"43";}'),
(248, 44, '2017-02-27 14:38:44', 'O:49:"Concrete\\Core\\Workflow\\Request\\ApprovePageRequest":8:{s:14:"\0*\0wrStatusNum";i:30;s:12:"\0*\0currentWP";N;s:6:"\0*\0uID";s:1:"1";s:5:"error";s:0:"";s:4:"pkID";s:2:"14";s:3:"cID";s:3:"248";s:4:"cvID";s:1:"2";s:4:"wrID";s:2:"44";}'),
(249, 45, '2017-02-27 14:38:52', 'O:49:"Concrete\\Core\\Workflow\\Request\\ApprovePageRequest":8:{s:14:"\0*\0wrStatusNum";i:30;s:12:"\0*\0currentWP";N;s:6:"\0*\0uID";s:1:"1";s:5:"error";s:0:"";s:4:"pkID";s:2:"14";s:3:"cID";s:3:"249";s:4:"cvID";s:1:"2";s:4:"wrID";s:2:"45";}'),
(250, 46, '2017-02-27 14:38:59', 'O:49:"Concrete\\Core\\Workflow\\Request\\ApprovePageRequest":8:{s:14:"\0*\0wrStatusNum";i:30;s:12:"\0*\0currentWP";N;s:6:"\0*\0uID";s:1:"1";s:5:"error";s:0:"";s:4:"pkID";s:2:"14";s:3:"cID";s:3:"250";s:4:"cvID";s:1:"2";s:4:"wrID";s:2:"46";}'),
(251, 47, '2017-02-27 14:40:32', 'O:49:"Concrete\\Core\\Workflow\\Request\\ApprovePageRequest":8:{s:14:"\0*\0wrStatusNum";i:30;s:12:"\0*\0currentWP";N;s:6:"\0*\0uID";s:1:"1";s:5:"error";s:0:"";s:4:"pkID";s:2:"14";s:3:"cID";s:3:"231";s:4:"cvID";s:1:"7";s:4:"wrID";s:2:"47";}'),
(252, 48, '2017-02-27 14:40:48', 'O:49:"Concrete\\Core\\Workflow\\Request\\ApprovePageRequest":8:{s:14:"\0*\0wrStatusNum";i:30;s:12:"\0*\0currentWP";N;s:6:"\0*\0uID";s:1:"1";s:5:"error";s:0:"";s:4:"pkID";s:2:"14";s:3:"cID";s:1:"1";s:4:"cvID";s:2:"27";s:4:"wrID";s:2:"48";}');

-- --------------------------------------------------------

--
-- Tabelstructuur voor tabel `WorkflowRequestObjects`
--

CREATE TABLE `WorkflowRequestObjects` (
  `wrID` int(10) UNSIGNED NOT NULL,
  `wrObject` text COLLATE utf8_unicode_ci
) ENGINE=InnoDB DEFAULT CHARSET=utf8 COLLATE=utf8_unicode_ci;

-- --------------------------------------------------------

--
-- Tabelstructuur voor tabel `Workflows`
--

CREATE TABLE `Workflows` (
  `wfID` int(10) UNSIGNED NOT NULL,
  `wfName` varchar(255) COLLATE utf8_unicode_ci DEFAULT NULL,
  `wftID` int(10) UNSIGNED NOT NULL DEFAULT '0'
) ENGINE=InnoDB DEFAULT CHARSET=utf8 COLLATE=utf8_unicode_ci;

-- --------------------------------------------------------

--
-- Tabelstructuur voor tabel `WorkflowTypes`
--

CREATE TABLE `WorkflowTypes` (
  `wftID` int(10) UNSIGNED NOT NULL,
  `wftHandle` varchar(64) COLLATE utf8_unicode_ci NOT NULL,
  `wftName` varchar(128) COLLATE utf8_unicode_ci NOT NULL,
  `pkgID` int(10) UNSIGNED NOT NULL DEFAULT '0'
) ENGINE=InnoDB DEFAULT CHARSET=utf8 COLLATE=utf8_unicode_ci;

--
-- Gegevens worden geëxporteerd voor tabel `WorkflowTypes`
--

INSERT INTO `WorkflowTypes` (`wftID`, `wftHandle`, `wftName`, `pkgID`) VALUES
(1, 'basic', 'Basic Workflow', 0);

--
-- Indexen voor geëxporteerde tabellen
--

--
-- Indexen voor tabel `AreaLayoutColumns`
--
ALTER TABLE `AreaLayoutColumns`
  ADD PRIMARY KEY (`arLayoutColumnID`),
  ADD KEY `arLayoutID` (`arLayoutID`,`arLayoutColumnIndex`),
  ADD KEY `arID` (`arID`),
  ADD KEY `arLayoutColumnDisplayID` (`arLayoutColumnDisplayID`);

--
-- Indexen voor tabel `AreaLayoutCustomColumns`
--
ALTER TABLE `AreaLayoutCustomColumns`
  ADD PRIMARY KEY (`arLayoutColumnID`);

--
-- Indexen voor tabel `AreaLayoutPresets`
--
ALTER TABLE `AreaLayoutPresets`
  ADD PRIMARY KEY (`arLayoutPresetID`),
  ADD KEY `arLayoutID` (`arLayoutID`),
  ADD KEY `arLayoutPresetName` (`arLayoutPresetName`);

--
-- Indexen voor tabel `AreaLayouts`
--
ALTER TABLE `AreaLayouts`
  ADD PRIMARY KEY (`arLayoutID`);

--
-- Indexen voor tabel `AreaLayoutsUsingPresets`
--
ALTER TABLE `AreaLayoutsUsingPresets`
  ADD PRIMARY KEY (`arLayoutID`);

--
-- Indexen voor tabel `AreaLayoutThemeGridColumns`
--
ALTER TABLE `AreaLayoutThemeGridColumns`
  ADD PRIMARY KEY (`arLayoutColumnID`);

--
-- Indexen voor tabel `AreaPermissionAssignments`
--
ALTER TABLE `AreaPermissionAssignments`
  ADD PRIMARY KEY (`cID`,`arHandle`,`pkID`,`paID`),
  ADD KEY `paID` (`paID`),
  ADD KEY `pkID` (`pkID`);

--
-- Indexen voor tabel `AreaPermissionBlockTypeAccessList`
--
ALTER TABLE `AreaPermissionBlockTypeAccessList`
  ADD PRIMARY KEY (`paID`,`peID`),
  ADD KEY `peID` (`peID`);

--
-- Indexen voor tabel `AreaPermissionBlockTypeAccessListCustom`
--
ALTER TABLE `AreaPermissionBlockTypeAccessListCustom`
  ADD PRIMARY KEY (`paID`,`peID`,`btID`),
  ADD KEY `peID` (`peID`),
  ADD KEY `btID` (`btID`);

--
-- Indexen voor tabel `Areas`
--
ALTER TABLE `Areas`
  ADD PRIMARY KEY (`arID`),
  ADD KEY `arIsGlobal` (`arIsGlobal`),
  ADD KEY `cID` (`cID`),
  ADD KEY `arHandle` (`arHandle`),
  ADD KEY `arParentID` (`arParentID`);

--
-- Indexen voor tabel `atAddress`
--
ALTER TABLE `atAddress`
  ADD PRIMARY KEY (`avID`);

--
-- Indexen voor tabel `atAddressCustomCountries`
--
ALTER TABLE `atAddressCustomCountries`
  ADD PRIMARY KEY (`atAddressCustomCountryID`),
  ADD KEY `akID` (`akID`);

--
-- Indexen voor tabel `atAddressSettings`
--
ALTER TABLE `atAddressSettings`
  ADD PRIMARY KEY (`akID`);

--
-- Indexen voor tabel `atBoolean`
--
ALTER TABLE `atBoolean`
  ADD PRIMARY KEY (`avID`);

--
-- Indexen voor tabel `atBooleanSettings`
--
ALTER TABLE `atBooleanSettings`
  ADD PRIMARY KEY (`akID`);

--
-- Indexen voor tabel `atDateTime`
--
ALTER TABLE `atDateTime`
  ADD PRIMARY KEY (`avID`);

--
-- Indexen voor tabel `atDateTimeSettings`
--
ALTER TABLE `atDateTimeSettings`
  ADD PRIMARY KEY (`akID`);

--
-- Indexen voor tabel `atDefault`
--
ALTER TABLE `atDefault`
  ADD PRIMARY KEY (`avID`);

--
-- Indexen voor tabel `atFile`
--
ALTER TABLE `atFile`
  ADD PRIMARY KEY (`avID`),
  ADD KEY `fID` (`fID`);

--
-- Indexen voor tabel `atNumber`
--
ALTER TABLE `atNumber`
  ADD PRIMARY KEY (`avID`);

--
-- Indexen voor tabel `atSelectedTopics`
--
ALTER TABLE `atSelectedTopics`
  ADD PRIMARY KEY (`avID`,`TopicNodeID`),
  ADD KEY `TopicNodeID` (`TopicNodeID`);

--
-- Indexen voor tabel `atSelectOptions`
--
ALTER TABLE `atSelectOptions`
  ADD PRIMARY KEY (`ID`),
  ADD KEY `akID` (`akID`,`displayOrder`),
  ADD KEY `value` (`value`);

--
-- Indexen voor tabel `atSelectOptionsSelected`
--
ALTER TABLE `atSelectOptionsSelected`
  ADD PRIMARY KEY (`avID`,`atSelectOptionID`),
  ADD KEY `atSelectOptionID` (`atSelectOptionID`);

--
-- Indexen voor tabel `atSelectSettings`
--
ALTER TABLE `atSelectSettings`
  ADD PRIMARY KEY (`akID`);

--
-- Indexen voor tabel `atSocialLinks`
--
ALTER TABLE `atSocialLinks`
  ADD PRIMARY KEY (`avsID`),
  ADD KEY `avID` (`avID`,`avsID`);

--
-- Indexen voor tabel `atTextareaSettings`
--
ALTER TABLE `atTextareaSettings`
  ADD PRIMARY KEY (`akID`);

--
-- Indexen voor tabel `atTopicSettings`
--
ALTER TABLE `atTopicSettings`
  ADD PRIMARY KEY (`akID`),
  ADD KEY `akTopicTreeID` (`akTopicTreeID`);

--
-- Indexen voor tabel `AttributeKeyCategories`
--
ALTER TABLE `AttributeKeyCategories`
  ADD PRIMARY KEY (`akCategoryID`),
  ADD KEY `akCategoryHandle` (`akCategoryHandle`),
  ADD KEY `pkgID` (`pkgID`,`akCategoryID`);

--
-- Indexen voor tabel `AttributeKeys`
--
ALTER TABLE `AttributeKeys`
  ADD PRIMARY KEY (`akID`),
  ADD UNIQUE KEY `akHandle` (`akHandle`,`akCategoryID`),
  ADD KEY `akCategoryID` (`akCategoryID`),
  ADD KEY `atID` (`atID`),
  ADD KEY `pkgID` (`pkgID`);

--
-- Indexen voor tabel `AttributeSetKeys`
--
ALTER TABLE `AttributeSetKeys`
  ADD PRIMARY KEY (`akID`,`asID`),
  ADD KEY `asID` (`asID`,`displayOrder`);

--
-- Indexen voor tabel `AttributeSets`
--
ALTER TABLE `AttributeSets`
  ADD PRIMARY KEY (`asID`),
  ADD KEY `asHandle` (`asHandle`),
  ADD KEY `akCategoryID` (`akCategoryID`,`asDisplayOrder`),
  ADD KEY `pkgID` (`pkgID`,`asID`);

--
-- Indexen voor tabel `AttributeTypeCategories`
--
ALTER TABLE `AttributeTypeCategories`
  ADD PRIMARY KEY (`atID`,`akCategoryID`),
  ADD KEY `akCategoryID` (`akCategoryID`);

--
-- Indexen voor tabel `AttributeTypes`
--
ALTER TABLE `AttributeTypes`
  ADD PRIMARY KEY (`atID`),
  ADD UNIQUE KEY `atHandle` (`atHandle`),
  ADD KEY `pkgID` (`pkgID`,`atID`);

--
-- Indexen voor tabel `AttributeValues`
--
ALTER TABLE `AttributeValues`
  ADD PRIMARY KEY (`avID`),
  ADD KEY `akID` (`akID`),
  ADD KEY `uID` (`uID`),
  ADD KEY `atID` (`atID`);

--
-- Indexen voor tabel `AuthenticationTypes`
--
ALTER TABLE `AuthenticationTypes`
  ADD PRIMARY KEY (`authTypeID`),
  ADD UNIQUE KEY `authTypeHandle` (`authTypeHandle`),
  ADD KEY `pkgID` (`pkgID`);

--
-- Indexen voor tabel `authTypeConcreteCookieMap`
--
ALTER TABLE `authTypeConcreteCookieMap`
  ADD PRIMARY KEY (`ID`),
  ADD UNIQUE KEY `token` (`token`),
  ADD KEY `uID` (`uID`);

--
-- Indexen voor tabel `BannedWords`
--
ALTER TABLE `BannedWords`
  ADD PRIMARY KEY (`bwID`);

--
-- Indexen voor tabel `BasicWorkflowPermissionAssignments`
--
ALTER TABLE `BasicWorkflowPermissionAssignments`
  ADD PRIMARY KEY (`wfID`,`pkID`,`paID`),
  ADD KEY `pkID` (`pkID`),
  ADD KEY `paID` (`paID`);

--
-- Indexen voor tabel `BasicWorkflowProgressData`
--
ALTER TABLE `BasicWorkflowProgressData`
  ADD PRIMARY KEY (`wpID`),
  ADD KEY `uIDStarted` (`uIDStarted`),
  ADD KEY `uIDCompleted` (`uIDCompleted`);

--
-- Indexen voor tabel `BlockFeatureAssignments`
--
ALTER TABLE `BlockFeatureAssignments`
  ADD PRIMARY KEY (`cID`,`cvID`,`bID`,`faID`),
  ADD KEY `faID` (`faID`,`cID`,`cvID`),
  ADD KEY `bID` (`bID`);

--
-- Indexen voor tabel `BlockPermissionAssignments`
--
ALTER TABLE `BlockPermissionAssignments`
  ADD PRIMARY KEY (`cID`,`cvID`,`bID`,`pkID`,`paID`),
  ADD KEY `bID` (`bID`),
  ADD KEY `pkID` (`pkID`),
  ADD KEY `paID` (`paID`);

--
-- Indexen voor tabel `BlockRelations`
--
ALTER TABLE `BlockRelations`
  ADD PRIMARY KEY (`brID`),
  ADD KEY `bID` (`bID`),
  ADD KEY `originalBID` (`originalBID`);

--
-- Indexen voor tabel `Blocks`
--
ALTER TABLE `Blocks`
  ADD PRIMARY KEY (`bID`),
  ADD KEY `btID` (`btID`),
  ADD KEY `uID` (`uID`);

--
-- Indexen voor tabel `BlockTypePermissionBlockTypeAccessList`
--
ALTER TABLE `BlockTypePermissionBlockTypeAccessList`
  ADD PRIMARY KEY (`paID`,`peID`),
  ADD KEY `peID` (`peID`);

--
-- Indexen voor tabel `BlockTypePermissionBlockTypeAccessListCustom`
--
ALTER TABLE `BlockTypePermissionBlockTypeAccessListCustom`
  ADD PRIMARY KEY (`paID`,`peID`,`btID`),
  ADD KEY `peID` (`peID`),
  ADD KEY `btID` (`btID`);

--
-- Indexen voor tabel `BlockTypes`
--
ALTER TABLE `BlockTypes`
  ADD PRIMARY KEY (`btID`),
  ADD UNIQUE KEY `btHandle` (`btHandle`),
  ADD KEY `btDisplayOrder` (`btDisplayOrder`,`btName`,`btID`),
  ADD KEY `pkgID` (`pkgID`);

--
-- Indexen voor tabel `BlockTypeSetBlockTypes`
--
ALTER TABLE `BlockTypeSetBlockTypes`
  ADD PRIMARY KEY (`btID`,`btsID`),
  ADD KEY `btsID` (`btsID`,`displayOrder`);

--
-- Indexen voor tabel `BlockTypeSets`
--
ALTER TABLE `BlockTypeSets`
  ADD PRIMARY KEY (`btsID`),
  ADD UNIQUE KEY `btsHandle` (`btsHandle`),
  ADD KEY `btsDisplayOrder` (`btsDisplayOrder`),
  ADD KEY `pkgID` (`pkgID`);

--
-- Indexen voor tabel `btContentFile`
--
ALTER TABLE `btContentFile`
  ADD PRIMARY KEY (`bID`),
  ADD KEY `fID` (`fID`);

--
-- Indexen voor tabel `btContentImage`
--
ALTER TABLE `btContentImage`
  ADD PRIMARY KEY (`bID`),
  ADD KEY `fID` (`fID`);

--
-- Indexen voor tabel `btContentLocal`
--
ALTER TABLE `btContentLocal`
  ADD PRIMARY KEY (`bID`);

--
-- Indexen voor tabel `btCoreAreaLayout`
--
ALTER TABLE `btCoreAreaLayout`
  ADD PRIMARY KEY (`bID`),
  ADD KEY `arLayoutID` (`arLayoutID`);

--
-- Indexen voor tabel `btCoreConversation`
--
ALTER TABLE `btCoreConversation`
  ADD PRIMARY KEY (`bID`),
  ADD KEY `cnvID` (`cnvID`);

--
-- Indexen voor tabel `btCorePageTypeComposerControlOutput`
--
ALTER TABLE `btCorePageTypeComposerControlOutput`
  ADD PRIMARY KEY (`bID`),
  ADD KEY `ptComposerOutputControlID` (`ptComposerOutputControlID`);

--
-- Indexen voor tabel `btCoreScrapbookDisplay`
--
ALTER TABLE `btCoreScrapbookDisplay`
  ADD PRIMARY KEY (`bID`),
  ADD KEY `bOriginalID` (`bOriginalID`);

--
-- Indexen voor tabel `btCoreStackDisplay`
--
ALTER TABLE `btCoreStackDisplay`
  ADD PRIMARY KEY (`bID`),
  ADD KEY `stID` (`stID`);

--
-- Indexen voor tabel `btDashboardNewsflowLatest`
--
ALTER TABLE `btDashboardNewsflowLatest`
  ADD PRIMARY KEY (`bID`);

--
-- Indexen voor tabel `btDateNavigation`
--
ALTER TABLE `btDateNavigation`
  ADD PRIMARY KEY (`bID`);

--
-- Indexen voor tabel `btExternalForm`
--
ALTER TABLE `btExternalForm`
  ADD PRIMARY KEY (`bID`);

--
-- Indexen voor tabel `btFaq`
--
ALTER TABLE `btFaq`
  ADD PRIMARY KEY (`bID`);

--
-- Indexen voor tabel `btFaqEntries`
--
ALTER TABLE `btFaqEntries`
  ADD PRIMARY KEY (`id`),
  ADD KEY `bID` (`bID`,`sortOrder`);

--
-- Indexen voor tabel `btFeature`
--
ALTER TABLE `btFeature`
  ADD PRIMARY KEY (`bID`);

--
-- Indexen voor tabel `btForm`
--
ALTER TABLE `btForm`
  ADD PRIMARY KEY (`bID`),
  ADD KEY `questionSetIdForeign` (`questionSetId`);

--
-- Indexen voor tabel `btFormAnswers`
--
ALTER TABLE `btFormAnswers`
  ADD PRIMARY KEY (`aID`),
  ADD KEY `asID` (`asID`),
  ADD KEY `msqID` (`msqID`);

--
-- Indexen voor tabel `btFormAnswerSet`
--
ALTER TABLE `btFormAnswerSet`
  ADD PRIMARY KEY (`asID`),
  ADD KEY `questionSetId` (`questionSetId`),
  ADD KEY `uID` (`uID`);

--
-- Indexen voor tabel `btFormQuestions`
--
ALTER TABLE `btFormQuestions`
  ADD PRIMARY KEY (`qID`),
  ADD KEY `questionSetId` (`questionSetId`),
  ADD KEY `msqID` (`msqID`),
  ADD KEY `bID` (`bID`,`questionSetId`);

--
-- Indexen voor tabel `btGoogleMap`
--
ALTER TABLE `btGoogleMap`
  ADD PRIMARY KEY (`bID`);

--
-- Indexen voor tabel `btImageSlider`
--
ALTER TABLE `btImageSlider`
  ADD PRIMARY KEY (`bID`);

--
-- Indexen voor tabel `btImageSliderEntries`
--
ALTER TABLE `btImageSliderEntries`
  ADD PRIMARY KEY (`id`);

--
-- Indexen voor tabel `btNavigation`
--
ALTER TABLE `btNavigation`
  ADD PRIMARY KEY (`bID`);

--
-- Indexen voor tabel `btNextPrevious`
--
ALTER TABLE `btNextPrevious`
  ADD PRIMARY KEY (`bID`);

--
-- Indexen voor tabel `btPageAttributeDisplay`
--
ALTER TABLE `btPageAttributeDisplay`
  ADD PRIMARY KEY (`bID`);

--
-- Indexen voor tabel `btPageList`
--
ALTER TABLE `btPageList`
  ADD PRIMARY KEY (`bID`),
  ADD KEY `ptID` (`ptID`);

--
-- Indexen voor tabel `btPageTitle`
--
ALTER TABLE `btPageTitle`
  ADD PRIMARY KEY (`bID`);

--
-- Indexen voor tabel `btRssDisplay`
--
ALTER TABLE `btRssDisplay`
  ADD PRIMARY KEY (`bID`);

--
-- Indexen voor tabel `btSearch`
--
ALTER TABLE `btSearch`
  ADD PRIMARY KEY (`bID`);

--
-- Indexen voor tabel `btShareThisPage`
--
ALTER TABLE `btShareThisPage`
  ADD PRIMARY KEY (`btShareThisPageID`);

--
-- Indexen voor tabel `btSocialLinks`
--
ALTER TABLE `btSocialLinks`
  ADD PRIMARY KEY (`btSocialLinkID`),
  ADD KEY `bID` (`bID`,`displayOrder`),
  ADD KEY `slID` (`slID`);

--
-- Indexen voor tabel `btSurvey`
--
ALTER TABLE `btSurvey`
  ADD PRIMARY KEY (`bID`);

--
-- Indexen voor tabel `btSurveyOptions`
--
ALTER TABLE `btSurveyOptions`
  ADD PRIMARY KEY (`optionID`),
  ADD KEY `bID` (`bID`,`displayOrder`);

--
-- Indexen voor tabel `btSurveyResults`
--
ALTER TABLE `btSurveyResults`
  ADD PRIMARY KEY (`resultID`),
  ADD KEY `optionID` (`optionID`),
  ADD KEY `cID` (`cID`,`optionID`,`bID`),
  ADD KEY `bID` (`bID`,`cID`,`uID`),
  ADD KEY `uID` (`uID`);

--
-- Indexen voor tabel `btSwitchLanguage`
--
ALTER TABLE `btSwitchLanguage`
  ADD PRIMARY KEY (`bID`);

--
-- Indexen voor tabel `btTags`
--
ALTER TABLE `btTags`
  ADD PRIMARY KEY (`bID`);

--
-- Indexen voor tabel `btTestimonial`
--
ALTER TABLE `btTestimonial`
  ADD PRIMARY KEY (`bID`);

--
-- Indexen voor tabel `btTopicList`
--
ALTER TABLE `btTopicList`
  ADD PRIMARY KEY (`bID`);

--
-- Indexen voor tabel `btVideo`
--
ALTER TABLE `btVideo`
  ADD PRIMARY KEY (`bID`);

--
-- Indexen voor tabel `btYouTube`
--
ALTER TABLE `btYouTube`
  ADD PRIMARY KEY (`bID`);

--
-- Indexen voor tabel `CollectionAttributeValues`
--
ALTER TABLE `CollectionAttributeValues`
  ADD PRIMARY KEY (`cID`,`cvID`,`akID`),
  ADD KEY `akID` (`akID`),
  ADD KEY `avID` (`avID`);

--
-- Indexen voor tabel `Collections`
--
ALTER TABLE `Collections`
  ADD PRIMARY KEY (`cID`),
  ADD KEY `cIDDateModified` (`cID`,`cDateModified`),
  ADD KEY `cDateModified` (`cDateModified`),
  ADD KEY `cDateAdded` (`cDateAdded`);

--
-- Indexen voor tabel `CollectionSearchIndexAttributes`
--
ALTER TABLE `CollectionSearchIndexAttributes`
  ADD PRIMARY KEY (`cID`);

--
-- Indexen voor tabel `CollectionVersionAreaStyles`
--
ALTER TABLE `CollectionVersionAreaStyles`
  ADD PRIMARY KEY (`cID`,`cvID`,`arHandle`),
  ADD KEY `issID` (`issID`);

--
-- Indexen voor tabel `CollectionVersionBlocks`
--
ALTER TABLE `CollectionVersionBlocks`
  ADD PRIMARY KEY (`cID`,`cvID`,`bID`,`arHandle`),
  ADD KEY `bID` (`bID`,`cID`);

--
-- Indexen voor tabel `CollectionVersionBlocksCacheSettings`
--
ALTER TABLE `CollectionVersionBlocksCacheSettings`
  ADD PRIMARY KEY (`cID`,`cvID`,`bID`,`arHandle`),
  ADD KEY `bID` (`bID`,`cID`,`cvID`,`arHandle`);

--
-- Indexen voor tabel `CollectionVersionBlocksOutputCache`
--
ALTER TABLE `CollectionVersionBlocksOutputCache`
  ADD PRIMARY KEY (`cID`,`cvID`,`bID`,`arHandle`),
  ADD KEY `bID` (`bID`,`cID`,`cvID`,`arHandle`);

--
-- Indexen voor tabel `CollectionVersionBlockStyles`
--
ALTER TABLE `CollectionVersionBlockStyles`
  ADD PRIMARY KEY (`cID`,`cvID`,`bID`,`arHandle`),
  ADD KEY `bID` (`bID`,`issID`),
  ADD KEY `issID` (`issID`);

--
-- Indexen voor tabel `CollectionVersionFeatureAssignments`
--
ALTER TABLE `CollectionVersionFeatureAssignments`
  ADD PRIMARY KEY (`cID`,`cvID`,`faID`),
  ADD KEY `faID` (`faID`);

--
-- Indexen voor tabel `CollectionVersionRelatedEdits`
--
ALTER TABLE `CollectionVersionRelatedEdits`
  ADD PRIMARY KEY (`cID`,`cvID`,`cRelationID`,`cvRelationID`);

--
-- Indexen voor tabel `CollectionVersions`
--
ALTER TABLE `CollectionVersions`
  ADD PRIMARY KEY (`cID`,`cvID`),
  ADD KEY `cvIsApproved` (`cvIsApproved`),
  ADD KEY `cvAuthorUID` (`cvAuthorUID`),
  ADD KEY `cvApproverUID` (`cvApproverUID`),
  ADD KEY `pThemeID` (`pThemeID`),
  ADD KEY `pTemplateID` (`pTemplateID`);

--
-- Indexen voor tabel `CollectionVersionThemeCustomStyles`
--
ALTER TABLE `CollectionVersionThemeCustomStyles`
  ADD PRIMARY KEY (`cID`,`cvID`,`pThemeID`),
  ADD KEY `pThemeID` (`pThemeID`),
  ADD KEY `scvlID` (`scvlID`),
  ADD KEY `sccRecordID` (`sccRecordID`);

--
-- Indexen voor tabel `Config`
--
ALTER TABLE `Config`
  ADD PRIMARY KEY (`configNamespace`,`configGroup`,`configItem`),
  ADD KEY `configGroup` (`configGroup`);

--
-- Indexen voor tabel `ConfigStore`
--
ALTER TABLE `ConfigStore`
  ADD PRIMARY KEY (`cfKey`,`uID`),
  ADD KEY `uID` (`uID`,`cfKey`),
  ADD KEY `pkgID` (`pkgID`,`cfKey`);

--
-- Indexen voor tabel `ConversationDiscussions`
--
ALTER TABLE `ConversationDiscussions`
  ADD PRIMARY KEY (`cnvDiscussionID`),
  ADD KEY `cID` (`cID`);

--
-- Indexen voor tabel `ConversationEditors`
--
ALTER TABLE `ConversationEditors`
  ADD PRIMARY KEY (`cnvEditorID`),
  ADD KEY `pkgID` (`pkgID`,`cnvEditorHandle`);

--
-- Indexen voor tabel `ConversationFeatureDetailAssignments`
--
ALTER TABLE `ConversationFeatureDetailAssignments`
  ADD PRIMARY KEY (`faID`),
  ADD KEY `cnvID` (`cnvID`);

--
-- Indexen voor tabel `ConversationFlaggedMessages`
--
ALTER TABLE `ConversationFlaggedMessages`
  ADD PRIMARY KEY (`cnvMessageID`),
  ADD KEY `cnvMessageFlagTypeID` (`cnvMessageFlagTypeID`);

--
-- Indexen voor tabel `ConversationFlaggedMessageTypes`
--
ALTER TABLE `ConversationFlaggedMessageTypes`
  ADD PRIMARY KEY (`cnvMessageFlagTypeID`),
  ADD UNIQUE KEY `cnvMessageFlagTypeHandle` (`cnvMessageFlagTypeHandle`);

--
-- Indexen voor tabel `ConversationMessageAttachments`
--
ALTER TABLE `ConversationMessageAttachments`
  ADD PRIMARY KEY (`cnvMessageAttachmentID`),
  ADD KEY `cnvMessageID` (`cnvMessageID`),
  ADD KEY `fID` (`fID`);

--
-- Indexen voor tabel `ConversationMessageRatings`
--
ALTER TABLE `ConversationMessageRatings`
  ADD PRIMARY KEY (`cnvMessageRatingID`),
  ADD KEY `cnvMessageID` (`cnvMessageID`,`cnvRatingTypeID`),
  ADD KEY `cnvRatingTypeID` (`cnvRatingTypeID`),
  ADD KEY `uID` (`uID`);

--
-- Indexen voor tabel `ConversationMessages`
--
ALTER TABLE `ConversationMessages`
  ADD PRIMARY KEY (`cnvMessageID`),
  ADD KEY `cnvID` (`cnvID`),
  ADD KEY `cnvMessageParentID` (`cnvMessageParentID`),
  ADD KEY `uID` (`uID`);

--
-- Indexen voor tabel `ConversationPermissionAddMessageAccessList`
--
ALTER TABLE `ConversationPermissionAddMessageAccessList`
  ADD PRIMARY KEY (`paID`,`peID`),
  ADD KEY `peID` (`peID`);

--
-- Indexen voor tabel `ConversationPermissionAssignments`
--
ALTER TABLE `ConversationPermissionAssignments`
  ADD PRIMARY KEY (`cnvID`,`pkID`,`paID`),
  ADD KEY `paID` (`paID`),
  ADD KEY `pkID` (`pkID`);

--
-- Indexen voor tabel `ConversationRatingTypes`
--
ALTER TABLE `ConversationRatingTypes`
  ADD PRIMARY KEY (`cnvRatingTypeID`),
  ADD UNIQUE KEY `cnvRatingTypeHandle` (`cnvRatingTypeHandle`),
  ADD KEY `pkgID` (`pkgID`,`cnvRatingTypeHandle`);

--
-- Indexen voor tabel `Conversations`
--
ALTER TABLE `Conversations`
  ADD PRIMARY KEY (`cnvID`),
  ADD KEY `cID` (`cID`),
  ADD KEY `cnvParentMessageID` (`cnvParentMessageID`);

--
-- Indexen voor tabel `ConversationSubscriptions`
--
ALTER TABLE `ConversationSubscriptions`
  ADD PRIMARY KEY (`cnvID`,`uID`),
  ADD KEY `cnvID` (`cnvID`),
  ADD KEY `uID` (`uID`);

--
-- Indexen voor tabel `DownloadStatistics`
--
ALTER TABLE `DownloadStatistics`
  ADD PRIMARY KEY (`dsID`),
  ADD KEY `fID` (`fID`,`timestamp`),
  ADD KEY `fvID` (`fID`,`fvID`),
  ADD KEY `uID` (`uID`),
  ADD KEY `rcID` (`rcID`),
  ADD KEY `timestamp` (`timestamp`);

--
-- Indexen voor tabel `FeatureAssignments`
--
ALTER TABLE `FeatureAssignments`
  ADD PRIMARY KEY (`faID`),
  ADD KEY `feID` (`feID`),
  ADD KEY `fcID` (`fcID`);

--
-- Indexen voor tabel `FeatureCategories`
--
ALTER TABLE `FeatureCategories`
  ADD PRIMARY KEY (`fcID`),
  ADD UNIQUE KEY `fcHandle` (`fcHandle`),
  ADD KEY `pkgID` (`pkgID`,`fcID`);

--
-- Indexen voor tabel `Features`
--
ALTER TABLE `Features`
  ADD PRIMARY KEY (`feID`),
  ADD UNIQUE KEY `feHandle` (`feHandle`),
  ADD KEY `pkgID` (`pkgID`,`feID`);

--
-- Indexen voor tabel `FileAttributeValues`
--
ALTER TABLE `FileAttributeValues`
  ADD PRIMARY KEY (`fID`,`fvID`,`akID`),
  ADD KEY `akID` (`akID`),
  ADD KEY `avID` (`avID`);

--
-- Indexen voor tabel `FileImageThumbnailPaths`
--
ALTER TABLE `FileImageThumbnailPaths`
  ADD UNIQUE KEY `thumbnailPathID` (`fileID`,`fileVersionID`,`thumbnailTypeHandle`,`storageLocationID`);

--
-- Indexen voor tabel `FileImageThumbnailTypes`
--
ALTER TABLE `FileImageThumbnailTypes`
  ADD PRIMARY KEY (`ftTypeID`);

--
-- Indexen voor tabel `FilePermissionAssignments`
--
ALTER TABLE `FilePermissionAssignments`
  ADD PRIMARY KEY (`fID`,`pkID`,`paID`),
  ADD KEY `pkID` (`pkID`),
  ADD KEY `paID` (`paID`);

--
-- Indexen voor tabel `FilePermissionFileTypes`
--
ALTER TABLE `FilePermissionFileTypes`
  ADD PRIMARY KEY (`fsID`,`gID`,`uID`,`extension`),
  ADD KEY `gID` (`gID`),
  ADD KEY `uID` (`uID`);

--
-- Indexen voor tabel `Files`
--
ALTER TABLE `Files`
  ADD PRIMARY KEY (`fID`,`uID`,`fslID`),
  ADD KEY `uID` (`uID`),
  ADD KEY `fslID` (`fslID`),
  ADD KEY `ocID` (`ocID`),
  ADD KEY `fOverrideSetPermissions` (`fOverrideSetPermissions`);

--
-- Indexen voor tabel `FileSearchIndexAttributes`
--
ALTER TABLE `FileSearchIndexAttributes`
  ADD PRIMARY KEY (`fID`);

--
-- Indexen voor tabel `FileSetFiles`
--
ALTER TABLE `FileSetFiles`
  ADD PRIMARY KEY (`fsfID`),
  ADD KEY `fID` (`fID`),
  ADD KEY `fsID` (`fsID`);

--
-- Indexen voor tabel `FileSetPermissionAssignments`
--
ALTER TABLE `FileSetPermissionAssignments`
  ADD PRIMARY KEY (`fsID`,`pkID`,`paID`),
  ADD KEY `paID` (`paID`),
  ADD KEY `pkID` (`pkID`);

--
-- Indexen voor tabel `FileSetPermissionFileTypeAccessList`
--
ALTER TABLE `FileSetPermissionFileTypeAccessList`
  ADD PRIMARY KEY (`paID`,`peID`),
  ADD KEY `peID` (`peID`);

--
-- Indexen voor tabel `FileSetPermissionFileTypeAccessListCustom`
--
ALTER TABLE `FileSetPermissionFileTypeAccessListCustom`
  ADD PRIMARY KEY (`paID`,`peID`,`extension`),
  ADD KEY `peID` (`peID`);

--
-- Indexen voor tabel `FileSets`
--
ALTER TABLE `FileSets`
  ADD PRIMARY KEY (`fsID`),
  ADD KEY `uID` (`uID`,`fsType`,`fsName`),
  ADD KEY `fsName` (`fsName`),
  ADD KEY `fsType` (`fsType`);

--
-- Indexen voor tabel `FileSetSavedSearches`
--
ALTER TABLE `FileSetSavedSearches`
  ADD PRIMARY KEY (`fsID`);

--
-- Indexen voor tabel `FileStorageLocations`
--
ALTER TABLE `FileStorageLocations`
  ADD PRIMARY KEY (`fslID`);

--
-- Indexen voor tabel `FileStorageLocationTypes`
--
ALTER TABLE `FileStorageLocationTypes`
  ADD PRIMARY KEY (`fslTypeID`),
  ADD UNIQUE KEY `fslTypeHandle` (`fslTypeHandle`),
  ADD KEY `pkgID` (`pkgID`);

--
-- Indexen voor tabel `FileVersionLog`
--
ALTER TABLE `FileVersionLog`
  ADD PRIMARY KEY (`fvlID`),
  ADD KEY `fvID` (`fID`,`fvID`,`fvlID`);

--
-- Indexen voor tabel `FileVersions`
--
ALTER TABLE `FileVersions`
  ADD PRIMARY KEY (`fID`,`fvID`),
  ADD KEY `fvExtension` (`fvExtension`),
  ADD KEY `fvType` (`fvType`),
  ADD KEY `fvFilename` (`fvFilename`);

--
-- Indexen voor tabel `gaPage`
--
ALTER TABLE `gaPage`
  ADD PRIMARY KEY (`gaiID`),
  ADD KEY `cID` (`cID`);

--
-- Indexen voor tabel `GatheringConfiguredDataSources`
--
ALTER TABLE `GatheringConfiguredDataSources`
  ADD PRIMARY KEY (`gcsID`),
  ADD KEY `gaID` (`gaID`),
  ADD KEY `gasID` (`gasID`);

--
-- Indexen voor tabel `GatheringDataSources`
--
ALTER TABLE `GatheringDataSources`
  ADD PRIMARY KEY (`gasID`),
  ADD UNIQUE KEY `gasHandle` (`gasHandle`),
  ADD KEY `pkgID` (`pkgID`);

--
-- Indexen voor tabel `GatheringItemFeatureAssignments`
--
ALTER TABLE `GatheringItemFeatureAssignments`
  ADD PRIMARY KEY (`gafaID`),
  ADD KEY `gaiID` (`gaiID`,`faID`),
  ADD KEY `faID` (`faID`);

--
-- Indexen voor tabel `GatheringItems`
--
ALTER TABLE `GatheringItems`
  ADD PRIMARY KEY (`gaiID`),
  ADD UNIQUE KEY `gaiUniqueKey` (`gaiKey`,`gasID`,`gaID`),
  ADD KEY `gaID` (`gaID`,`gaiBatchTimestamp`),
  ADD KEY `gasID` (`gasID`);

--
-- Indexen voor tabel `GatheringItemSelectedTemplates`
--
ALTER TABLE `GatheringItemSelectedTemplates`
  ADD PRIMARY KEY (`gaiID`,`gatID`),
  ADD UNIQUE KEY `gatUniqueKey` (`gaiID`,`gatTypeID`),
  ADD KEY `gatTypeID` (`gatTypeID`),
  ADD KEY `gatID` (`gatID`);

--
-- Indexen voor tabel `GatheringItemTemplateFeatures`
--
ALTER TABLE `GatheringItemTemplateFeatures`
  ADD PRIMARY KEY (`gfeID`),
  ADD KEY `gatID` (`gatID`),
  ADD KEY `feID` (`feID`,`gatID`);

--
-- Indexen voor tabel `GatheringItemTemplates`
--
ALTER TABLE `GatheringItemTemplates`
  ADD PRIMARY KEY (`gatID`),
  ADD UNIQUE KEY `gatHandle` (`gatHandle`,`gatTypeID`),
  ADD KEY `gatTypeID` (`gatTypeID`),
  ADD KEY `pkgID` (`pkgID`);

--
-- Indexen voor tabel `GatheringItemTemplateTypes`
--
ALTER TABLE `GatheringItemTemplateTypes`
  ADD PRIMARY KEY (`gatTypeID`),
  ADD UNIQUE KEY `gatTypeHandle` (`gatTypeHandle`),
  ADD KEY `pkgID` (`pkgID`);

--
-- Indexen voor tabel `GatheringPermissionAssignments`
--
ALTER TABLE `GatheringPermissionAssignments`
  ADD PRIMARY KEY (`gaID`,`pkID`,`paID`),
  ADD KEY `pkID` (`pkID`),
  ADD KEY `paID` (`paID`);

--
-- Indexen voor tabel `Gatherings`
--
ALTER TABLE `Gatherings`
  ADD PRIMARY KEY (`gaID`),
  ADD KEY `gaDateLastUpdated` (`gaDateLastUpdated`);

--
-- Indexen voor tabel `Groups`
--
ALTER TABLE `Groups`
  ADD PRIMARY KEY (`gID`),
  ADD KEY `gName` (`gName`),
  ADD KEY `gBadgeFID` (`gBadgeFID`),
  ADD KEY `pkgID` (`pkgID`),
  ADD KEY `gPath` (`gPath`(255));

--
-- Indexen voor tabel `GroupSetGroups`
--
ALTER TABLE `GroupSetGroups`
  ADD PRIMARY KEY (`gID`,`gsID`),
  ADD KEY `gsID` (`gsID`);

--
-- Indexen voor tabel `GroupSets`
--
ALTER TABLE `GroupSets`
  ADD PRIMARY KEY (`gsID`),
  ADD KEY `gsName` (`gsName`),
  ADD KEY `pkgID` (`pkgID`,`gsID`);

--
-- Indexen voor tabel `Jobs`
--
ALTER TABLE `Jobs`
  ADD PRIMARY KEY (`jID`),
  ADD UNIQUE KEY `jHandle` (`jHandle`),
  ADD KEY `pkgID` (`pkgID`),
  ADD KEY `isScheduled` (`isScheduled`,`jDateLastRun`,`jID`),
  ADD KEY `jDateLastRun` (`jDateLastRun`,`jID`);

--
-- Indexen voor tabel `JobSetJobs`
--
ALTER TABLE `JobSetJobs`
  ADD PRIMARY KEY (`jsID`,`jID`),
  ADD KEY `jID` (`jID`);

--
-- Indexen voor tabel `JobSets`
--
ALTER TABLE `JobSets`
  ADD PRIMARY KEY (`jsID`),
  ADD KEY `pkgID` (`pkgID`),
  ADD KEY `jsName` (`jsName`);

--
-- Indexen voor tabel `JobsLog`
--
ALTER TABLE `JobsLog`
  ADD PRIMARY KEY (`jlID`),
  ADD KEY `jID` (`jID`);

--
-- Indexen voor tabel `Logs`
--
ALTER TABLE `Logs`
  ADD PRIMARY KEY (`logID`),
  ADD KEY `channel` (`channel`),
  ADD KEY `uID` (`uID`);

--
-- Indexen voor tabel `MailImporters`
--
ALTER TABLE `MailImporters`
  ADD PRIMARY KEY (`miID`),
  ADD UNIQUE KEY `miHandle` (`miHandle`),
  ADD KEY `pkgID` (`pkgID`,`miID`);

--
-- Indexen voor tabel `MailValidationHashes`
--
ALTER TABLE `MailValidationHashes`
  ADD PRIMARY KEY (`mvhID`),
  ADD UNIQUE KEY `mHash` (`mHash`),
  ADD KEY `miID` (`miID`);

--
-- Indexen voor tabel `MultilingualPageRelations`
--
ALTER TABLE `MultilingualPageRelations`
  ADD PRIMARY KEY (`mpRelationID`,`cID`,`mpLocale`);

--
-- Indexen voor tabel `MultilingualSections`
--
ALTER TABLE `MultilingualSections`
  ADD PRIMARY KEY (`cID`);

--
-- Indexen voor tabel `MultilingualTranslations`
--
ALTER TABLE `MultilingualTranslations`
  ADD PRIMARY KEY (`mtID`);

--
-- Indexen voor tabel `OauthUserMap`
--
ALTER TABLE `OauthUserMap`
  ADD PRIMARY KEY (`user_id`,`namespace`),
  ADD UNIQUE KEY `oauth_binding` (`binding`,`namespace`);

--
-- Indexen voor tabel `Packages`
--
ALTER TABLE `Packages`
  ADD PRIMARY KEY (`pkgID`),
  ADD UNIQUE KEY `pkgHandle` (`pkgHandle`);

--
-- Indexen voor tabel `PageFeeds`
--
ALTER TABLE `PageFeeds`
  ADD PRIMARY KEY (`pfID`),
  ADD UNIQUE KEY `pfHandle` (`pfHandle`);

--
-- Indexen voor tabel `PagePaths`
--
ALTER TABLE `PagePaths`
  ADD PRIMARY KEY (`ppID`),
  ADD KEY `cID` (`cID`),
  ADD KEY `ppIsCanonical` (`ppIsCanonical`),
  ADD KEY `cPath` (`cPath`(255));

--
-- Indexen voor tabel `PagePermissionAssignments`
--
ALTER TABLE `PagePermissionAssignments`
  ADD PRIMARY KEY (`cID`,`pkID`,`paID`),
  ADD KEY `paID` (`paID`,`pkID`),
  ADD KEY `pkID` (`pkID`);

--
-- Indexen voor tabel `PagePermissionPageTypeAccessList`
--
ALTER TABLE `PagePermissionPageTypeAccessList`
  ADD PRIMARY KEY (`paID`,`peID`),
  ADD KEY `peID` (`peID`);

--
-- Indexen voor tabel `PagePermissionPageTypeAccessListCustom`
--
ALTER TABLE `PagePermissionPageTypeAccessListCustom`
  ADD PRIMARY KEY (`paID`,`peID`,`ptID`),
  ADD KEY `peID` (`peID`),
  ADD KEY `ptID` (`ptID`);

--
-- Indexen voor tabel `PagePermissionPropertyAccessList`
--
ALTER TABLE `PagePermissionPropertyAccessList`
  ADD PRIMARY KEY (`paID`,`peID`),
  ADD KEY `peID` (`peID`),
  ADD KEY `uID` (`uID`);

--
-- Indexen voor tabel `PagePermissionPropertyAttributeAccessListCustom`
--
ALTER TABLE `PagePermissionPropertyAttributeAccessListCustom`
  ADD PRIMARY KEY (`paID`,`peID`,`akID`),
  ADD KEY `peID` (`peID`),
  ADD KEY `akID` (`akID`);

--
-- Indexen voor tabel `PagePermissionThemeAccessList`
--
ALTER TABLE `PagePermissionThemeAccessList`
  ADD PRIMARY KEY (`paID`,`peID`),
  ADD KEY `peID` (`peID`);

--
-- Indexen voor tabel `PagePermissionThemeAccessListCustom`
--
ALTER TABLE `PagePermissionThemeAccessListCustom`
  ADD PRIMARY KEY (`paID`,`peID`,`pThemeID`),
  ADD KEY `peID` (`peID`),
  ADD KEY `pThemeID` (`pThemeID`);

--
-- Indexen voor tabel `Pages`
--
ALTER TABLE `Pages`
  ADD PRIMARY KEY (`cID`,`ptID`),
  ADD KEY `cParentID` (`cParentID`),
  ADD KEY `cIsActive` (`cID`,`cIsActive`),
  ADD KEY `cCheckedOutUID` (`cCheckedOutUID`),
  ADD KEY `uID` (`uID`,`cPointerID`),
  ADD KEY `cPointerID` (`cPointerID`,`cDisplayOrder`),
  ADD KEY `cIsTemplate` (`cID`,`cIsTemplate`),
  ADD KEY `cIsSystemPage` (`cID`,`cIsSystemPage`),
  ADD KEY `pkgID` (`pkgID`),
  ADD KEY `cParentMaxDisplay` (`cParentID`,`cDisplayOrder`);

--
-- Indexen voor tabel `PageSearchIndex`
--
ALTER TABLE `PageSearchIndex`
  ADD PRIMARY KEY (`cID`),
  ADD KEY `cDateLastIndexed` (`cDateLastIndexed`),
  ADD KEY `cDateLastSitemapped` (`cDateLastSitemapped`),
  ADD KEY `cRequiresReindex` (`cRequiresReindex`);
ALTER TABLE `PageSearchIndex` ADD FULLTEXT KEY `cName` (`cName`);
ALTER TABLE `PageSearchIndex` ADD FULLTEXT KEY `cDescription` (`cDescription`);
ALTER TABLE `PageSearchIndex` ADD FULLTEXT KEY `content` (`content`);
ALTER TABLE `PageSearchIndex` ADD FULLTEXT KEY `content2` (`cName`,`cDescription`,`content`);

--
-- Indexen voor tabel `PageTemplates`
--
ALTER TABLE `PageTemplates`
  ADD PRIMARY KEY (`pTemplateID`),
  ADD UNIQUE KEY `pTemplateHandle` (`pTemplateHandle`),
  ADD KEY `pkgID` (`pkgID`);

--
-- Indexen voor tabel `PageThemeCustomStyles`
--
ALTER TABLE `PageThemeCustomStyles`
  ADD PRIMARY KEY (`pThemeID`),
  ADD KEY `scvlID` (`scvlID`),
  ADD KEY `sccRecordID` (`sccRecordID`);

--
-- Indexen voor tabel `PageThemes`
--
ALTER TABLE `PageThemes`
  ADD PRIMARY KEY (`pThemeID`),
  ADD UNIQUE KEY `ptHandle` (`pThemeHandle`),
  ADD KEY `pkgID` (`pkgID`);

--
-- Indexen voor tabel `PageTypeComposerControlTypes`
--
ALTER TABLE `PageTypeComposerControlTypes`
  ADD PRIMARY KEY (`ptComposerControlTypeID`),
  ADD UNIQUE KEY `ptComposerControlTypeHandle` (`ptComposerControlTypeHandle`),
  ADD KEY `pkgID` (`pkgID`);

--
-- Indexen voor tabel `PageTypeComposerFormLayoutSetControls`
--
ALTER TABLE `PageTypeComposerFormLayoutSetControls`
  ADD PRIMARY KEY (`ptComposerFormLayoutSetControlID`),
  ADD KEY `ptComposerControlTypeID` (`ptComposerControlTypeID`);

--
-- Indexen voor tabel `PageTypeComposerFormLayoutSets`
--
ALTER TABLE `PageTypeComposerFormLayoutSets`
  ADD PRIMARY KEY (`ptComposerFormLayoutSetID`),
  ADD KEY `ptID` (`ptID`);

--
-- Indexen voor tabel `PageTypeComposerOutputBlocks`
--
ALTER TABLE `PageTypeComposerOutputBlocks`
  ADD PRIMARY KEY (`ptComposerOutputBlockID`),
  ADD KEY `cID` (`cID`),
  ADD KEY `bID` (`bID`,`cID`),
  ADD KEY `ptComposerFormLayoutSetControlID` (`ptComposerFormLayoutSetControlID`);

--
-- Indexen voor tabel `PageTypeComposerOutputControls`
--
ALTER TABLE `PageTypeComposerOutputControls`
  ADD PRIMARY KEY (`ptComposerOutputControlID`),
  ADD KEY `pTemplateID` (`pTemplateID`,`ptComposerFormLayoutSetControlID`),
  ADD KEY `ptID` (`ptID`),
  ADD KEY `ptComposerFormLayoutSetControlID` (`ptComposerFormLayoutSetControlID`);

--
-- Indexen voor tabel `PageTypePageTemplateDefaultPages`
--
ALTER TABLE `PageTypePageTemplateDefaultPages`
  ADD PRIMARY KEY (`pTemplateID`,`ptID`),
  ADD KEY `ptID` (`ptID`),
  ADD KEY `cID` (`cID`);

--
-- Indexen voor tabel `PageTypePageTemplates`
--
ALTER TABLE `PageTypePageTemplates`
  ADD PRIMARY KEY (`ptID`,`pTemplateID`),
  ADD KEY `pTemplateID` (`pTemplateID`);

--
-- Indexen voor tabel `PageTypePermissionAssignments`
--
ALTER TABLE `PageTypePermissionAssignments`
  ADD PRIMARY KEY (`ptID`,`pkID`,`paID`),
  ADD KEY `pkID` (`pkID`),
  ADD KEY `ptID` (`ptID`);

--
-- Indexen voor tabel `PageTypePublishTargetTypes`
--
ALTER TABLE `PageTypePublishTargetTypes`
  ADD PRIMARY KEY (`ptPublishTargetTypeID`),
  ADD KEY `ptPublishTargetTypeHandle` (`ptPublishTargetTypeHandle`),
  ADD KEY `pkgID` (`pkgID`);

--
-- Indexen voor tabel `PageTypes`
--
ALTER TABLE `PageTypes`
  ADD PRIMARY KEY (`ptID`),
  ADD UNIQUE KEY `ptHandle` (`ptHandle`),
  ADD KEY `pkgID` (`pkgID`,`ptID`);

--
-- Indexen voor tabel `PageWorkflowProgress`
--
ALTER TABLE `PageWorkflowProgress`
  ADD PRIMARY KEY (`cID`,`wpID`),
  ADD KEY `wpID` (`wpID`);

--
-- Indexen voor tabel `PermissionAccess`
--
ALTER TABLE `PermissionAccess`
  ADD PRIMARY KEY (`paID`);

--
-- Indexen voor tabel `PermissionAccessEntities`
--
ALTER TABLE `PermissionAccessEntities`
  ADD PRIMARY KEY (`peID`),
  ADD KEY `petID` (`petID`);

--
-- Indexen voor tabel `PermissionAccessEntityGroups`
--
ALTER TABLE `PermissionAccessEntityGroups`
  ADD PRIMARY KEY (`pegID`),
  ADD KEY `peID` (`peID`),
  ADD KEY `gID` (`gID`);

--
-- Indexen voor tabel `PermissionAccessEntityGroupSets`
--
ALTER TABLE `PermissionAccessEntityGroupSets`
  ADD PRIMARY KEY (`peID`,`gsID`),
  ADD KEY `gsID` (`gsID`);

--
-- Indexen voor tabel `PermissionAccessEntityTypeCategories`
--
ALTER TABLE `PermissionAccessEntityTypeCategories`
  ADD PRIMARY KEY (`petID`,`pkCategoryID`),
  ADD KEY `pkCategoryID` (`pkCategoryID`);

--
-- Indexen voor tabel `PermissionAccessEntityTypes`
--
ALTER TABLE `PermissionAccessEntityTypes`
  ADD PRIMARY KEY (`petID`),
  ADD UNIQUE KEY `petHandle` (`petHandle`),
  ADD KEY `pkgID` (`pkgID`);

--
-- Indexen voor tabel `PermissionAccessEntityUsers`
--
ALTER TABLE `PermissionAccessEntityUsers`
  ADD PRIMARY KEY (`peID`,`uID`),
  ADD KEY `uID` (`uID`);

--
-- Indexen voor tabel `PermissionAccessList`
--
ALTER TABLE `PermissionAccessList`
  ADD PRIMARY KEY (`paID`,`peID`),
  ADD KEY `accessType` (`accessType`),
  ADD KEY `peID` (`peID`),
  ADD KEY `peID_accessType` (`peID`,`accessType`),
  ADD KEY `pdID` (`pdID`),
  ADD KEY `permissionAccessDuration` (`paID`,`pdID`);

--
-- Indexen voor tabel `PermissionAccessWorkflows`
--
ALTER TABLE `PermissionAccessWorkflows`
  ADD PRIMARY KEY (`paID`,`wfID`),
  ADD KEY `wfID` (`wfID`);

--
-- Indexen voor tabel `PermissionAssignments`
--
ALTER TABLE `PermissionAssignments`
  ADD PRIMARY KEY (`paID`,`pkID`),
  ADD KEY `pkID` (`pkID`);

--
-- Indexen voor tabel `PermissionDurationObjects`
--
ALTER TABLE `PermissionDurationObjects`
  ADD PRIMARY KEY (`pdID`);

--
-- Indexen voor tabel `PermissionKeyCategories`
--
ALTER TABLE `PermissionKeyCategories`
  ADD PRIMARY KEY (`pkCategoryID`),
  ADD UNIQUE KEY `pkCategoryHandle` (`pkCategoryHandle`),
  ADD KEY `pkgID` (`pkgID`);

--
-- Indexen voor tabel `PermissionKeys`
--
ALTER TABLE `PermissionKeys`
  ADD PRIMARY KEY (`pkID`),
  ADD UNIQUE KEY `akHandle` (`pkHandle`),
  ADD KEY `pkCategoryID` (`pkCategoryID`),
  ADD KEY `pkgID` (`pkgID`);

--
-- Indexen voor tabel `PileContents`
--
ALTER TABLE `PileContents`
  ADD PRIMARY KEY (`pcID`),
  ADD KEY `pID` (`pID`,`displayOrder`),
  ADD KEY `itemID` (`itemID`),
  ADD KEY `itemType` (`itemType`,`itemID`,`pID`);

--
-- Indexen voor tabel `Piles`
--
ALTER TABLE `Piles`
  ADD PRIMARY KEY (`pID`),
  ADD KEY `uID` (`uID`,`name`);

--
-- Indexen voor tabel `QueueMessages`
--
ALTER TABLE `QueueMessages`
  ADD PRIMARY KEY (`message_id`),
  ADD UNIQUE KEY `message_handle` (`handle`),
  ADD KEY `message_queueid` (`queue_id`);

--
-- Indexen voor tabel `QueuePageDuplicationRelations`
--
ALTER TABLE `QueuePageDuplicationRelations`
  ADD PRIMARY KEY (`cID`,`originalCID`),
  ADD KEY `originalCID` (`originalCID`,`queue_name`);

--
-- Indexen voor tabel `Queues`
--
ALTER TABLE `Queues`
  ADD PRIMARY KEY (`queue_id`),
  ADD KEY `queue_name` (`queue_name`);

--
-- Indexen voor tabel `Sessions`
--
ALTER TABLE `Sessions`
  ADD PRIMARY KEY (`sessionID`);

--
-- Indexen voor tabel `SignupRequests`
--
ALTER TABLE `SignupRequests`
  ADD PRIMARY KEY (`id`),
  ADD KEY `ipFrom` (`ipFrom`(32));

--
-- Indexen voor tabel `SocialLinks`
--
ALTER TABLE `SocialLinks`
  ADD PRIMARY KEY (`slID`),
  ADD UNIQUE KEY `ssHandle` (`ssHandle`);

--
-- Indexen voor tabel `Stacks`
--
ALTER TABLE `Stacks`
  ADD PRIMARY KEY (`stID`),
  ADD KEY `stType` (`stType`),
  ADD KEY `stName` (`stName`),
  ADD KEY `cID` (`cID`);

--
-- Indexen voor tabel `StyleCustomizerCustomCssRecords`
--
ALTER TABLE `StyleCustomizerCustomCssRecords`
  ADD PRIMARY KEY (`sccRecordID`);

--
-- Indexen voor tabel `StyleCustomizerInlineStylePresets`
--
ALTER TABLE `StyleCustomizerInlineStylePresets`
  ADD PRIMARY KEY (`pssPresetID`),
  ADD KEY `issID` (`issID`);

--
-- Indexen voor tabel `StyleCustomizerInlineStyleSets`
--
ALTER TABLE `StyleCustomizerInlineStyleSets`
  ADD PRIMARY KEY (`issID`);

--
-- Indexen voor tabel `StyleCustomizerValueLists`
--
ALTER TABLE `StyleCustomizerValueLists`
  ADD PRIMARY KEY (`scvlID`);

--
-- Indexen voor tabel `StyleCustomizerValues`
--
ALTER TABLE `StyleCustomizerValues`
  ADD PRIMARY KEY (`scvID`),
  ADD KEY `scvlID` (`scvlID`);

--
-- Indexen voor tabel `SystemAntispamLibraries`
--
ALTER TABLE `SystemAntispamLibraries`
  ADD PRIMARY KEY (`saslHandle`),
  ADD KEY `pkgID` (`pkgID`);

--
-- Indexen voor tabel `SystemCaptchaLibraries`
--
ALTER TABLE `SystemCaptchaLibraries`
  ADD PRIMARY KEY (`sclHandle`),
  ADD KEY `pkgID` (`pkgID`);

--
-- Indexen voor tabel `SystemContentEditorSnippets`
--
ALTER TABLE `SystemContentEditorSnippets`
  ADD PRIMARY KEY (`scsHandle`),
  ADD KEY `pkgID` (`pkgID`);

--
-- Indexen voor tabel `SystemDatabaseMigrations`
--
ALTER TABLE `SystemDatabaseMigrations`
  ADD PRIMARY KEY (`version`);

--
-- Indexen voor tabel `SystemDatabaseQueryLog`
--
ALTER TABLE `SystemDatabaseQueryLog`
  ADD PRIMARY KEY (`ID`);

--
-- Indexen voor tabel `TopicTrees`
--
ALTER TABLE `TopicTrees`
  ADD PRIMARY KEY (`treeID`);

--
-- Indexen voor tabel `TreeCategoryNodes`
--
ALTER TABLE `TreeCategoryNodes`
  ADD PRIMARY KEY (`treeNodeID`);

--
-- Indexen voor tabel `TreeGroupNodes`
--
ALTER TABLE `TreeGroupNodes`
  ADD PRIMARY KEY (`treeNodeID`),
  ADD KEY `gID` (`gID`);

--
-- Indexen voor tabel `TreeNodePermissionAssignments`
--
ALTER TABLE `TreeNodePermissionAssignments`
  ADD PRIMARY KEY (`treeNodeID`,`pkID`,`paID`),
  ADD KEY `pkID` (`pkID`),
  ADD KEY `paID` (`paID`);

--
-- Indexen voor tabel `TreeNodes`
--
ALTER TABLE `TreeNodes`
  ADD PRIMARY KEY (`treeNodeID`),
  ADD KEY `treeNodeParentID` (`treeNodeParentID`),
  ADD KEY `treeNodeTypeID` (`treeNodeTypeID`),
  ADD KEY `treeID` (`treeID`),
  ADD KEY `inheritPermissionsFromTreeNodeID` (`inheritPermissionsFromTreeNodeID`,`treeNodeID`);

--
-- Indexen voor tabel `TreeNodeTypes`
--
ALTER TABLE `TreeNodeTypes`
  ADD PRIMARY KEY (`treeNodeTypeID`),
  ADD UNIQUE KEY `treeNodeTypeHandle` (`treeNodeTypeHandle`),
  ADD KEY `pkgID` (`pkgID`);

--
-- Indexen voor tabel `Trees`
--
ALTER TABLE `Trees`
  ADD PRIMARY KEY (`treeID`),
  ADD KEY `treeTypeID` (`treeTypeID`);

--
-- Indexen voor tabel `TreeTopicNodes`
--
ALTER TABLE `TreeTopicNodes`
  ADD PRIMARY KEY (`treeNodeID`);

--
-- Indexen voor tabel `TreeTypes`
--
ALTER TABLE `TreeTypes`
  ADD PRIMARY KEY (`treeTypeID`),
  ADD UNIQUE KEY `treeTypeHandle` (`treeTypeHandle`),
  ADD KEY `pkgID` (`pkgID`);

--
-- Indexen voor tabel `UserAttributeKeys`
--
ALTER TABLE `UserAttributeKeys`
  ADD PRIMARY KEY (`akID`);

--
-- Indexen voor tabel `UserAttributeValues`
--
ALTER TABLE `UserAttributeValues`
  ADD PRIMARY KEY (`uID`,`akID`),
  ADD KEY `akID` (`akID`),
  ADD KEY `avID` (`avID`);

--
-- Indexen voor tabel `UserBannedIPs`
--
ALTER TABLE `UserBannedIPs`
  ADD PRIMARY KEY (`id`),
  ADD UNIQUE KEY `ipFrom` (`ipFrom`(32),`ipTo`(32));

--
-- Indexen voor tabel `UserGroups`
--
ALTER TABLE `UserGroups`
  ADD PRIMARY KEY (`uID`,`gID`),
  ADD KEY `uID` (`uID`),
  ADD KEY `gID` (`gID`);

--
-- Indexen voor tabel `UserPermissionEditPropertyAccessList`
--
ALTER TABLE `UserPermissionEditPropertyAccessList`
  ADD PRIMARY KEY (`paID`,`peID`);

--
-- Indexen voor tabel `UserPermissionEditPropertyAttributeAccessListCustom`
--
ALTER TABLE `UserPermissionEditPropertyAttributeAccessListCustom`
  ADD PRIMARY KEY (`paID`,`peID`,`akID`),
  ADD KEY `peID` (`peID`),
  ADD KEY `akID` (`akID`);

--
-- Indexen voor tabel `UserPermissionViewAttributeAccessList`
--
ALTER TABLE `UserPermissionViewAttributeAccessList`
  ADD PRIMARY KEY (`paID`,`peID`),
  ADD KEY `peID` (`peID`);

--
-- Indexen voor tabel `UserPermissionViewAttributeAccessListCustom`
--
ALTER TABLE `UserPermissionViewAttributeAccessListCustom`
  ADD PRIMARY KEY (`paID`,`peID`,`akID`),
  ADD KEY `peID` (`peID`),
  ADD KEY `akID` (`akID`);

--
-- Indexen voor tabel `UserPointActions`
--
ALTER TABLE `UserPointActions`
  ADD PRIMARY KEY (`upaID`),
  ADD UNIQUE KEY `upaHandle` (`upaHandle`),
  ADD KEY `pkgID` (`pkgID`),
  ADD KEY `gBBadgeID` (`gBadgeID`);

--
-- Indexen voor tabel `UserPointHistory`
--
ALTER TABLE `UserPointHistory`
  ADD PRIMARY KEY (`upID`),
  ADD KEY `upuID` (`upuID`),
  ADD KEY `upaID` (`upaID`);

--
-- Indexen voor tabel `UserPrivateMessages`
--
ALTER TABLE `UserPrivateMessages`
  ADD PRIMARY KEY (`msgID`),
  ADD KEY `uAuthorID` (`uAuthorID`,`msgDateCreated`);

--
-- Indexen voor tabel `UserPrivateMessagesTo`
--
ALTER TABLE `UserPrivateMessagesTo`
  ADD PRIMARY KEY (`msgID`,`uID`,`uAuthorID`,`msgMailboxID`),
  ADD KEY `uID` (`uID`),
  ADD KEY `uAuthorID` (`uAuthorID`),
  ADD KEY `msgFolderID` (`msgMailboxID`),
  ADD KEY `msgIsNew` (`msgIsNew`);

--
-- Indexen voor tabel `Users`
--
ALTER TABLE `Users`
  ADD PRIMARY KEY (`uID`),
  ADD UNIQUE KEY `uName` (`uName`),
  ADD KEY `uEmail` (`uEmail`);

--
-- Indexen voor tabel `UserSearchIndexAttributes`
--
ALTER TABLE `UserSearchIndexAttributes`
  ADD PRIMARY KEY (`uID`);

--
-- Indexen voor tabel `UserValidationHashes`
--
ALTER TABLE `UserValidationHashes`
  ADD PRIMARY KEY (`uvhID`),
  ADD KEY `uID` (`uID`,`type`),
  ADD KEY `uHash` (`uHash`,`type`),
  ADD KEY `uDateGenerated` (`uDateGenerated`,`type`);

--
-- Indexen voor tabel `WorkflowProgress`
--
ALTER TABLE `WorkflowProgress`
  ADD PRIMARY KEY (`wpID`),
  ADD KEY `wpCategoryID` (`wpCategoryID`),
  ADD KEY `wfID` (`wfID`),
  ADD KEY `wrID` (`wrID`,`wpID`,`wpIsCompleted`);

--
-- Indexen voor tabel `WorkflowProgressCategories`
--
ALTER TABLE `WorkflowProgressCategories`
  ADD PRIMARY KEY (`wpCategoryID`),
  ADD UNIQUE KEY `wpCategoryHandle` (`wpCategoryHandle`),
  ADD KEY `pkgID` (`pkgID`);

--
-- Indexen voor tabel `WorkflowProgressHistory`
--
ALTER TABLE `WorkflowProgressHistory`
  ADD PRIMARY KEY (`wphID`),
  ADD KEY `wpID` (`wpID`,`timestamp`);

--
-- Indexen voor tabel `WorkflowRequestObjects`
--
ALTER TABLE `WorkflowRequestObjects`
  ADD PRIMARY KEY (`wrID`);

--
-- Indexen voor tabel `Workflows`
--
ALTER TABLE `Workflows`
  ADD PRIMARY KEY (`wfID`),
  ADD UNIQUE KEY `wfName` (`wfName`),
  ADD KEY `wftID` (`wftID`,`wfID`);

--
-- Indexen voor tabel `WorkflowTypes`
--
ALTER TABLE `WorkflowTypes`
  ADD PRIMARY KEY (`wftID`),
  ADD UNIQUE KEY `wftHandle` (`wftHandle`),
  ADD KEY `pkgID` (`pkgID`);

--
-- AUTO_INCREMENT voor geëxporteerde tabellen
--

--
-- AUTO_INCREMENT voor een tabel `AreaLayoutColumns`
--
ALTER TABLE `AreaLayoutColumns`
  MODIFY `arLayoutColumnID` int(10) UNSIGNED NOT NULL AUTO_INCREMENT, AUTO_INCREMENT=42;
--
-- AUTO_INCREMENT voor een tabel `AreaLayoutCustomColumns`
--
ALTER TABLE `AreaLayoutCustomColumns`
  MODIFY `arLayoutColumnID` int(10) UNSIGNED NOT NULL AUTO_INCREMENT;
--
-- AUTO_INCREMENT voor een tabel `AreaLayoutPresets`
--
ALTER TABLE `AreaLayoutPresets`
  MODIFY `arLayoutPresetID` int(10) UNSIGNED NOT NULL AUTO_INCREMENT;
--
-- AUTO_INCREMENT voor een tabel `AreaLayouts`
--
ALTER TABLE `AreaLayouts`
  MODIFY `arLayoutID` int(10) UNSIGNED NOT NULL AUTO_INCREMENT, AUTO_INCREMENT=18;
--
-- AUTO_INCREMENT voor een tabel `AreaLayoutThemeGridColumns`
--
ALTER TABLE `AreaLayoutThemeGridColumns`
  MODIFY `arLayoutColumnID` int(10) UNSIGNED NOT NULL AUTO_INCREMENT, AUTO_INCREMENT=42;
--
-- AUTO_INCREMENT voor een tabel `Areas`
--
ALTER TABLE `Areas`
  MODIFY `arID` int(10) UNSIGNED NOT NULL AUTO_INCREMENT, AUTO_INCREMENT=484;
--
-- AUTO_INCREMENT voor een tabel `atAddressCustomCountries`
--
ALTER TABLE `atAddressCustomCountries`
  MODIFY `atAddressCustomCountryID` int(10) UNSIGNED NOT NULL AUTO_INCREMENT;
--
-- AUTO_INCREMENT voor een tabel `atSelectOptions`
--
ALTER TABLE `atSelectOptions`
  MODIFY `ID` int(10) UNSIGNED NOT NULL AUTO_INCREMENT, AUTO_INCREMENT=23;
--
-- AUTO_INCREMENT voor een tabel `atSocialLinks`
--
ALTER TABLE `atSocialLinks`
  MODIFY `avsID` int(10) UNSIGNED NOT NULL AUTO_INCREMENT;
--
-- AUTO_INCREMENT voor een tabel `AttributeKeyCategories`
--
ALTER TABLE `AttributeKeyCategories`
  MODIFY `akCategoryID` int(10) UNSIGNED NOT NULL AUTO_INCREMENT, AUTO_INCREMENT=4;
--
-- AUTO_INCREMENT voor een tabel `AttributeKeys`
--
ALTER TABLE `AttributeKeys`
  MODIFY `akID` int(10) UNSIGNED NOT NULL AUTO_INCREMENT, AUTO_INCREMENT=30;
--
-- AUTO_INCREMENT voor een tabel `AttributeSets`
--
ALTER TABLE `AttributeSets`
  MODIFY `asID` int(10) UNSIGNED NOT NULL AUTO_INCREMENT, AUTO_INCREMENT=6;
--
-- AUTO_INCREMENT voor een tabel `AttributeTypes`
--
ALTER TABLE `AttributeTypes`
  MODIFY `atID` int(10) UNSIGNED NOT NULL AUTO_INCREMENT, AUTO_INCREMENT=12;
--
-- AUTO_INCREMENT voor een tabel `AttributeValues`
--
ALTER TABLE `AttributeValues`
  MODIFY `avID` int(10) UNSIGNED NOT NULL AUTO_INCREMENT, AUTO_INCREMENT=424;
--
-- AUTO_INCREMENT voor een tabel `AuthenticationTypes`
--
ALTER TABLE `AuthenticationTypes`
  MODIFY `authTypeID` int(10) UNSIGNED NOT NULL AUTO_INCREMENT, AUTO_INCREMENT=6;
--
-- AUTO_INCREMENT voor een tabel `authTypeConcreteCookieMap`
--
ALTER TABLE `authTypeConcreteCookieMap`
  MODIFY `ID` int(10) UNSIGNED NOT NULL AUTO_INCREMENT, AUTO_INCREMENT=3;
--
-- AUTO_INCREMENT voor een tabel `BannedWords`
--
ALTER TABLE `BannedWords`
  MODIFY `bwID` int(10) UNSIGNED NOT NULL AUTO_INCREMENT, AUTO_INCREMENT=5;
--
-- AUTO_INCREMENT voor een tabel `BlockRelations`
--
ALTER TABLE `BlockRelations`
  MODIFY `brID` int(10) UNSIGNED NOT NULL AUTO_INCREMENT, AUTO_INCREMENT=73;
--
-- AUTO_INCREMENT voor een tabel `Blocks`
--
ALTER TABLE `Blocks`
  MODIFY `bID` int(10) UNSIGNED NOT NULL AUTO_INCREMENT, AUTO_INCREMENT=330;
--
-- AUTO_INCREMENT voor een tabel `BlockTypes`
--
ALTER TABLE `BlockTypes`
  MODIFY `btID` int(10) UNSIGNED NOT NULL AUTO_INCREMENT, AUTO_INCREMENT=39;
--
-- AUTO_INCREMENT voor een tabel `BlockTypeSets`
--
ALTER TABLE `BlockTypeSets`
  MODIFY `btsID` int(10) UNSIGNED NOT NULL AUTO_INCREMENT, AUTO_INCREMENT=6;
--
-- AUTO_INCREMENT voor een tabel `btFaqEntries`
--
ALTER TABLE `btFaqEntries`
  MODIFY `id` int(10) UNSIGNED NOT NULL AUTO_INCREMENT, AUTO_INCREMENT=6;
--
-- AUTO_INCREMENT voor een tabel `btFormAnswers`
--
ALTER TABLE `btFormAnswers`
  MODIFY `aID` int(10) UNSIGNED NOT NULL AUTO_INCREMENT;
--
-- AUTO_INCREMENT voor een tabel `btFormAnswerSet`
--
ALTER TABLE `btFormAnswerSet`
  MODIFY `asID` int(10) UNSIGNED NOT NULL AUTO_INCREMENT;
--
-- AUTO_INCREMENT voor een tabel `btFormQuestions`
--
ALTER TABLE `btFormQuestions`
  MODIFY `qID` int(10) UNSIGNED NOT NULL AUTO_INCREMENT, AUTO_INCREMENT=43;
--
-- AUTO_INCREMENT voor een tabel `btImageSliderEntries`
--
ALTER TABLE `btImageSliderEntries`
  MODIFY `id` int(10) UNSIGNED NOT NULL AUTO_INCREMENT, AUTO_INCREMENT=21;
--
-- AUTO_INCREMENT voor een tabel `btShareThisPage`
--
ALTER TABLE `btShareThisPage`
  MODIFY `btShareThisPageID` int(10) UNSIGNED NOT NULL AUTO_INCREMENT, AUTO_INCREMENT=5;
--
-- AUTO_INCREMENT voor een tabel `btSocialLinks`
--
ALTER TABLE `btSocialLinks`
  MODIFY `btSocialLinkID` int(10) UNSIGNED NOT NULL AUTO_INCREMENT, AUTO_INCREMENT=4;
--
-- AUTO_INCREMENT voor een tabel `btSurveyOptions`
--
ALTER TABLE `btSurveyOptions`
  MODIFY `optionID` int(10) UNSIGNED NOT NULL AUTO_INCREMENT;
--
-- AUTO_INCREMENT voor een tabel `btSurveyResults`
--
ALTER TABLE `btSurveyResults`
  MODIFY `resultID` int(10) UNSIGNED NOT NULL AUTO_INCREMENT;
--
-- AUTO_INCREMENT voor een tabel `Collections`
--
ALTER TABLE `Collections`
  MODIFY `cID` int(10) UNSIGNED NOT NULL AUTO_INCREMENT, AUTO_INCREMENT=251;
--
-- AUTO_INCREMENT voor een tabel `ConversationDiscussions`
--
ALTER TABLE `ConversationDiscussions`
  MODIFY `cnvDiscussionID` int(10) UNSIGNED NOT NULL AUTO_INCREMENT;
--
-- AUTO_INCREMENT voor een tabel `ConversationEditors`
--
ALTER TABLE `ConversationEditors`
  MODIFY `cnvEditorID` int(10) UNSIGNED NOT NULL AUTO_INCREMENT, AUTO_INCREMENT=4;
--
-- AUTO_INCREMENT voor een tabel `ConversationFlaggedMessageTypes`
--
ALTER TABLE `ConversationFlaggedMessageTypes`
  MODIFY `cnvMessageFlagTypeID` int(10) UNSIGNED NOT NULL AUTO_INCREMENT, AUTO_INCREMENT=2;
--
-- AUTO_INCREMENT voor een tabel `ConversationMessageAttachments`
--
ALTER TABLE `ConversationMessageAttachments`
  MODIFY `cnvMessageAttachmentID` int(10) UNSIGNED NOT NULL AUTO_INCREMENT;
--
-- AUTO_INCREMENT voor een tabel `ConversationMessageRatings`
--
ALTER TABLE `ConversationMessageRatings`
  MODIFY `cnvMessageRatingID` int(10) UNSIGNED NOT NULL AUTO_INCREMENT;
--
-- AUTO_INCREMENT voor een tabel `ConversationMessages`
--
ALTER TABLE `ConversationMessages`
  MODIFY `cnvMessageID` int(10) UNSIGNED NOT NULL AUTO_INCREMENT;
--
-- AUTO_INCREMENT voor een tabel `ConversationRatingTypes`
--
ALTER TABLE `ConversationRatingTypes`
  MODIFY `cnvRatingTypeID` int(10) UNSIGNED NOT NULL AUTO_INCREMENT, AUTO_INCREMENT=3;
--
-- AUTO_INCREMENT voor een tabel `Conversations`
--
ALTER TABLE `Conversations`
  MODIFY `cnvID` int(10) UNSIGNED NOT NULL AUTO_INCREMENT, AUTO_INCREMENT=5;
--
-- AUTO_INCREMENT voor een tabel `DownloadStatistics`
--
ALTER TABLE `DownloadStatistics`
  MODIFY `dsID` int(10) UNSIGNED NOT NULL AUTO_INCREMENT, AUTO_INCREMENT=2;
--
-- AUTO_INCREMENT voor een tabel `FeatureAssignments`
--
ALTER TABLE `FeatureAssignments`
  MODIFY `faID` int(10) UNSIGNED NOT NULL AUTO_INCREMENT, AUTO_INCREMENT=66;
--
-- AUTO_INCREMENT voor een tabel `FeatureCategories`
--
ALTER TABLE `FeatureCategories`
  MODIFY `fcID` int(10) UNSIGNED NOT NULL AUTO_INCREMENT, AUTO_INCREMENT=3;
--
-- AUTO_INCREMENT voor een tabel `Features`
--
ALTER TABLE `Features`
  MODIFY `feID` int(10) UNSIGNED NOT NULL AUTO_INCREMENT, AUTO_INCREMENT=9;
--
-- AUTO_INCREMENT voor een tabel `FileImageThumbnailTypes`
--
ALTER TABLE `FileImageThumbnailTypes`
  MODIFY `ftTypeID` int(10) UNSIGNED NOT NULL AUTO_INCREMENT, AUTO_INCREMENT=6;
--
-- AUTO_INCREMENT voor een tabel `Files`
--
ALTER TABLE `Files`
  MODIFY `fID` int(10) UNSIGNED NOT NULL AUTO_INCREMENT, AUTO_INCREMENT=51;
--
-- AUTO_INCREMENT voor een tabel `FileSetFiles`
--
ALTER TABLE `FileSetFiles`
  MODIFY `fsfID` int(10) UNSIGNED NOT NULL AUTO_INCREMENT;
--
-- AUTO_INCREMENT voor een tabel `FileSets`
--
ALTER TABLE `FileSets`
  MODIFY `fsID` int(10) UNSIGNED NOT NULL AUTO_INCREMENT;
--
-- AUTO_INCREMENT voor een tabel `FileStorageLocations`
--
ALTER TABLE `FileStorageLocations`
  MODIFY `fslID` int(10) UNSIGNED NOT NULL AUTO_INCREMENT, AUTO_INCREMENT=2;
--
-- AUTO_INCREMENT voor een tabel `FileStorageLocationTypes`
--
ALTER TABLE `FileStorageLocationTypes`
  MODIFY `fslTypeID` int(10) UNSIGNED NOT NULL AUTO_INCREMENT, AUTO_INCREMENT=3;
--
-- AUTO_INCREMENT voor een tabel `FileVersionLog`
--
ALTER TABLE `FileVersionLog`
  MODIFY `fvlID` int(10) UNSIGNED NOT NULL AUTO_INCREMENT, AUTO_INCREMENT=97;
--
-- AUTO_INCREMENT voor een tabel `GatheringConfiguredDataSources`
--
ALTER TABLE `GatheringConfiguredDataSources`
  MODIFY `gcsID` int(10) UNSIGNED NOT NULL AUTO_INCREMENT;
--
-- AUTO_INCREMENT voor een tabel `GatheringDataSources`
--
ALTER TABLE `GatheringDataSources`
  MODIFY `gasID` int(10) UNSIGNED NOT NULL AUTO_INCREMENT, AUTO_INCREMENT=5;
--
-- AUTO_INCREMENT voor een tabel `GatheringItemFeatureAssignments`
--
ALTER TABLE `GatheringItemFeatureAssignments`
  MODIFY `gafaID` int(10) UNSIGNED NOT NULL AUTO_INCREMENT;
--
-- AUTO_INCREMENT voor een tabel `GatheringItems`
--
ALTER TABLE `GatheringItems`
  MODIFY `gaiID` int(10) UNSIGNED NOT NULL AUTO_INCREMENT;
--
-- AUTO_INCREMENT voor een tabel `GatheringItemTemplateFeatures`
--
ALTER TABLE `GatheringItemTemplateFeatures`
  MODIFY `gfeID` int(10) UNSIGNED NOT NULL AUTO_INCREMENT, AUTO_INCREMENT=67;
--
-- AUTO_INCREMENT voor een tabel `GatheringItemTemplates`
--
ALTER TABLE `GatheringItemTemplates`
  MODIFY `gatID` int(10) UNSIGNED NOT NULL AUTO_INCREMENT, AUTO_INCREMENT=23;
--
-- AUTO_INCREMENT voor een tabel `GatheringItemTemplateTypes`
--
ALTER TABLE `GatheringItemTemplateTypes`
  MODIFY `gatTypeID` int(10) UNSIGNED NOT NULL AUTO_INCREMENT, AUTO_INCREMENT=3;
--
-- AUTO_INCREMENT voor een tabel `Gatherings`
--
ALTER TABLE `Gatherings`
  MODIFY `gaID` int(10) UNSIGNED NOT NULL AUTO_INCREMENT;
--
-- AUTO_INCREMENT voor een tabel `Groups`
--
ALTER TABLE `Groups`
  MODIFY `gID` int(10) UNSIGNED NOT NULL AUTO_INCREMENT, AUTO_INCREMENT=4;
--
-- AUTO_INCREMENT voor een tabel `GroupSets`
--
ALTER TABLE `GroupSets`
  MODIFY `gsID` int(10) UNSIGNED NOT NULL AUTO_INCREMENT;
--
-- AUTO_INCREMENT voor een tabel `Jobs`
--
ALTER TABLE `Jobs`
  MODIFY `jID` int(10) UNSIGNED NOT NULL AUTO_INCREMENT, AUTO_INCREMENT=8;
--
-- AUTO_INCREMENT voor een tabel `JobSets`
--
ALTER TABLE `JobSets`
  MODIFY `jsID` int(10) UNSIGNED NOT NULL AUTO_INCREMENT, AUTO_INCREMENT=2;
--
-- AUTO_INCREMENT voor een tabel `JobsLog`
--
ALTER TABLE `JobsLog`
  MODIFY `jlID` int(10) UNSIGNED NOT NULL AUTO_INCREMENT;
--
-- AUTO_INCREMENT voor een tabel `Logs`
--
ALTER TABLE `Logs`
  MODIFY `logID` int(10) UNSIGNED NOT NULL AUTO_INCREMENT, AUTO_INCREMENT=94;
--
-- AUTO_INCREMENT voor een tabel `MailImporters`
--
ALTER TABLE `MailImporters`
  MODIFY `miID` int(10) UNSIGNED NOT NULL AUTO_INCREMENT, AUTO_INCREMENT=2;
--
-- AUTO_INCREMENT voor een tabel `MailValidationHashes`
--
ALTER TABLE `MailValidationHashes`
  MODIFY `mvhID` int(10) UNSIGNED NOT NULL AUTO_INCREMENT;
--
-- AUTO_INCREMENT voor een tabel `MultilingualTranslations`
--
ALTER TABLE `MultilingualTranslations`
  MODIFY `mtID` int(10) UNSIGNED NOT NULL AUTO_INCREMENT;
--
-- AUTO_INCREMENT voor een tabel `Packages`
--
ALTER TABLE `Packages`
  MODIFY `pkgID` int(10) UNSIGNED NOT NULL AUTO_INCREMENT, AUTO_INCREMENT=2;
--
-- AUTO_INCREMENT voor een tabel `PageFeeds`
--
ALTER TABLE `PageFeeds`
  MODIFY `pfID` int(10) UNSIGNED NOT NULL AUTO_INCREMENT, AUTO_INCREMENT=2;
--
-- AUTO_INCREMENT voor een tabel `PagePaths`
--
ALTER TABLE `PagePaths`
  MODIFY `ppID` int(10) UNSIGNED NOT NULL AUTO_INCREMENT, AUTO_INCREMENT=219;
--
-- AUTO_INCREMENT voor een tabel `PageTemplates`
--
ALTER TABLE `PageTemplates`
  MODIFY `pTemplateID` int(10) UNSIGNED NOT NULL AUTO_INCREMENT, AUTO_INCREMENT=13;
--
-- AUTO_INCREMENT voor een tabel `PageThemes`
--
ALTER TABLE `PageThemes`
  MODIFY `pThemeID` int(10) UNSIGNED NOT NULL AUTO_INCREMENT, AUTO_INCREMENT=3;
--
-- AUTO_INCREMENT voor een tabel `PageTypeComposerControlTypes`
--
ALTER TABLE `PageTypeComposerControlTypes`
  MODIFY `ptComposerControlTypeID` int(10) UNSIGNED NOT NULL AUTO_INCREMENT, AUTO_INCREMENT=4;
--
-- AUTO_INCREMENT voor een tabel `PageTypeComposerFormLayoutSetControls`
--
ALTER TABLE `PageTypeComposerFormLayoutSetControls`
  MODIFY `ptComposerFormLayoutSetControlID` int(10) UNSIGNED NOT NULL AUTO_INCREMENT, AUTO_INCREMENT=6;
--
-- AUTO_INCREMENT voor een tabel `PageTypeComposerFormLayoutSets`
--
ALTER TABLE `PageTypeComposerFormLayoutSets`
  MODIFY `ptComposerFormLayoutSetID` int(10) UNSIGNED NOT NULL AUTO_INCREMENT, AUTO_INCREMENT=2;
--
-- AUTO_INCREMENT voor een tabel `PageTypeComposerOutputBlocks`
--
ALTER TABLE `PageTypeComposerOutputBlocks`
  MODIFY `ptComposerOutputBlockID` int(10) UNSIGNED NOT NULL AUTO_INCREMENT;
--
-- AUTO_INCREMENT voor een tabel `PageTypeComposerOutputControls`
--
ALTER TABLE `PageTypeComposerOutputControls`
  MODIFY `ptComposerOutputControlID` int(10) UNSIGNED NOT NULL AUTO_INCREMENT;
--
-- AUTO_INCREMENT voor een tabel `PageTypePublishTargetTypes`
--
ALTER TABLE `PageTypePublishTargetTypes`
  MODIFY `ptPublishTargetTypeID` int(10) UNSIGNED NOT NULL AUTO_INCREMENT, AUTO_INCREMENT=4;
--
-- AUTO_INCREMENT voor een tabel `PageTypes`
--
ALTER TABLE `PageTypes`
  MODIFY `ptID` int(10) UNSIGNED NOT NULL AUTO_INCREMENT, AUTO_INCREMENT=7;
--
-- AUTO_INCREMENT voor een tabel `PermissionAccess`
--
ALTER TABLE `PermissionAccess`
  MODIFY `paID` int(10) UNSIGNED NOT NULL AUTO_INCREMENT, AUTO_INCREMENT=103;
--
-- AUTO_INCREMENT voor een tabel `PermissionAccessEntities`
--
ALTER TABLE `PermissionAccessEntities`
  MODIFY `peID` int(10) UNSIGNED NOT NULL AUTO_INCREMENT, AUTO_INCREMENT=7;
--
-- AUTO_INCREMENT voor een tabel `PermissionAccessEntityGroups`
--
ALTER TABLE `PermissionAccessEntityGroups`
  MODIFY `pegID` int(10) UNSIGNED NOT NULL AUTO_INCREMENT, AUTO_INCREMENT=4;
--
-- AUTO_INCREMENT voor een tabel `PermissionAccessEntityTypes`
--
ALTER TABLE `PermissionAccessEntityTypes`
  MODIFY `petID` int(10) UNSIGNED NOT NULL AUTO_INCREMENT, AUTO_INCREMENT=8;
--
-- AUTO_INCREMENT voor een tabel `PermissionDurationObjects`
--
ALTER TABLE `PermissionDurationObjects`
  MODIFY `pdID` int(10) UNSIGNED NOT NULL AUTO_INCREMENT;
--
-- AUTO_INCREMENT voor een tabel `PermissionKeyCategories`
--
ALTER TABLE `PermissionKeyCategories`
  MODIFY `pkCategoryID` int(10) UNSIGNED NOT NULL AUTO_INCREMENT, AUTO_INCREMENT=22;
--
-- AUTO_INCREMENT voor een tabel `PermissionKeys`
--
ALTER TABLE `PermissionKeys`
  MODIFY `pkID` int(10) UNSIGNED NOT NULL AUTO_INCREMENT, AUTO_INCREMENT=104;
--
-- AUTO_INCREMENT voor een tabel `PileContents`
--
ALTER TABLE `PileContents`
  MODIFY `pcID` int(10) UNSIGNED NOT NULL AUTO_INCREMENT, AUTO_INCREMENT=2;
--
-- AUTO_INCREMENT voor een tabel `Piles`
--
ALTER TABLE `Piles`
  MODIFY `pID` int(10) UNSIGNED NOT NULL AUTO_INCREMENT, AUTO_INCREMENT=2;
--
-- AUTO_INCREMENT voor een tabel `QueueMessages`
--
ALTER TABLE `QueueMessages`
  MODIFY `message_id` int(10) UNSIGNED NOT NULL AUTO_INCREMENT;
--
-- AUTO_INCREMENT voor een tabel `Queues`
--
ALTER TABLE `Queues`
  MODIFY `queue_id` int(10) UNSIGNED NOT NULL AUTO_INCREMENT;
--
-- AUTO_INCREMENT voor een tabel `SignupRequests`
--
ALTER TABLE `SignupRequests`
  MODIFY `id` int(11) NOT NULL AUTO_INCREMENT;
--
-- AUTO_INCREMENT voor een tabel `SocialLinks`
--
ALTER TABLE `SocialLinks`
  MODIFY `slID` int(10) UNSIGNED NOT NULL AUTO_INCREMENT, AUTO_INCREMENT=4;
--
-- AUTO_INCREMENT voor een tabel `Stacks`
--
ALTER TABLE `Stacks`
  MODIFY `stID` int(10) UNSIGNED NOT NULL AUTO_INCREMENT, AUTO_INCREMENT=12;
--
-- AUTO_INCREMENT voor een tabel `StyleCustomizerCustomCssRecords`
--
ALTER TABLE `StyleCustomizerCustomCssRecords`
  MODIFY `sccRecordID` int(10) UNSIGNED NOT NULL AUTO_INCREMENT;
--
-- AUTO_INCREMENT voor een tabel `StyleCustomizerInlineStylePresets`
--
ALTER TABLE `StyleCustomizerInlineStylePresets`
  MODIFY `pssPresetID` int(10) UNSIGNED NOT NULL AUTO_INCREMENT;
--
-- AUTO_INCREMENT voor een tabel `StyleCustomizerInlineStyleSets`
--
ALTER TABLE `StyleCustomizerInlineStyleSets`
  MODIFY `issID` int(10) UNSIGNED NOT NULL AUTO_INCREMENT, AUTO_INCREMENT=28;
--
-- AUTO_INCREMENT voor een tabel `StyleCustomizerValueLists`
--
ALTER TABLE `StyleCustomizerValueLists`
  MODIFY `scvlID` int(10) UNSIGNED NOT NULL AUTO_INCREMENT;
--
-- AUTO_INCREMENT voor een tabel `StyleCustomizerValues`
--
ALTER TABLE `StyleCustomizerValues`
  MODIFY `scvID` int(10) UNSIGNED NOT NULL AUTO_INCREMENT;
--
-- AUTO_INCREMENT voor een tabel `SystemDatabaseQueryLog`
--
ALTER TABLE `SystemDatabaseQueryLog`
  MODIFY `ID` int(10) UNSIGNED NOT NULL AUTO_INCREMENT;
--
-- AUTO_INCREMENT voor een tabel `TreeCategoryNodes`
--
ALTER TABLE `TreeCategoryNodes`
  MODIFY `treeNodeID` int(10) UNSIGNED NOT NULL AUTO_INCREMENT, AUTO_INCREMENT=15;
--
-- AUTO_INCREMENT voor een tabel `TreeGroupNodes`
--
ALTER TABLE `TreeGroupNodes`
  MODIFY `treeNodeID` int(10) UNSIGNED NOT NULL AUTO_INCREMENT, AUTO_INCREMENT=5;
--
-- AUTO_INCREMENT voor een tabel `TreeNodes`
--
ALTER TABLE `TreeNodes`
  MODIFY `treeNodeID` int(10) UNSIGNED NOT NULL AUTO_INCREMENT, AUTO_INCREMENT=19;
--
-- AUTO_INCREMENT voor een tabel `TreeNodeTypes`
--
ALTER TABLE `TreeNodeTypes`
  MODIFY `treeNodeTypeID` int(10) UNSIGNED NOT NULL AUTO_INCREMENT, AUTO_INCREMENT=4;
--
-- AUTO_INCREMENT voor een tabel `Trees`
--
ALTER TABLE `Trees`
  MODIFY `treeID` int(10) UNSIGNED NOT NULL AUTO_INCREMENT, AUTO_INCREMENT=4;
--
-- AUTO_INCREMENT voor een tabel `TreeTopicNodes`
--
ALTER TABLE `TreeTopicNodes`
  MODIFY `treeNodeID` int(10) UNSIGNED NOT NULL AUTO_INCREMENT, AUTO_INCREMENT=19;
--
-- AUTO_INCREMENT voor een tabel `TreeTypes`
--
ALTER TABLE `TreeTypes`
  MODIFY `treeTypeID` int(10) UNSIGNED NOT NULL AUTO_INCREMENT, AUTO_INCREMENT=3;
--
-- AUTO_INCREMENT voor een tabel `UserBannedIPs`
--
ALTER TABLE `UserBannedIPs`
  MODIFY `id` int(10) UNSIGNED NOT NULL AUTO_INCREMENT;
--
-- AUTO_INCREMENT voor een tabel `UserPointActions`
--
ALTER TABLE `UserPointActions`
  MODIFY `upaID` int(11) NOT NULL AUTO_INCREMENT, AUTO_INCREMENT=2;
--
-- AUTO_INCREMENT voor een tabel `UserPointHistory`
--
ALTER TABLE `UserPointHistory`
  MODIFY `upID` int(11) NOT NULL AUTO_INCREMENT;
--
-- AUTO_INCREMENT voor een tabel `UserPrivateMessages`
--
ALTER TABLE `UserPrivateMessages`
  MODIFY `msgID` int(10) UNSIGNED NOT NULL AUTO_INCREMENT;
--
-- AUTO_INCREMENT voor een tabel `Users`
--
ALTER TABLE `Users`
  MODIFY `uID` int(10) UNSIGNED NOT NULL AUTO_INCREMENT, AUTO_INCREMENT=2;
--
-- AUTO_INCREMENT voor een tabel `UserValidationHashes`
--
ALTER TABLE `UserValidationHashes`
  MODIFY `uvhID` int(10) UNSIGNED NOT NULL AUTO_INCREMENT;
--
-- AUTO_INCREMENT voor een tabel `WorkflowProgress`
--
ALTER TABLE `WorkflowProgress`
  MODIFY `wpID` int(10) UNSIGNED NOT NULL AUTO_INCREMENT, AUTO_INCREMENT=49;
--
-- AUTO_INCREMENT voor een tabel `WorkflowProgressCategories`
--
ALTER TABLE `WorkflowProgressCategories`
  MODIFY `wpCategoryID` int(10) UNSIGNED NOT NULL AUTO_INCREMENT, AUTO_INCREMENT=4;
--
-- AUTO_INCREMENT voor een tabel `WorkflowProgressHistory`
--
ALTER TABLE `WorkflowProgressHistory`
  MODIFY `wphID` int(10) UNSIGNED NOT NULL AUTO_INCREMENT, AUTO_INCREMENT=253;
--
-- AUTO_INCREMENT voor een tabel `WorkflowRequestObjects`
--
ALTER TABLE `WorkflowRequestObjects`
  MODIFY `wrID` int(10) UNSIGNED NOT NULL AUTO_INCREMENT, AUTO_INCREMENT=49;
--
-- AUTO_INCREMENT voor een tabel `Workflows`
--
ALTER TABLE `Workflows`
  MODIFY `wfID` int(10) UNSIGNED NOT NULL AUTO_INCREMENT;
--
-- AUTO_INCREMENT voor een tabel `WorkflowTypes`
--
ALTER TABLE `WorkflowTypes`
  MODIFY `wftID` int(10) UNSIGNED NOT NULL AUTO_INCREMENT, AUTO_INCREMENT=2;
--
-- Beperkingen voor geëxporteerde tabellen
--

--
-- Beperkingen voor tabel `QueueMessages`
--
ALTER TABLE `QueueMessages`
  ADD CONSTRAINT `queuemessages_ibfk_1` FOREIGN KEY (`queue_id`) REFERENCES `Queues` (`queue_id`) ON DELETE CASCADE ON UPDATE CASCADE;

/*!40101 SET CHARACTER_SET_CLIENT=@OLD_CHARACTER_SET_CLIENT */;
/*!40101 SET CHARACTER_SET_RESULTS=@OLD_CHARACTER_SET_RESULTS */;
/*!40101 SET COLLATION_CONNECTION=@OLD_COLLATION_CONNECTION */;
